INFO 2025-05-26 15:37:48,513 views 8840 4516 Statistics viewed by user alexander
INFO 2025-05-26 15:39:03,690 views 8840 7080 Order created: 2 by user pavel
INFO 2025-05-26 15:39:03,713 views 8840 7080 Order 2 completed with total price: 2460.00
INFO 2025-05-26 15:40:03,952 views 8840 4620 Statistics viewed by user alexander
INFO 2025-05-26 15:51:07,743 views 2060 6360 Statistics viewed by user alexander
INFO 2025-05-26 15:53:26,378 views 2060 6196 Statistics viewed by user alexander
INFO 2025-05-26 15:53:31,684 views 2060 5436 Statistics viewed by user alexander
INFO 2025-05-26 15:53:38,776 views 2060 5500 Statistics viewed by user alexander
INFO 2025-05-26 15:54:43,228 views 2060 8120 Pizza created: 11 by user alexander
INFO 2025-05-26 15:54:49,828 views 2060 8016 Statistics viewed by user alexander
INFO 2025-05-26 16:02:11,240 views 4412 11228 Order created: 3 by user nikita
INFO 2025-05-26 16:02:11,252 views 4412 11228 Order 3 completed with total price: 1.20
INFO 2025-05-26 16:03:23,221 views 4412 10436 Order created: 4 by user nikita
INFO 2025-05-26 16:03:23,230 views 4412 10436 Order 4 completed with total price: 392.00
INFO 2025-05-26 16:03:35,330 views 4412 756 Statistics viewed by user alexander
INFO 2025-05-26 16:15:21,640 autoreload Watching for file changes with StatReloader
INFO 2025-05-26 16:15:26,200 basehttp "GET /order/new/ HTTP/1.1" 200 36127
WARNING 2025-05-26 16:15:26,217 basehttp "GET /static/js/main.js HTTP/1.1" 404 1844
WARNING 2025-05-26 16:15:26,217 basehttp "GET /static/css/style.css HTTP/1.1" 404 1853
WARNING 2025-05-26 16:15:26,219 basehttp "GET /static/js/form-validation.js HTTP/1.1" 404 1877
INFO 2025-05-26 16:15:27,308 views Statistics viewed by user alexander
INFO 2025-05-26 16:15:27,594 basehttp "GET /statistics/ HTTP/1.1" 200 111099
WARNING 2025-05-26 16:15:27,617 basehttp "GET /static/js/main.js HTTP/1.1" 404 1844
WARNING 2025-05-26 16:15:27,617 basehttp "GET /static/js/form-validation.js HTTP/1.1" 404 1877
WARNING 2025-05-26 16:15:27,617 basehttp "GET /static/css/style.css HTTP/1.1" 404 1853
INFO 2025-05-26 16:15:35,990 views Statistics viewed by user alexander
INFO 2025-05-26 16:15:36,347 basehttp "GET /statistics/?search=&sort=sales&direction=desc HTTP/1.1" 200 111099
WARNING 2025-05-26 16:15:36,370 basehttp "GET /static/css/style.css HTTP/1.1" 404 1853
WARNING 2025-05-26 16:15:36,373 basehttp "GET /static/js/main.js HTTP/1.1" 404 1844
WARNING 2025-05-26 16:15:36,382 basehttp "GET /static/js/form-validation.js HTTP/1.1" 404 1877
INFO 2025-05-26 16:15:43,547 basehttp "GET /order/new/ HTTP/1.1" 200 36101
WARNING 2025-05-26 16:15:43,595 basehttp "GET /static/css/style.css HTTP/1.1" 404 1853
WARNING 2025-05-26 16:15:43,600 basehttp "GET /static/js/main.js HTTP/1.1" 404 1844
WARNING 2025-05-26 16:15:43,604 basehttp "GET /static/js/form-validation.js HTTP/1.1" 404 1877
INFO 2025-05-26 16:16:03,562 views Starting order creation for user alexander
INFO 2025-05-26 16:16:03,567 views Order created: 5 by user alexander
INFO 2025-05-26 16:16:04,224 basehttp "POST /order/new/ HTTP/1.1" 200 36335
WARNING 2025-05-26 16:16:04,265 basehttp "GET /static/css/style.css HTTP/1.1" 404 1853
WARNING 2025-05-26 16:16:04,275 basehttp "GET /static/js/main.js HTTP/1.1" 404 1844
WARNING 2025-05-26 16:16:04,279 basehttp "GET /static/js/form-validation.js HTTP/1.1" 404 1877
INFO 2025-05-26 16:16:16,010 views Starting order creation for user alexander
INFO 2025-05-26 16:16:16,015 views Order created: 6 by user alexander
INFO 2025-05-26 16:16:16,026 views Order 6 completed with total price: 2268.00
INFO 2025-05-26 16:16:16,030 basehttp "POST /order/new/ HTTP/1.1" 302 0
INFO 2025-05-26 16:16:16,040 basehttp "GET /order/complete/ HTTP/1.1" 200 1947
WARNING 2025-05-26 16:16:16,085 basehttp "GET /static/css/style.css HTTP/1.1" 404 1853
WARNING 2025-05-26 16:16:16,093 basehttp "GET /static/js/main.js HTTP/1.1" 404 1844
WARNING 2025-05-26 16:16:16,106 basehttp "GET /static/js/form-validation.js HTTP/1.1" 404 1877
INFO 2025-05-26 16:16:19,303 basehttp "GET /review/new/ HTTP/1.1" 200 3684
WARNING 2025-05-26 16:16:19,335 basehttp "GET /static/css/style.css HTTP/1.1" 404 1853
WARNING 2025-05-26 16:16:19,335 basehttp "GET /static/js/main.js HTTP/1.1" 404 1844
WARNING 2025-05-26 16:16:19,335 basehttp "GET /static/js/form-validation.js HTTP/1.1" 404 1877
INFO 2025-05-26 16:16:48,732 basehttp "POST /review/new/ HTTP/1.1" 302 0
INFO 2025-05-26 16:16:48,740 basehttp "GET /review/success/ HTTP/1.1" 200 1958
WARNING 2025-05-26 16:16:48,791 basehttp "GET /static/css/style.css HTTP/1.1" 404 1853
WARNING 2025-05-26 16:16:48,799 basehttp "GET /static/js/main.js HTTP/1.1" 404 1844
WARNING 2025-05-26 16:16:48,804 basehttp "GET /static/js/form-validation.js HTTP/1.1" 404 1877
INFO 2025-05-26 16:16:51,647 views Statistics viewed by user alexander
INFO 2025-05-26 16:16:51,998 basehttp "GET /statistics/ HTTP/1.1" 200 106233
WARNING 2025-05-26 16:16:52,031 basehttp "GET /static/css/style.css HTTP/1.1" 404 1853
WARNING 2025-05-26 16:16:52,041 basehttp "GET /static/js/main.js HTTP/1.1" 404 1844
WARNING 2025-05-26 16:16:52,046 basehttp "GET /static/js/form-validation.js HTTP/1.1" 404 1877
[INFO] 2025-05-26 16:29:00 Watching for file changes with StatReloader
[INFO] 2025-05-26 16:29:03 Statistics viewed by user alexander
[INFO] 2025-05-26 16:29:03 "GET /statistics/ HTTP/1.1" 200 106233
[WARNING] 2025-05-26 16:29:03 "GET /static/css/style.css HTTP/1.1" 404 1853
[WARNING] 2025-05-26 16:29:03 "GET /static/js/main.js HTTP/1.1" 404 1844
[WARNING] 2025-05-26 16:29:03 "GET /static/js/form-validation.js HTTP/1.1" 404 1877
[INFO] 2025-05-26 16:29:05 "GET /admin/ HTTP/1.1" 200 19939
[INFO] 2025-05-26 16:29:11 "GET /order/new/ HTTP/1.1" 200 36121
[WARNING] 2025-05-26 16:29:11 "GET /static/js/main.js HTTP/1.1" 404 1844
[WARNING] 2025-05-26 16:29:11 "GET /static/js/form-validation.js HTTP/1.1" 404 1877
[WARNING] 2025-05-26 16:29:11 "GET /static/css/style.css HTTP/1.1" 404 1853
[INFO] 2025-05-26 16:29:40 Starting order creation for user alexander
[INFO] 2025-05-26 16:29:40 Order created: 7 by user alexander
[INFO] 2025-05-26 16:29:40 Order 7 completed with total price: 4340.00
[INFO] 2025-05-26 16:29:40 "POST /order/new/ HTTP/1.1" 302 0
[INFO] 2025-05-26 16:29:40 "GET /order/complete/ HTTP/1.1" 200 1947
[WARNING] 2025-05-26 16:29:40 "GET /static/css/style.css HTTP/1.1" 404 1853
[WARNING] 2025-05-26 16:29:40 "GET /static/js/main.js HTTP/1.1" 404 1844
[WARNING] 2025-05-26 16:29:40 "GET /static/js/form-validation.js HTTP/1.1" 404 1877
[INFO] 2025-05-26 16:38:50 Watching for file changes with StatReloader
[INFO] 2025-05-26 16:38:52 "GET /logout/ HTTP/1.1" 302 0
[INFO] 2025-05-26 16:38:52 "GET / HTTP/1.1" 200 8407
[WARNING] 2025-05-26 16:38:52 "GET /static/js/main.js HTTP/1.1" 404 1844
[WARNING] 2025-05-26 16:38:52 "GET /static/css/style.css HTTP/1.1" 404 1853
[WARNING] 2025-05-26 16:38:52 "GET /static/js/form-validation.js HTTP/1.1" 404 1877
[INFO] 2025-05-26 16:44:49 "GET /pizza/10/ HTTP/1.1" 200 2358
[WARNING] 2025-05-26 16:44:49 "GET /static/css/style.css HTTP/1.1" 404 1853
[WARNING] 2025-05-26 16:44:49 "GET /static/js/main.js HTTP/1.1" 404 1844
[WARNING] 2025-05-26 16:44:49 "GET /static/js/form-validation.js HTTP/1.1" 404 1877
[INFO] 2025-05-26 17:45:44 Watching for file changes with StatReloader
[INFO] 2025-05-26 17:45:50 "GET / HTTP/1.1" 200 8407
[WARNING] 2025-05-26 17:45:50 "GET /static/css/style.css HTTP/1.1" 404 1853
[WARNING] 2025-05-26 17:45:50 "GET /static/js/form-validation.js HTTP/1.1" 404 1877
[WARNING] 2025-05-26 17:45:50 "GET /static/js/main.js HTTP/1.1" 404 1844
[INFO] 2025-05-26 17:45:51 "GET / HTTP/1.1" 200 8407
[WARNING] 2025-05-26 17:45:51 "GET /static/css/style.css HTTP/1.1" 404 1853
[WARNING] 2025-05-26 17:45:51 "GET /static/js/main.js HTTP/1.1" 404 1844
[WARNING] 2025-05-26 17:45:51 "GET /static/js/form-validation.js HTTP/1.1" 404 1877
[INFO] 2025-05-26 17:45:52 "GET / HTTP/1.1" 200 8407
[WARNING] 2025-05-26 17:45:52 "GET /static/css/style.css HTTP/1.1" 404 1853
[WARNING] 2025-05-26 17:45:52 "GET /static/js/main.js HTTP/1.1" 404 1844
[WARNING] 2025-05-26 17:45:52 "GET /static/js/form-validation.js HTTP/1.1" 404 1877
[INFO] 2025-05-26 17:45:53 "GET / HTTP/1.1" 200 8407
[WARNING] 2025-05-26 17:45:53 "GET /static/css/style.css HTTP/1.1" 404 1853
[WARNING] 2025-05-26 17:45:53 "GET /static/js/main.js HTTP/1.1" 404 1844
[WARNING] 2025-05-26 17:45:53 "GET /static/js/form-validation.js HTTP/1.1" 404 1877
[INFO] 2025-05-26 17:45:58 "GET /reviews/ HTTP/1.1" 200 5189
[WARNING] 2025-05-26 17:45:58 "GET /static/css/style.css HTTP/1.1" 404 1853
[WARNING] 2025-05-26 17:45:58 "GET /static/js/main.js HTTP/1.1" 404 1844
[WARNING] 2025-05-26 17:45:58 "GET /static/js/form-validation.js HTTP/1.1" 404 1877
[INFO] 2025-05-26 17:46:02 "GET /login/ HTTP/1.1" 200 1694
[WARNING] 2025-05-26 17:46:02 "GET /static/css/style.css HTTP/1.1" 404 1853
[WARNING] 2025-05-26 17:46:02 "GET /static/js/main.js HTTP/1.1" 404 1844
[WARNING] 2025-05-26 17:46:02 "GET /static/js/form-validation.js HTTP/1.1" 404 1877
[INFO] 2025-05-26 17:46:04 "POST /login/ HTTP/1.1" 302 0
[INFO] 2025-05-26 17:46:04 "GET / HTTP/1.1" 200 8801
[WARNING] 2025-05-26 17:46:04 "GET /static/css/style.css HTTP/1.1" 404 1853
[WARNING] 2025-05-26 17:46:04 "GET /static/js/main.js HTTP/1.1" 404 1844
[WARNING] 2025-05-26 17:46:04 "GET /static/js/form-validation.js HTTP/1.1" 404 1877
[INFO] 2025-05-26 17:46:10 "GET /order/new/ HTTP/1.1" 200 36160
[WARNING] 2025-05-26 17:46:10 "GET /static/css/style.css HTTP/1.1" 404 1853
[WARNING] 2025-05-26 17:46:10 "GET /static/js/form-validation.js HTTP/1.1" 404 1877
[WARNING] 2025-05-26 17:46:10 "GET /static/js/main.js HTTP/1.1" 404 1844
[INFO] 2025-05-26 17:46:15 "GET /order/new/ HTTP/1.1" 200 36184
[WARNING] 2025-05-26 17:46:15 "GET /static/js/main.js HTTP/1.1" 404 1844
[WARNING] 2025-05-26 17:46:15 "GET /static/css/style.css HTTP/1.1" 404 1853
[WARNING] 2025-05-26 17:46:15 "GET /static/js/form-validation.js HTTP/1.1" 404 1877
[DEBUG] 2025-05-26 17:46:27 Starting order creation process for user alexander
[INFO] 2025-05-26 17:46:27 Order created: 8 by user alexander
[INFO] 2025-05-26 17:46:28 "POST /order/new/ HTTP/1.1" 200 36307
[WARNING] 2025-05-26 17:46:28 "GET /static/css/style.css HTTP/1.1" 404 1853
[WARNING] 2025-05-26 17:46:28 "GET /static/js/main.js HTTP/1.1" 404 1844
[WARNING] 2025-05-26 17:46:28 "GET /static/js/form-validation.js HTTP/1.1" 404 1877
[DEBUG] 2025-05-26 17:46:34 Starting order creation process for user alexander
[INFO] 2025-05-26 17:46:34 Order created: 9 by user alexander
[INFO] 2025-05-26 17:46:34 Order 9 completed with total price: 392.00
[INFO] 2025-05-26 17:46:34 "POST /order/new/ HTTP/1.1" 302 0
[INFO] 2025-05-26 17:46:34 "GET /order/complete/ HTTP/1.1" 200 1947
[WARNING] 2025-05-26 17:46:34 "GET /static/css/style.css HTTP/1.1" 404 1853
[WARNING] 2025-05-26 17:46:34 "GET /static/js/main.js HTTP/1.1" 404 1844
[WARNING] 2025-05-26 17:46:35 "GET /static/js/form-validation.js HTTP/1.1" 404 1877
[DEBUG] 2025-05-26 17:46:37 Starting statistics calculation
[INFO] 2025-05-26 17:46:37 Statistics viewed by user alexander
[INFO] 2025-05-26 17:46:37 "GET /statistics/ HTTP/1.1" 200 106943
[WARNING] 2025-05-26 17:46:37 "GET /static/css/style.css HTTP/1.1" 404 1853
[WARNING] 2025-05-26 17:46:37 "GET /static/js/main.js HTTP/1.1" 404 1844
[WARNING] 2025-05-26 17:46:37 "GET /static/js/form-validation.js HTTP/1.1" 404 1877
[INFO] 2025-05-26 18:14:10 Watching for file changes with StatReloader
[INFO] 2025-05-26 18:14:15 "GET /statistics/ HTTP/1.1" 302 0
[INFO] 2025-05-26 18:14:15 "GET /admin/login/?next=/statistics/ HTTP/1.1" 200 4183
[INFO] 2025-05-26 18:14:15 "GET /static/admin/css/login.css HTTP/1.1" 304 0
[INFO] 2025-05-26 18:14:18 "POST /admin/login/?next=/statistics/ HTTP/1.1" 200 4355
[INFO] 2025-05-26 18:14:54 Watching for file changes with StatReloader
[INFO] 2025-05-26 18:15:17 "POST /admin/login/?next=/statistics/ HTTP/1.1" 302 0
[DEBUG] 2025-05-26 18:15:17 Starting statistics calculation
[INFO] 2025-05-26 18:15:17 Statistics viewed by user alexander
[INFO] 2025-05-26 18:15:17 "GET /statistics/ HTTP/1.1" 200 50957
[WARNING] 2025-05-26 18:15:17 "GET /static/js/main.js HTTP/1.1" 404 1844
[WARNING] 2025-05-26 18:15:17 "GET /static/js/form-validation.js HTTP/1.1" 404 1877
[WARNING] 2025-05-26 18:15:17 "GET /static/css/style.css HTTP/1.1" 404 1853
[INFO] 2025-05-26 18:15:22 "GET / HTTP/1.1" 200 8156
[WARNING] 2025-05-26 18:15:22 "GET /static/css/style.css HTTP/1.1" 404 1853
[WARNING] 2025-05-26 18:15:22 "GET /static/js/main.js HTTP/1.1" 404 1844
[WARNING] 2025-05-26 18:15:22 "GET /static/js/form-validation.js HTTP/1.1" 404 1877
[INFO] 2025-05-26 18:15:30 "GET / HTTP/1.1" 200 8156
[WARNING] 2025-05-26 18:15:30 "GET /static/css/style.css HTTP/1.1" 404 1853
[WARNING] 2025-05-26 18:15:30 "GET /static/js/main.js HTTP/1.1" 404 1844
[WARNING] 2025-05-26 18:15:30 "GET /static/js/form-validation.js HTTP/1.1" 404 1877
[INFO] 2025-05-26 18:15:30 "GET / HTTP/1.1" 200 8156
[WARNING] 2025-05-26 18:15:30 "GET /static/css/style.css HTTP/1.1" 404 1853
[WARNING] 2025-05-26 18:15:30 "GET /static/js/main.js HTTP/1.1" 404 1844
[WARNING] 2025-05-26 18:15:30 "GET /static/js/form-validation.js HTTP/1.1" 404 1877
[INFO] 2025-05-26 18:15:35 "GET /pizza/1/ HTTP/1.1" 200 3119
[WARNING] 2025-05-26 18:15:35 "GET /static/css/style.css HTTP/1.1" 404 1853
[WARNING] 2025-05-26 18:15:35 "GET /static/js/main.js HTTP/1.1" 404 1844
[WARNING] 2025-05-26 18:15:35 "GET /static/js/form-validation.js HTTP/1.1" 404 1877
[INFO] 2025-05-26 18:15:46 "GET /pizza/1/ HTTP/1.1" 200 3119
[WARNING] 2025-05-26 18:15:46 "GET /static/js/form-validation.js HTTP/1.1" 404 1877
[WARNING] 2025-05-26 18:15:46 "GET /static/js/main.js HTTP/1.1" 404 1844
[WARNING] 2025-05-26 18:15:46 "GET /static/css/style.css HTTP/1.1" 404 1853
[INFO] 2025-05-26 18:15:49 "GET /order/new/ HTTP/1.1" 200 33052
[WARNING] 2025-05-26 18:15:49 "GET /static/js/main.js HTTP/1.1" 404 1844
[WARNING] 2025-05-26 18:15:49 "GET /static/js/form-validation.js HTTP/1.1" 404 1877
[WARNING] 2025-05-26 18:15:49 "GET /static/css/style.css HTTP/1.1" 404 1853
[DEBUG] 2025-05-26 18:16:18 Starting order creation process for user alexander
[ERROR] 2025-05-26 18:16:18 Error creating order: User has no customer.
Traceback (most recent call last):
  File "D:\353504_SVIDINSKY_19\igi\lr5\pizza\views.py", line 150, in form_valid
    order.customer = self.request.user.customer
                     ^^^^^^^^^^^^^^^^^^^^^^^^^^
  File "D:\353504_SVIDINSKY_19\IGI\LR5\.venv\Lib\site-packages\django\utils\functional.py", line 253, in inner
    return func(_wrapped, *args)
  File "D:\353504_SVIDINSKY_19\IGI\LR5\.venv\Lib\site-packages\django\db\models\fields\related_descriptors.py", line 531, in __get__
    raise self.RelatedObjectDoesNotExist(
    ...<2 lines>...
    )
django.contrib.auth.models.User.customer.RelatedObjectDoesNotExist: User has no customer.
[INFO] 2025-05-26 18:16:19 "POST /order/new/ HTTP/1.1" 200 33314
[WARNING] 2025-05-26 18:16:19 "GET /static/css/style.css HTTP/1.1" 404 1853
[WARNING] 2025-05-26 18:16:19 "GET /static/js/main.js HTTP/1.1" 404 1844
[WARNING] 2025-05-26 18:16:19 "GET /static/js/form-validation.js HTTP/1.1" 404 1877
[INFO] 2025-05-26 18:16:29 "GET / HTTP/1.1" 200 8156
[WARNING] 2025-05-26 18:16:29 "GET /static/css/style.css HTTP/1.1" 404 1853
[WARNING] 2025-05-26 18:16:29 "GET /static/js/main.js HTTP/1.1" 404 1844
[WARNING] 2025-05-26 18:16:29 "GET /static/js/form-validation.js HTTP/1.1" 404 1877
[INFO] 2025-05-26 18:16:31 "GET /admin/ HTTP/1.1" 200 17425
[INFO] 2025-05-26 18:16:34 "GET /admin/pizza/customer/ HTTP/1.1" 200 15922
[INFO] 2025-05-26 18:16:34 "GET /admin/jsi18n/ HTTP/1.1" 200 3342
[INFO] 2025-05-26 18:16:37 "GET /admin/pizza/employee/ HTTP/1.1" 200 15922
[INFO] 2025-05-26 18:16:37 "GET /admin/jsi18n/ HTTP/1.1" 200 3342
[INFO] 2025-05-26 18:16:38 "GET /admin/pizza/customer/ HTTP/1.1" 200 15922
[INFO] 2025-05-26 18:16:38 "GET /admin/jsi18n/ HTTP/1.1" 200 3342
[INFO] 2025-05-26 18:16:40 "GET /admin/pizza/customer/add/ HTTP/1.1" 200 20475
[INFO] 2025-05-26 18:16:40 "GET /admin/jsi18n/ HTTP/1.1" 200 3342
[INFO] 2025-05-26 18:16:57 "POST /admin/pizza/customer/add/ HTTP/1.1" 302 0
[INFO] 2025-05-26 18:16:57 "GET /admin/pizza/customer/ HTTP/1.1" 200 18169
[INFO] 2025-05-26 18:16:57 "GET /admin/jsi18n/ HTTP/1.1" 200 3342
[DEBUG] 2025-05-26 18:17:17 Starting order creation process for user alexander
[INFO] 2025-05-26 18:17:17 Order created: 1 by user alexander
[INFO] 2025-05-26 18:17:17 Order 1 completed with total price: 1940.00
[INFO] 2025-05-26 18:17:17 "POST /order/new/ HTTP/1.1" 302 0
[INFO] 2025-05-26 18:17:17 "GET /order/complete/ HTTP/1.1" 200 1947
[WARNING] 2025-05-26 18:17:17 "GET /static/css/style.css HTTP/1.1" 404 1853
[WARNING] 2025-05-26 18:17:17 "GET /static/js/main.js HTTP/1.1" 404 1844
[WARNING] 2025-05-26 18:17:17 "GET /static/js/form-validation.js HTTP/1.1" 404 1877
[DEBUG] 2025-05-26 18:17:20 Starting statistics calculation
[INFO] 2025-05-26 18:17:20 Statistics viewed by user alexander
[INFO] 2025-05-26 18:17:20 "GET /statistics/ HTTP/1.1" 200 89150
[WARNING] 2025-05-26 18:17:20 "GET /static/css/style.css HTTP/1.1" 404 1853
[WARNING] 2025-05-26 18:17:20 "GET /static/js/main.js HTTP/1.1" 404 1844
[WARNING] 2025-05-26 18:17:20 "GET /static/js/form-validation.js HTTP/1.1" 404 1877
[INFO] 2025-05-26 18:17:39 "GET /order/new/ HTTP/1.1" 200 33113
[WARNING] 2025-05-26 18:17:39 "GET /static/css/style.css HTTP/1.1" 404 1853
[WARNING] 2025-05-26 18:17:39 "GET /static/js/main.js HTTP/1.1" 404 1844
[WARNING] 2025-05-26 18:17:39 "GET /static/js/form-validation.js HTTP/1.1" 404 1877
[DEBUG] 2025-05-26 18:18:05 Starting order creation process for user alexander
[INFO] 2025-05-26 18:18:05 Order created: 2 by user alexander
[INFO] 2025-05-26 18:18:05 Order 2 completed with total price: 3072.00
[INFO] 2025-05-26 18:18:05 "POST /order/new/ HTTP/1.1" 302 0
[INFO] 2025-05-26 18:18:05 "GET /order/complete/ HTTP/1.1" 200 1947
[WARNING] 2025-05-26 18:18:05 "GET /static/css/style.css HTTP/1.1" 404 1853
[WARNING] 2025-05-26 18:18:05 "GET /static/js/main.js HTTP/1.1" 404 1844
[WARNING] 2025-05-26 18:18:05 "GET /static/js/form-validation.js HTTP/1.1" 404 1877
[INFO] 2025-05-26 18:18:07 "GET /review/new/ HTTP/1.1" 200 3623
[WARNING] 2025-05-26 18:18:07 "GET /static/css/style.css HTTP/1.1" 404 1853
[WARNING] 2025-05-26 18:18:07 "GET /static/js/main.js HTTP/1.1" 404 1844
[WARNING] 2025-05-26 18:18:07 "GET /static/js/form-validation.js HTTP/1.1" 404 1877
[INFO] 2025-05-26 18:18:22 "POST /review/new/ HTTP/1.1" 302 0
[INFO] 2025-05-26 18:18:22 "GET /review/success/ HTTP/1.1" 200 1958
[WARNING] 2025-05-26 18:18:22 "GET /static/css/style.css HTTP/1.1" 404 1853
[WARNING] 2025-05-26 18:18:22 "GET /static/js/main.js HTTP/1.1" 404 1844
[WARNING] 2025-05-26 18:18:22 "GET /static/js/form-validation.js HTTP/1.1" 404 1877
[DEBUG] 2025-05-26 18:18:25 Starting statistics calculation
[INFO] 2025-05-26 18:18:26 Statistics viewed by user alexander
[INFO] 2025-05-26 18:18:26 "GET /statistics/ HTTP/1.1" 200 103809
[WARNING] 2025-05-26 18:18:26 "GET /static/css/style.css HTTP/1.1" 404 1853
[WARNING] 2025-05-26 18:18:26 "GET /static/js/main.js HTTP/1.1" 404 1844
[WARNING] 2025-05-26 18:18:26 "GET /static/js/form-validation.js HTTP/1.1" 404 1877
[INFO] 2025-05-26 18:18:45 "GET /order/new/ HTTP/1.1" 200 33043
[WARNING] 2025-05-26 18:18:45 "GET /static/css/style.css HTTP/1.1" 404 1853
[WARNING] 2025-05-26 18:18:45 "GET /static/js/main.js HTTP/1.1" 404 1844
[WARNING] 2025-05-26 18:18:45 "GET /static/js/form-validation.js HTTP/1.1" 404 1877
[INFO] 2025-05-26 18:18:51 "GET /logout/ HTTP/1.1" 302 0
[INFO] 2025-05-26 18:18:51 "GET / HTTP/1.1" 200 7762
[WARNING] 2025-05-26 18:18:51 "GET /static/css/style.css HTTP/1.1" 404 1853
[WARNING] 2025-05-26 18:18:51 "GET /static/js/form-validation.js HTTP/1.1" 404 1877
[WARNING] 2025-05-26 18:18:51 "GET /static/js/main.js HTTP/1.1" 404 1844
[INFO] 2025-05-26 18:19:06 "GET /pizza/1/ HTTP/1.1" 200 2471
[WARNING] 2025-05-26 18:19:06 "GET /static/css/style.css HTTP/1.1" 404 1853
[WARNING] 2025-05-26 18:19:06 "GET /static/js/main.js HTTP/1.1" 404 1844
[WARNING] 2025-05-26 18:19:06 "GET /static/js/form-validation.js HTTP/1.1" 404 1877
[INFO] 2025-05-26 18:19:11 "GET /register/ HTTP/1.1" 200 4689
[WARNING] 2025-05-26 18:19:11 "GET /static/css/style.css HTTP/1.1" 404 1853
[WARNING] 2025-05-26 18:19:11 "GET /static/js/main.js HTTP/1.1" 404 1844
[WARNING] 2025-05-26 18:19:11 "GET /static/js/form-validation.js HTTP/1.1" 404 1877
[INFO] 2025-05-26 18:19:41 "POST /register/ HTTP/1.1" 302 0
[INFO] 2025-05-26 18:19:41 "GET / HTTP/1.1" 200 7872
[WARNING] 2025-05-26 18:19:41 "GET /static/css/style.css HTTP/1.1" 404 1853
[WARNING] 2025-05-26 18:19:41 "GET /static/js/main.js HTTP/1.1" 404 1844
[WARNING] 2025-05-26 18:19:41 "GET /static/js/form-validation.js HTTP/1.1" 404 1877
[INFO] 2025-05-26 18:19:48 "GET /order/new/ HTTP/1.1" 200 32743
[WARNING] 2025-05-26 18:19:48 "GET /static/css/style.css HTTP/1.1" 404 1853
[WARNING] 2025-05-26 18:19:48 "GET /static/js/main.js HTTP/1.1" 404 1844
[WARNING] 2025-05-26 18:19:48 "GET /static/js/form-validation.js HTTP/1.1" 404 1877
[INFO] 2025-05-26 18:19:58 "GET /order/new/ HTTP/1.1" 200 32817
[WARNING] 2025-05-26 18:19:58 "GET /static/css/style.css HTTP/1.1" 404 1853
[WARNING] 2025-05-26 18:19:58 "GET /static/js/form-validation.js HTTP/1.1" 404 1877
[WARNING] 2025-05-26 18:19:58 "GET /static/js/main.js HTTP/1.1" 404 1844
[DEBUG] 2025-05-26 18:20:18 Starting order creation process for user nikita
[INFO] 2025-05-26 18:20:18 Order created: 3 by user nikita
[INFO] 2025-05-26 18:20:18 Order 3 completed with total price: 1200.00
[INFO] 2025-05-26 18:20:18 "POST /order/new/ HTTP/1.1" 302 0
[INFO] 2025-05-26 18:20:18 "GET /order/complete/ HTTP/1.1" 200 1663
[WARNING] 2025-05-26 18:20:18 "GET /static/css/style.css HTTP/1.1" 404 1853
[WARNING] 2025-05-26 18:20:18 "GET /static/js/main.js HTTP/1.1" 404 1844
[WARNING] 2025-05-26 18:20:18 "GET /static/js/form-validation.js HTTP/1.1" 404 1877
[INFO] 2025-05-26 18:20:20 "GET /reviews/ HTTP/1.1" 200 2796
[WARNING] 2025-05-26 18:20:20 "GET /static/css/style.css HTTP/1.1" 404 1853
[WARNING] 2025-05-26 18:20:20 "GET /static/js/main.js HTTP/1.1" 404 1844
[WARNING] 2025-05-26 18:20:20 "GET /static/js/form-validation.js HTTP/1.1" 404 1877
[INFO] 2025-05-26 18:20:22 "GET /review/new/ HTTP/1.1" 200 3339
[WARNING] 2025-05-26 18:20:22 "GET /static/css/style.css HTTP/1.1" 404 1853
[WARNING] 2025-05-26 18:20:22 "GET /static/js/form-validation.js HTTP/1.1" 404 1877
[WARNING] 2025-05-26 18:20:22 "GET /static/js/main.js HTTP/1.1" 404 1844
[INFO] 2025-05-26 18:20:41 "POST /review/new/ HTTP/1.1" 302 0
[INFO] 2025-05-26 18:20:41 "GET /review/success/ HTTP/1.1" 200 1674
[WARNING] 2025-05-26 18:20:41 "GET /static/css/style.css HTTP/1.1" 404 1853
[WARNING] 2025-05-26 18:20:41 "GET /static/js/main.js HTTP/1.1" 404 1844
[WARNING] 2025-05-26 18:20:41 "GET /static/js/form-validation.js HTTP/1.1" 404 1877
[INFO] 2025-05-26 18:20:47 "GET /logout/ HTTP/1.1" 302 0
[INFO] 2025-05-26 18:20:47 "GET / HTTP/1.1" 200 7762
[WARNING] 2025-05-26 18:20:47 "GET /static/css/style.css HTTP/1.1" 404 1853
[WARNING] 2025-05-26 18:20:47 "GET /static/js/main.js HTTP/1.1" 404 1844
[WARNING] 2025-05-26 18:20:47 "GET /static/js/form-validation.js HTTP/1.1" 404 1877
[INFO] 2025-05-26 18:20:50 "GET /login/ HTTP/1.1" 200 1694
[WARNING] 2025-05-26 18:20:50 "GET /static/css/style.css HTTP/1.1" 404 1853
[WARNING] 2025-05-26 18:20:50 "GET /static/js/form-validation.js HTTP/1.1" 404 1877
[WARNING] 2025-05-26 18:20:50 "GET /static/js/main.js HTTP/1.1" 404 1844
[INFO] 2025-05-26 18:20:54 "GET /register/ HTTP/1.1" 200 4689
[WARNING] 2025-05-26 18:20:54 "GET /static/css/style.css HTTP/1.1" 404 1853
[WARNING] 2025-05-26 18:20:54 "GET /static/js/main.js HTTP/1.1" 404 1844
[WARNING] 2025-05-26 18:20:54 "GET /static/js/form-validation.js HTTP/1.1" 404 1877
[INFO] 2025-05-26 18:21:23 "POST /register/ HTTP/1.1" 200 5153
[WARNING] 2025-05-26 18:21:23 "GET /static/js/main.js HTTP/1.1" 404 1844
[WARNING] 2025-05-26 18:21:23 "GET /static/js/form-validation.js HTTP/1.1" 404 1877
[WARNING] 2025-05-26 18:21:23 "GET /static/css/style.css HTTP/1.1" 404 1853
[INFO] 2025-05-26 18:21:36 "POST /register/ HTTP/1.1" 302 0
[INFO] 2025-05-26 18:21:36 "GET / HTTP/1.1" 200 7872
[WARNING] 2025-05-26 18:21:36 "GET /static/js/main.js HTTP/1.1" 404 1844
[WARNING] 2025-05-26 18:21:36 "GET /static/css/style.css HTTP/1.1" 404 1853
[WARNING] 2025-05-26 18:21:36 "GET /static/js/form-validation.js HTTP/1.1" 404 1877
[INFO] 2025-05-26 18:21:42 "GET /admin/pizza/employee/ HTTP/1.1" 302 0
[INFO] 2025-05-26 18:21:42 "GET /admin/login/?next=/admin/pizza/employee/ HTTP/1.1" 200 3717
[INFO] 2025-05-26 18:21:58 "POST /admin/login/?next=/admin/pizza/employee/ HTTP/1.1" 302 0
[INFO] 2025-05-26 18:21:58 "GET /admin/pizza/employee/ HTTP/1.1" 200 15922
[INFO] 2025-05-26 18:21:58 "GET /admin/jsi18n/ HTTP/1.1" 200 3342
[INFO] 2025-05-26 18:22:02 "GET /admin/pizza/employee/add/ HTTP/1.1" 200 22211
[INFO] 2025-05-26 18:22:03 "GET /admin/jsi18n/ HTTP/1.1" 200 3342
[INFO] 2025-05-26 18:22:09 "POST /admin/pizza/employee/add/ HTTP/1.1" 200 22883
[INFO] 2025-05-26 18:22:09 "GET /admin/jsi18n/ HTTP/1.1" 200 3342
[INFO] 2025-05-26 18:22:37 "POST /admin/pizza/employee/add/ HTTP/1.1" 302 0
[INFO] 2025-05-26 18:22:37 "GET /admin/pizza/employee/ HTTP/1.1" 200 18164
[INFO] 2025-05-26 18:22:37 "GET /admin/jsi18n/ HTTP/1.1" 200 3342
[INFO] 2025-05-26 18:22:40 "GET / HTTP/1.1" 200 8156
[WARNING] 2025-05-26 18:22:40 "GET /static/css/style.css HTTP/1.1" 404 1853
[WARNING] 2025-05-26 18:22:40 "GET /static/js/main.js HTTP/1.1" 404 1844
[WARNING] 2025-05-26 18:22:40 "GET /static/js/form-validation.js HTTP/1.1" 404 1877
[INFO] 2025-05-26 18:22:43 "GET /order/new/ HTTP/1.1" 200 33105
[WARNING] 2025-05-26 18:22:43 "GET /static/css/style.css HTTP/1.1" 404 1853
[WARNING] 2025-05-26 18:22:43 "GET /static/js/main.js HTTP/1.1" 404 1844
[WARNING] 2025-05-26 18:22:43 "GET /static/js/form-validation.js HTTP/1.1" 404 1877
[INFO] 2025-05-26 18:22:44 "GET /admin/ HTTP/1.1" 200 18159
[INFO] 2025-05-26 18:22:53 "GET /logout/ HTTP/1.1" 302 0
[INFO] 2025-05-26 18:22:53 "GET / HTTP/1.1" 200 7762
[WARNING] 2025-05-26 18:22:53 "GET /static/css/style.css HTTP/1.1" 404 1853
[WARNING] 2025-05-26 18:22:53 "GET /static/js/form-validation.js HTTP/1.1" 404 1877
[WARNING] 2025-05-26 18:22:53 "GET /static/js/main.js HTTP/1.1" 404 1844
[INFO] 2025-05-26 18:22:55 "GET /login/ HTTP/1.1" 200 1694
[WARNING] 2025-05-26 18:22:55 "GET /static/js/form-validation.js HTTP/1.1" 404 1877
[WARNING] 2025-05-26 18:22:55 "GET /static/js/main.js HTTP/1.1" 404 1844
[WARNING] 2025-05-26 18:22:55 "GET /static/css/style.css HTTP/1.1" 404 1853
[INFO] 2025-05-26 18:23:00 "POST /login/ HTTP/1.1" 302 0
[INFO] 2025-05-26 18:23:00 "GET / HTTP/1.1" 200 7872
[WARNING] 2025-05-26 18:23:00 "GET /static/css/style.css HTTP/1.1" 404 1853
[WARNING] 2025-05-26 18:23:00 "GET /static/js/main.js HTTP/1.1" 404 1844
[WARNING] 2025-05-26 18:23:00 "GET /static/js/form-validation.js HTTP/1.1" 404 1877
[INFO] 2025-05-26 18:25:41 "GET /logout/ HTTP/1.1" 302 0
[INFO] 2025-05-26 18:25:41 "GET / HTTP/1.1" 200 7762
[WARNING] 2025-05-26 18:25:41 "GET /static/css/style.css HTTP/1.1" 404 1853
[WARNING] 2025-05-26 18:25:41 "GET /static/js/main.js HTTP/1.1" 404 1844
[WARNING] 2025-05-26 18:25:41 "GET /static/js/form-validation.js HTTP/1.1" 404 1877
[INFO] 2025-05-26 18:25:42 "GET /login/ HTTP/1.1" 200 1694
[WARNING] 2025-05-26 18:25:42 "GET /static/css/style.css HTTP/1.1" 404 1853
[WARNING] 2025-05-26 18:25:42 "GET /static/js/main.js HTTP/1.1" 404 1844
[WARNING] 2025-05-26 18:25:42 "GET /static/js/form-validation.js HTTP/1.1" 404 1877
[INFO] 2025-05-26 18:25:48 "POST /login/ HTTP/1.1" 302 0
[INFO] 2025-05-26 18:25:48 "GET / HTTP/1.1" 200 8156
[WARNING] 2025-05-26 18:25:48 "GET /static/css/style.css HTTP/1.1" 404 1853
[WARNING] 2025-05-26 18:25:48 "GET /static/js/main.js HTTP/1.1" 404 1844
[WARNING] 2025-05-26 18:25:48 "GET /static/js/form-validation.js HTTP/1.1" 404 1877
[INFO] 2025-05-26 18:25:52 "GET /admin/ HTTP/1.1" 200 18159
[ERROR] 2025-05-26 18:29:39 Internal Server Error: /
Traceback (most recent call last):
  File "D:\353504_SVIDINSKY_19\IGI\LR5\.venv\Lib\site-packages\django\core\handlers\exception.py", line 55, in inner
    response = get_response(request)
  File "D:\353504_SVIDINSKY_19\IGI\LR5\.venv\Lib\site-packages\django\core\handlers\base.py", line 220, in _get_response
    response = response.render()
  File "D:\353504_SVIDINSKY_19\IGI\LR5\.venv\Lib\site-packages\django\template\response.py", line 114, in render
    self.content = self.rendered_content
                   ^^^^^^^^^^^^^^^^^^^^^
  File "D:\353504_SVIDINSKY_19\IGI\LR5\.venv\Lib\site-packages\django\template\response.py", line 92, in rendered_content
    return template.render(context, self._request)
           ~~~~~~~~~~~~~~~^^^^^^^^^^^^^^^^^^^^^^^^
  File "D:\353504_SVIDINSKY_19\IGI\LR5\.venv\Lib\site-packages\django\template\backends\django.py", line 107, in render
    return self.template.render(context)
           ~~~~~~~~~~~~~~~~~~~~^^^^^^^^^
  File "D:\353504_SVIDINSKY_19\IGI\LR5\.venv\Lib\site-packages\django\template\base.py", line 171, in render
    return self._render(context)
           ~~~~~~~~~~~~^^^^^^^^^
  File "D:\353504_SVIDINSKY_19\IGI\LR5\.venv\Lib\site-packages\django\template\base.py", line 163, in _render
    return self.nodelist.render(context)
           ~~~~~~~~~~~~~~~~~~~~^^^^^^^^^
  File "D:\353504_SVIDINSKY_19\IGI\LR5\.venv\Lib\site-packages\django\template\base.py", line 1016, in render
    return SafeString("".join([node.render_annotated(context) for node in self]))
                               ~~~~~~~~~~~~~~~~~~~~~^^^^^^^^^
  File "D:\353504_SVIDINSKY_19\IGI\LR5\.venv\Lib\site-packages\django\template\base.py", line 977, in render_annotated
    return self.render(context)
           ~~~~~~~~~~~^^^^^^^^^
  File "D:\353504_SVIDINSKY_19\IGI\LR5\.venv\Lib\site-packages\django\template\loader_tags.py", line 159, in render
    return compiled_parent._render(context)
           ~~~~~~~~~~~~~~~~~~~~~~~^^^^^^^^^
  File "D:\353504_SVIDINSKY_19\IGI\LR5\.venv\Lib\site-packages\django\template\base.py", line 163, in _render
    return self.nodelist.render(context)
           ~~~~~~~~~~~~~~~~~~~~^^^^^^^^^
  File "D:\353504_SVIDINSKY_19\IGI\LR5\.venv\Lib\site-packages\django\template\base.py", line 1016, in render
    return SafeString("".join([node.render_annotated(context) for node in self]))
                               ~~~~~~~~~~~~~~~~~~~~~^^^^^^^^^
  File "D:\353504_SVIDINSKY_19\IGI\LR5\.venv\Lib\site-packages\django\template\base.py", line 977, in render_annotated
    return self.render(context)
           ~~~~~~~~~~~^^^^^^^^^
  File "D:\353504_SVIDINSKY_19\IGI\LR5\.venv\Lib\site-packages\django\template\defaulttags.py", line 480, in render
    url = reverse(view_name, args=args, kwargs=kwargs, current_app=current_app)
  File "D:\353504_SVIDINSKY_19\IGI\LR5\.venv\Lib\site-packages\django\urls\base.py", line 98, in reverse
    resolved_url = resolver._reverse_with_prefix(view, prefix, *args, **kwargs)
  File "D:\353504_SVIDINSKY_19\IGI\LR5\.venv\Lib\site-packages\django\urls\resolvers.py", line 831, in _reverse_with_prefix
    raise NoReverseMatch(msg)
django.urls.exceptions.NoReverseMatch: Reverse for 'pizza_search' not found. 'pizza_search' is not a valid view function or pattern name.
[ERROR] 2025-05-26 18:29:39 "GET / HTTP/1.1" 500 150401
[ERROR] 2025-05-26 18:29:41 Internal Server Error: /
Traceback (most recent call last):
  File "D:\353504_SVIDINSKY_19\IGI\LR5\.venv\Lib\site-packages\django\core\handlers\exception.py", line 55, in inner
    response = get_response(request)
  File "D:\353504_SVIDINSKY_19\IGI\LR5\.venv\Lib\site-packages\django\core\handlers\base.py", line 220, in _get_response
    response = response.render()
  File "D:\353504_SVIDINSKY_19\IGI\LR5\.venv\Lib\site-packages\django\template\response.py", line 114, in render
    self.content = self.rendered_content
                   ^^^^^^^^^^^^^^^^^^^^^
  File "D:\353504_SVIDINSKY_19\IGI\LR5\.venv\Lib\site-packages\django\template\response.py", line 92, in rendered_content
    return template.render(context, self._request)
           ~~~~~~~~~~~~~~~^^^^^^^^^^^^^^^^^^^^^^^^
  File "D:\353504_SVIDINSKY_19\IGI\LR5\.venv\Lib\site-packages\django\template\backends\django.py", line 107, in render
    return self.template.render(context)
           ~~~~~~~~~~~~~~~~~~~~^^^^^^^^^
  File "D:\353504_SVIDINSKY_19\IGI\LR5\.venv\Lib\site-packages\django\template\base.py", line 171, in render
    return self._render(context)
           ~~~~~~~~~~~~^^^^^^^^^
  File "D:\353504_SVIDINSKY_19\IGI\LR5\.venv\Lib\site-packages\django\template\base.py", line 163, in _render
    return self.nodelist.render(context)
           ~~~~~~~~~~~~~~~~~~~~^^^^^^^^^
  File "D:\353504_SVIDINSKY_19\IGI\LR5\.venv\Lib\site-packages\django\template\base.py", line 1016, in render
    return SafeString("".join([node.render_annotated(context) for node in self]))
                               ~~~~~~~~~~~~~~~~~~~~~^^^^^^^^^
  File "D:\353504_SVIDINSKY_19\IGI\LR5\.venv\Lib\site-packages\django\template\base.py", line 977, in render_annotated
    return self.render(context)
           ~~~~~~~~~~~^^^^^^^^^
  File "D:\353504_SVIDINSKY_19\IGI\LR5\.venv\Lib\site-packages\django\template\loader_tags.py", line 159, in render
    return compiled_parent._render(context)
           ~~~~~~~~~~~~~~~~~~~~~~~^^^^^^^^^
  File "D:\353504_SVIDINSKY_19\IGI\LR5\.venv\Lib\site-packages\django\template\base.py", line 163, in _render
    return self.nodelist.render(context)
           ~~~~~~~~~~~~~~~~~~~~^^^^^^^^^
  File "D:\353504_SVIDINSKY_19\IGI\LR5\.venv\Lib\site-packages\django\template\base.py", line 1016, in render
    return SafeString("".join([node.render_annotated(context) for node in self]))
                               ~~~~~~~~~~~~~~~~~~~~~^^^^^^^^^
  File "D:\353504_SVIDINSKY_19\IGI\LR5\.venv\Lib\site-packages\django\template\base.py", line 977, in render_annotated
    return self.render(context)
           ~~~~~~~~~~~^^^^^^^^^
  File "D:\353504_SVIDINSKY_19\IGI\LR5\.venv\Lib\site-packages\django\template\defaulttags.py", line 480, in render
    url = reverse(view_name, args=args, kwargs=kwargs, current_app=current_app)
  File "D:\353504_SVIDINSKY_19\IGI\LR5\.venv\Lib\site-packages\django\urls\base.py", line 98, in reverse
    resolved_url = resolver._reverse_with_prefix(view, prefix, *args, **kwargs)
  File "D:\353504_SVIDINSKY_19\IGI\LR5\.venv\Lib\site-packages\django\urls\resolvers.py", line 831, in _reverse_with_prefix
    raise NoReverseMatch(msg)
django.urls.exceptions.NoReverseMatch: Reverse for 'pizza_search' not found. 'pizza_search' is not a valid view function or pattern name.
[ERROR] 2025-05-26 18:29:41 "GET / HTTP/1.1" 500 150401
[INFO] 2025-05-26 18:29:50 Watching for file changes with StatReloader
[ERROR] 2025-05-26 18:29:55 Internal Server Error: /
Traceback (most recent call last):
  File "D:\353504_SVIDINSKY_19\IGI\LR5\.venv\Lib\site-packages\django\core\handlers\exception.py", line 55, in inner
    response = get_response(request)
  File "D:\353504_SVIDINSKY_19\IGI\LR5\.venv\Lib\site-packages\django\core\handlers\base.py", line 220, in _get_response
    response = response.render()
  File "D:\353504_SVIDINSKY_19\IGI\LR5\.venv\Lib\site-packages\django\template\response.py", line 114, in render
    self.content = self.rendered_content
                   ^^^^^^^^^^^^^^^^^^^^^
  File "D:\353504_SVIDINSKY_19\IGI\LR5\.venv\Lib\site-packages\django\template\response.py", line 92, in rendered_content
    return template.render(context, self._request)
           ~~~~~~~~~~~~~~~^^^^^^^^^^^^^^^^^^^^^^^^
  File "D:\353504_SVIDINSKY_19\IGI\LR5\.venv\Lib\site-packages\django\template\backends\django.py", line 107, in render
    return self.template.render(context)
           ~~~~~~~~~~~~~~~~~~~~^^^^^^^^^
  File "D:\353504_SVIDINSKY_19\IGI\LR5\.venv\Lib\site-packages\django\template\base.py", line 171, in render
    return self._render(context)
           ~~~~~~~~~~~~^^^^^^^^^
  File "D:\353504_SVIDINSKY_19\IGI\LR5\.venv\Lib\site-packages\django\template\base.py", line 163, in _render
    return self.nodelist.render(context)
           ~~~~~~~~~~~~~~~~~~~~^^^^^^^^^
  File "D:\353504_SVIDINSKY_19\IGI\LR5\.venv\Lib\site-packages\django\template\base.py", line 1016, in render
    return SafeString("".join([node.render_annotated(context) for node in self]))
                               ~~~~~~~~~~~~~~~~~~~~~^^^^^^^^^
  File "D:\353504_SVIDINSKY_19\IGI\LR5\.venv\Lib\site-packages\django\template\base.py", line 977, in render_annotated
    return self.render(context)
           ~~~~~~~~~~~^^^^^^^^^
  File "D:\353504_SVIDINSKY_19\IGI\LR5\.venv\Lib\site-packages\django\template\loader_tags.py", line 159, in render
    return compiled_parent._render(context)
           ~~~~~~~~~~~~~~~~~~~~~~~^^^^^^^^^
  File "D:\353504_SVIDINSKY_19\IGI\LR5\.venv\Lib\site-packages\django\template\base.py", line 163, in _render
    return self.nodelist.render(context)
           ~~~~~~~~~~~~~~~~~~~~^^^^^^^^^
  File "D:\353504_SVIDINSKY_19\IGI\LR5\.venv\Lib\site-packages\django\template\base.py", line 1016, in render
    return SafeString("".join([node.render_annotated(context) for node in self]))
                               ~~~~~~~~~~~~~~~~~~~~~^^^^^^^^^
  File "D:\353504_SVIDINSKY_19\IGI\LR5\.venv\Lib\site-packages\django\template\base.py", line 977, in render_annotated
    return self.render(context)
           ~~~~~~~~~~~^^^^^^^^^
  File "D:\353504_SVIDINSKY_19\IGI\LR5\.venv\Lib\site-packages\django\template\defaulttags.py", line 480, in render
    url = reverse(view_name, args=args, kwargs=kwargs, current_app=current_app)
  File "D:\353504_SVIDINSKY_19\IGI\LR5\.venv\Lib\site-packages\django\urls\base.py", line 98, in reverse
    resolved_url = resolver._reverse_with_prefix(view, prefix, *args, **kwargs)
  File "D:\353504_SVIDINSKY_19\IGI\LR5\.venv\Lib\site-packages\django\urls\resolvers.py", line 831, in _reverse_with_prefix
    raise NoReverseMatch(msg)
django.urls.exceptions.NoReverseMatch: Reverse for 'pizza_search' not found. 'pizza_search' is not a valid view function or pattern name.
[ERROR] 2025-05-26 18:29:55 "GET / HTTP/1.1" 500 150401
[ERROR] 2025-05-26 18:29:58 Internal Server Error: /
Traceback (most recent call last):
  File "D:\353504_SVIDINSKY_19\IGI\LR5\.venv\Lib\site-packages\django\core\handlers\exception.py", line 55, in inner
    response = get_response(request)
  File "D:\353504_SVIDINSKY_19\IGI\LR5\.venv\Lib\site-packages\django\core\handlers\base.py", line 220, in _get_response
    response = response.render()
  File "D:\353504_SVIDINSKY_19\IGI\LR5\.venv\Lib\site-packages\django\template\response.py", line 114, in render
    self.content = self.rendered_content
                   ^^^^^^^^^^^^^^^^^^^^^
  File "D:\353504_SVIDINSKY_19\IGI\LR5\.venv\Lib\site-packages\django\template\response.py", line 92, in rendered_content
    return template.render(context, self._request)
           ~~~~~~~~~~~~~~~^^^^^^^^^^^^^^^^^^^^^^^^
  File "D:\353504_SVIDINSKY_19\IGI\LR5\.venv\Lib\site-packages\django\template\backends\django.py", line 107, in render
    return self.template.render(context)
           ~~~~~~~~~~~~~~~~~~~~^^^^^^^^^
  File "D:\353504_SVIDINSKY_19\IGI\LR5\.venv\Lib\site-packages\django\template\base.py", line 171, in render
    return self._render(context)
           ~~~~~~~~~~~~^^^^^^^^^
  File "D:\353504_SVIDINSKY_19\IGI\LR5\.venv\Lib\site-packages\django\template\base.py", line 163, in _render
    return self.nodelist.render(context)
           ~~~~~~~~~~~~~~~~~~~~^^^^^^^^^
  File "D:\353504_SVIDINSKY_19\IGI\LR5\.venv\Lib\site-packages\django\template\base.py", line 1016, in render
    return SafeString("".join([node.render_annotated(context) for node in self]))
                               ~~~~~~~~~~~~~~~~~~~~~^^^^^^^^^
  File "D:\353504_SVIDINSKY_19\IGI\LR5\.venv\Lib\site-packages\django\template\base.py", line 977, in render_annotated
    return self.render(context)
           ~~~~~~~~~~~^^^^^^^^^
  File "D:\353504_SVIDINSKY_19\IGI\LR5\.venv\Lib\site-packages\django\template\loader_tags.py", line 159, in render
    return compiled_parent._render(context)
           ~~~~~~~~~~~~~~~~~~~~~~~^^^^^^^^^
  File "D:\353504_SVIDINSKY_19\IGI\LR5\.venv\Lib\site-packages\django\template\base.py", line 163, in _render
    return self.nodelist.render(context)
           ~~~~~~~~~~~~~~~~~~~~^^^^^^^^^
  File "D:\353504_SVIDINSKY_19\IGI\LR5\.venv\Lib\site-packages\django\template\base.py", line 1016, in render
    return SafeString("".join([node.render_annotated(context) for node in self]))
                               ~~~~~~~~~~~~~~~~~~~~~^^^^^^^^^
  File "D:\353504_SVIDINSKY_19\IGI\LR5\.venv\Lib\site-packages\django\template\base.py", line 977, in render_annotated
    return self.render(context)
           ~~~~~~~~~~~^^^^^^^^^
  File "D:\353504_SVIDINSKY_19\IGI\LR5\.venv\Lib\site-packages\django\template\defaulttags.py", line 480, in render
    url = reverse(view_name, args=args, kwargs=kwargs, current_app=current_app)
  File "D:\353504_SVIDINSKY_19\IGI\LR5\.venv\Lib\site-packages\django\urls\base.py", line 98, in reverse
    resolved_url = resolver._reverse_with_prefix(view, prefix, *args, **kwargs)
  File "D:\353504_SVIDINSKY_19\IGI\LR5\.venv\Lib\site-packages\django\urls\resolvers.py", line 831, in _reverse_with_prefix
    raise NoReverseMatch(msg)
django.urls.exceptions.NoReverseMatch: Reverse for 'pizza_search' not found. 'pizza_search' is not a valid view function or pattern name.
[ERROR] 2025-05-26 18:29:58 "GET / HTTP/1.1" 500 150107
[DEBUG] 2025-05-26 18:30:03 Starting statistics calculation
[INFO] 2025-05-26 18:30:04 Statistics viewed by user alexander
[ERROR] 2025-05-26 18:30:04 Error generating statistics: Reverse for 'pizza_search' not found. 'pizza_search' is not a valid view function or pattern name.
Traceback (most recent call last):
  File "D:\353504_SVIDINSKY_19\igi\lr5\pizza\views.py", line 457, in statistics_view
    return render(request, 'pizza/statistics.html', context)
  File "D:\353504_SVIDINSKY_19\IGI\LR5\.venv\Lib\site-packages\django\shortcuts.py", line 25, in render
    content = loader.render_to_string(template_name, context, request, using=using)
  File "D:\353504_SVIDINSKY_19\IGI\LR5\.venv\Lib\site-packages\django\template\loader.py", line 62, in render_to_string
    return template.render(context, request)
           ~~~~~~~~~~~~~~~^^^^^^^^^^^^^^^^^^
  File "D:\353504_SVIDINSKY_19\IGI\LR5\.venv\Lib\site-packages\django\template\backends\django.py", line 107, in render
    return self.template.render(context)
           ~~~~~~~~~~~~~~~~~~~~^^^^^^^^^
  File "D:\353504_SVIDINSKY_19\IGI\LR5\.venv\Lib\site-packages\django\template\base.py", line 171, in render
    return self._render(context)
           ~~~~~~~~~~~~^^^^^^^^^
  File "D:\353504_SVIDINSKY_19\IGI\LR5\.venv\Lib\site-packages\django\template\base.py", line 163, in _render
    return self.nodelist.render(context)
           ~~~~~~~~~~~~~~~~~~~~^^^^^^^^^
  File "D:\353504_SVIDINSKY_19\IGI\LR5\.venv\Lib\site-packages\django\template\base.py", line 1016, in render
    return SafeString("".join([node.render_annotated(context) for node in self]))
                               ~~~~~~~~~~~~~~~~~~~~~^^^^^^^^^
  File "D:\353504_SVIDINSKY_19\IGI\LR5\.venv\Lib\site-packages\django\template\base.py", line 977, in render_annotated
    return self.render(context)
           ~~~~~~~~~~~^^^^^^^^^
  File "D:\353504_SVIDINSKY_19\IGI\LR5\.venv\Lib\site-packages\django\template\loader_tags.py", line 159, in render
    return compiled_parent._render(context)
           ~~~~~~~~~~~~~~~~~~~~~~~^^^^^^^^^
  File "D:\353504_SVIDINSKY_19\IGI\LR5\.venv\Lib\site-packages\django\template\base.py", line 163, in _render
    return self.nodelist.render(context)
           ~~~~~~~~~~~~~~~~~~~~^^^^^^^^^
  File "D:\353504_SVIDINSKY_19\IGI\LR5\.venv\Lib\site-packages\django\template\base.py", line 1016, in render
    return SafeString("".join([node.render_annotated(context) for node in self]))
                               ~~~~~~~~~~~~~~~~~~~~~^^^^^^^^^
  File "D:\353504_SVIDINSKY_19\IGI\LR5\.venv\Lib\site-packages\django\template\base.py", line 977, in render_annotated
    return self.render(context)
           ~~~~~~~~~~~^^^^^^^^^
  File "D:\353504_SVIDINSKY_19\IGI\LR5\.venv\Lib\site-packages\django\template\defaulttags.py", line 480, in render
    url = reverse(view_name, args=args, kwargs=kwargs, current_app=current_app)
  File "D:\353504_SVIDINSKY_19\IGI\LR5\.venv\Lib\site-packages\django\urls\base.py", line 98, in reverse
    resolved_url = resolver._reverse_with_prefix(view, prefix, *args, **kwargs)
  File "D:\353504_SVIDINSKY_19\IGI\LR5\.venv\Lib\site-packages\django\urls\resolvers.py", line 831, in _reverse_with_prefix
    raise NoReverseMatch(msg)
django.urls.exceptions.NoReverseMatch: Reverse for 'pizza_search' not found. 'pizza_search' is not a valid view function or pattern name.
[INFO] 2025-05-26 18:30:04 "GET /statistics/ HTTP/1.1" 302 0
[ERROR] 2025-05-26 18:30:04 Internal Server Error: /
Traceback (most recent call last):
  File "D:\353504_SVIDINSKY_19\IGI\LR5\.venv\Lib\site-packages\django\core\handlers\exception.py", line 55, in inner
    response = get_response(request)
  File "D:\353504_SVIDINSKY_19\IGI\LR5\.venv\Lib\site-packages\django\core\handlers\base.py", line 220, in _get_response
    response = response.render()
  File "D:\353504_SVIDINSKY_19\IGI\LR5\.venv\Lib\site-packages\django\template\response.py", line 114, in render
    self.content = self.rendered_content
                   ^^^^^^^^^^^^^^^^^^^^^
  File "D:\353504_SVIDINSKY_19\IGI\LR5\.venv\Lib\site-packages\django\template\response.py", line 92, in rendered_content
    return template.render(context, self._request)
           ~~~~~~~~~~~~~~~^^^^^^^^^^^^^^^^^^^^^^^^
  File "D:\353504_SVIDINSKY_19\IGI\LR5\.venv\Lib\site-packages\django\template\backends\django.py", line 107, in render
    return self.template.render(context)
           ~~~~~~~~~~~~~~~~~~~~^^^^^^^^^
  File "D:\353504_SVIDINSKY_19\IGI\LR5\.venv\Lib\site-packages\django\template\base.py", line 171, in render
    return self._render(context)
           ~~~~~~~~~~~~^^^^^^^^^
  File "D:\353504_SVIDINSKY_19\IGI\LR5\.venv\Lib\site-packages\django\template\base.py", line 163, in _render
    return self.nodelist.render(context)
           ~~~~~~~~~~~~~~~~~~~~^^^^^^^^^
  File "D:\353504_SVIDINSKY_19\IGI\LR5\.venv\Lib\site-packages\django\template\base.py", line 1016, in render
    return SafeString("".join([node.render_annotated(context) for node in self]))
                               ~~~~~~~~~~~~~~~~~~~~~^^^^^^^^^
  File "D:\353504_SVIDINSKY_19\IGI\LR5\.venv\Lib\site-packages\django\template\base.py", line 977, in render_annotated
    return self.render(context)
           ~~~~~~~~~~~^^^^^^^^^
  File "D:\353504_SVIDINSKY_19\IGI\LR5\.venv\Lib\site-packages\django\template\loader_tags.py", line 159, in render
    return compiled_parent._render(context)
           ~~~~~~~~~~~~~~~~~~~~~~~^^^^^^^^^
  File "D:\353504_SVIDINSKY_19\IGI\LR5\.venv\Lib\site-packages\django\template\base.py", line 163, in _render
    return self.nodelist.render(context)
           ~~~~~~~~~~~~~~~~~~~~^^^^^^^^^
  File "D:\353504_SVIDINSKY_19\IGI\LR5\.venv\Lib\site-packages\django\template\base.py", line 1016, in render
    return SafeString("".join([node.render_annotated(context) for node in self]))
                               ~~~~~~~~~~~~~~~~~~~~~^^^^^^^^^
  File "D:\353504_SVIDINSKY_19\IGI\LR5\.venv\Lib\site-packages\django\template\base.py", line 977, in render_annotated
    return self.render(context)
           ~~~~~~~~~~~^^^^^^^^^
  File "D:\353504_SVIDINSKY_19\IGI\LR5\.venv\Lib\site-packages\django\template\defaulttags.py", line 480, in render
    url = reverse(view_name, args=args, kwargs=kwargs, current_app=current_app)
  File "D:\353504_SVIDINSKY_19\IGI\LR5\.venv\Lib\site-packages\django\urls\base.py", line 98, in reverse
    resolved_url = resolver._reverse_with_prefix(view, prefix, *args, **kwargs)
  File "D:\353504_SVIDINSKY_19\IGI\LR5\.venv\Lib\site-packages\django\urls\resolvers.py", line 831, in _reverse_with_prefix
    raise NoReverseMatch(msg)
django.urls.exceptions.NoReverseMatch: Reverse for 'pizza_search' not found. 'pizza_search' is not a valid view function or pattern name.
[ERROR] 2025-05-26 18:30:04 "GET / HTTP/1.1" 500 150430
[INFO] 2025-05-26 18:34:20 D:\353504_SVIDINSKY_19\IGI\LR5\pizza\urls.py changed, reloading.
[INFO] 2025-05-26 18:34:22 Watching for file changes with StatReloader
[INFO] 2025-05-26 18:34:28 D:\353504_SVIDINSKY_19\IGI\LR5\pizza\views.py changed, reloading.
[INFO] 2025-05-26 18:34:29 Watching for file changes with StatReloader
[INFO] 2025-05-26 18:35:06 Watching for file changes with StatReloader
[INFO] 2025-05-26 18:38:09 D:\353504_SVIDINSKY_19\IGI\LR5\pizza\views.py changed, reloading.
[INFO] 2025-05-26 18:38:09 Watching for file changes with StatReloader
[INFO] 2025-05-26 18:38:12 D:\353504_SVIDINSKY_19\IGI\LR5\pizza\decorators.py changed, reloading.
[INFO] 2025-05-26 18:38:12 Watching for file changes with StatReloader
[INFO] 2025-05-26 18:38:38 D:\353504_SVIDINSKY_19\IGI\LR5\pizza\decorators.py changed, reloading.
[INFO] 2025-05-26 18:38:39 Watching for file changes with StatReloader
[INFO] 2025-05-26 18:43:18 Watching for file changes with StatReloader
[INFO] 2025-05-26 18:43:22 "GET / HTTP/1.1" 200 3277
[WARNING] 2025-05-26 18:43:22 "GET /static/css/style.css HTTP/1.1" 404 1853
[WARNING] 2025-05-26 18:43:22 "GET /static/js/main.js HTTP/1.1" 404 1844
[WARNING] 2025-05-26 18:43:22 "GET /static/js/form-validation.js HTTP/1.1" 404 1877
[INFO] 2025-05-26 18:43:51 "GET /menu/ HTTP/1.1" 200 8386
[WARNING] 2025-05-26 18:43:51 "GET /static/js/form-validation.js HTTP/1.1" 404 1877
[WARNING] 2025-05-26 18:43:51 "GET /static/js/main.js HTTP/1.1" 404 1844
[WARNING] 2025-05-26 18:43:51 "GET /static/css/style.css HTTP/1.1" 404 1853
[ERROR] 2025-05-26 18:43:55 Internal Server Error: /promotions/
Traceback (most recent call last):
  File "D:\353504_SVIDINSKY_19\IGI\LR5\.venv\Lib\site-packages\django\core\handlers\exception.py", line 55, in inner
    response = get_response(request)
  File "D:\353504_SVIDINSKY_19\IGI\LR5\.venv\Lib\site-packages\django\core\handlers\base.py", line 220, in _get_response
    response = response.render()
  File "D:\353504_SVIDINSKY_19\IGI\LR5\.venv\Lib\site-packages\django\template\response.py", line 114, in render
    self.content = self.rendered_content
                   ^^^^^^^^^^^^^^^^^^^^^
  File "D:\353504_SVIDINSKY_19\IGI\LR5\.venv\Lib\site-packages\django\template\response.py", line 92, in rendered_content
    return template.render(context, self._request)
           ~~~~~~~~~~~~~~~^^^^^^^^^^^^^^^^^^^^^^^^
  File "D:\353504_SVIDINSKY_19\IGI\LR5\.venv\Lib\site-packages\django\template\backends\django.py", line 107, in render
    return self.template.render(context)
           ~~~~~~~~~~~~~~~~~~~~^^^^^^^^^
  File "D:\353504_SVIDINSKY_19\IGI\LR5\.venv\Lib\site-packages\django\template\base.py", line 171, in render
    return self._render(context)
           ~~~~~~~~~~~~^^^^^^^^^
  File "D:\353504_SVIDINSKY_19\IGI\LR5\.venv\Lib\site-packages\django\template\base.py", line 163, in _render
    return self.nodelist.render(context)
           ~~~~~~~~~~~~~~~~~~~~^^^^^^^^^
  File "D:\353504_SVIDINSKY_19\IGI\LR5\.venv\Lib\site-packages\django\template\base.py", line 1016, in render
    return SafeString("".join([node.render_annotated(context) for node in self]))
                               ~~~~~~~~~~~~~~~~~~~~~^^^^^^^^^
  File "D:\353504_SVIDINSKY_19\IGI\LR5\.venv\Lib\site-packages\django\template\base.py", line 977, in render_annotated
    return self.render(context)
           ~~~~~~~~~~~^^^^^^^^^
  File "D:\353504_SVIDINSKY_19\IGI\LR5\.venv\Lib\site-packages\django\template\loader_tags.py", line 159, in render
    return compiled_parent._render(context)
           ~~~~~~~~~~~~~~~~~~~~~~~^^^^^^^^^
  File "D:\353504_SVIDINSKY_19\IGI\LR5\.venv\Lib\site-packages\django\template\base.py", line 163, in _render
    return self.nodelist.render(context)
           ~~~~~~~~~~~~~~~~~~~~^^^^^^^^^
  File "D:\353504_SVIDINSKY_19\IGI\LR5\.venv\Lib\site-packages\django\template\base.py", line 1016, in render
    return SafeString("".join([node.render_annotated(context) for node in self]))
                               ~~~~~~~~~~~~~~~~~~~~~^^^^^^^^^
  File "D:\353504_SVIDINSKY_19\IGI\LR5\.venv\Lib\site-packages\django\template\base.py", line 977, in render_annotated
    return self.render(context)
           ~~~~~~~~~~~^^^^^^^^^
  File "D:\353504_SVIDINSKY_19\IGI\LR5\.venv\Lib\site-packages\django\template\loader_tags.py", line 65, in render
    result = block.nodelist.render(context)
  File "D:\353504_SVIDINSKY_19\IGI\LR5\.venv\Lib\site-packages\django\template\base.py", line 1016, in render
    return SafeString("".join([node.render_annotated(context) for node in self]))
                               ~~~~~~~~~~~~~~~~~~~~~^^^^^^^^^
  File "D:\353504_SVIDINSKY_19\IGI\LR5\.venv\Lib\site-packages\django\template\base.py", line 977, in render_annotated
    return self.render(context)
           ~~~~~~~~~~~^^^^^^^^^
  File "D:\353504_SVIDINSKY_19\IGI\LR5\.venv\Lib\site-packages\django\template\defaulttags.py", line 327, in render
    return nodelist.render(context)
           ~~~~~~~~~~~~~~~^^^^^^^^^
  File "D:\353504_SVIDINSKY_19\IGI\LR5\.venv\Lib\site-packages\django\template\base.py", line 1016, in render
    return SafeString("".join([node.render_annotated(context) for node in self]))
                               ~~~~~~~~~~~~~~~~~~~~~^^^^^^^^^
  File "D:\353504_SVIDINSKY_19\IGI\LR5\.venv\Lib\site-packages\django\template\base.py", line 977, in render_annotated
    return self.render(context)
           ~~~~~~~~~~~^^^^^^^^^
  File "D:\353504_SVIDINSKY_19\IGI\LR5\.venv\Lib\site-packages\django\template\defaulttags.py", line 480, in render
    url = reverse(view_name, args=args, kwargs=kwargs, current_app=current_app)
  File "D:\353504_SVIDINSKY_19\IGI\LR5\.venv\Lib\site-packages\django\urls\base.py", line 98, in reverse
    resolved_url = resolver._reverse_with_prefix(view, prefix, *args, **kwargs)
  File "D:\353504_SVIDINSKY_19\IGI\LR5\.venv\Lib\site-packages\django\urls\resolvers.py", line 831, in _reverse_with_prefix
    raise NoReverseMatch(msg)
django.urls.exceptions.NoReverseMatch: Reverse for 'apply_promo' not found. 'apply_promo' is not a valid view function or pattern name.
[ERROR] 2025-05-26 18:43:55 "GET /promotions/ HTTP/1.1" 500 165849
[INFO] 2025-05-26 18:43:58 "GET /pizza/create/ HTTP/1.1" 200 10144
[WARNING] 2025-05-26 18:43:58 "GET /static/css/style.css HTTP/1.1" 404 1853
[WARNING] 2025-05-26 18:43:58 "GET /static/js/main.js HTTP/1.1" 404 1844
[WARNING] 2025-05-26 18:43:58 "GET /static/js/form-validation.js HTTP/1.1" 404 1877
[ERROR] 2025-05-26 18:44:00 Internal Server Error: /orders_list/
Traceback (most recent call last):
  File "D:\353504_SVIDINSKY_19\IGI\LR5\.venv\Lib\site-packages\django\core\handlers\exception.py", line 55, in inner
    response = get_response(request)
  File "D:\353504_SVIDINSKY_19\IGI\LR5\.venv\Lib\site-packages\django\core\handlers\base.py", line 220, in _get_response
    response = response.render()
  File "D:\353504_SVIDINSKY_19\IGI\LR5\.venv\Lib\site-packages\django\template\response.py", line 114, in render
    self.content = self.rendered_content
                   ^^^^^^^^^^^^^^^^^^^^^
  File "D:\353504_SVIDINSKY_19\IGI\LR5\.venv\Lib\site-packages\django\template\response.py", line 90, in rendered_content
    template = self.resolve_template(self.template_name)
  File "D:\353504_SVIDINSKY_19\IGI\LR5\.venv\Lib\site-packages\django\template\response.py", line 72, in resolve_template
    return select_template(template, using=self.using)
  File "D:\353504_SVIDINSKY_19\IGI\LR5\.venv\Lib\site-packages\django\template\loader.py", line 47, in select_template
    raise TemplateDoesNotExist(", ".join(template_name_list), chain=chain)
django.template.exceptions.TemplateDoesNotExist: pizza/orders_list.html, pizza/order_list.html
[ERROR] 2025-05-26 18:44:00 "GET /orders_list/ HTTP/1.1" 500 86195
[ERROR] 2025-05-26 18:44:02 Internal Server Error: /couriers/
Traceback (most recent call last):
  File "D:\353504_SVIDINSKY_19\IGI\LR5\.venv\Lib\site-packages\django\core\handlers\exception.py", line 55, in inner
    response = get_response(request)
  File "D:\353504_SVIDINSKY_19\IGI\LR5\.venv\Lib\site-packages\django\core\handlers\base.py", line 220, in _get_response
    response = response.render()
  File "D:\353504_SVIDINSKY_19\IGI\LR5\.venv\Lib\site-packages\django\template\response.py", line 114, in render
    self.content = self.rendered_content
                   ^^^^^^^^^^^^^^^^^^^^^
  File "D:\353504_SVIDINSKY_19\IGI\LR5\.venv\Lib\site-packages\django\template\response.py", line 90, in rendered_content
    template = self.resolve_template(self.template_name)
  File "D:\353504_SVIDINSKY_19\IGI\LR5\.venv\Lib\site-packages\django\template\response.py", line 72, in resolve_template
    return select_template(template, using=self.using)
  File "D:\353504_SVIDINSKY_19\IGI\LR5\.venv\Lib\site-packages\django\template\loader.py", line 47, in select_template
    raise TemplateDoesNotExist(", ".join(template_name_list), chain=chain)
django.template.exceptions.TemplateDoesNotExist: pizza/couriers.html, pizza/courier_list.html
[ERROR] 2025-05-26 18:44:02 "GET /couriers/ HTTP/1.1" 500 86156
[DEBUG] 2025-05-26 18:44:04 Starting statistics calculation
[INFO] 2025-05-26 18:44:04 Statistics viewed by user alexander
[INFO] 2025-05-26 18:44:04 "GET /statistics/ HTTP/1.1" 200 105058
[WARNING] 2025-05-26 18:44:04 "GET /static/css/style.css HTTP/1.1" 404 1853
[WARNING] 2025-05-26 18:44:04 "GET /static/js/main.js HTTP/1.1" 404 1844
[WARNING] 2025-05-26 18:44:04 "GET /static/js/form-validation.js HTTP/1.1" 404 1877
[INFO] 2025-05-26 18:44:13 "GET /menu/ HTTP/1.1" 200 8386
[WARNING] 2025-05-26 18:44:13 "GET /static/js/main.js HTTP/1.1" 404 1844
[WARNING] 2025-05-26 18:44:13 "GET /static/css/style.css HTTP/1.1" 404 1853
[WARNING] 2025-05-26 18:44:13 "GET /static/js/form-validation.js HTTP/1.1" 404 1877
[INFO] 2025-05-26 18:44:15 "GET /order/new/ HTTP/1.1" 200 33281
[WARNING] 2025-05-26 18:44:15 "GET /static/js/main.js HTTP/1.1" 404 1844
[WARNING] 2025-05-26 18:44:15 "GET /static/js/form-validation.js HTTP/1.1" 404 1877
[WARNING] 2025-05-26 18:44:15 "GET /static/css/style.css HTTP/1.1" 404 1853
[ERROR] 2025-05-26 18:44:17 Internal Server Error: /my_orders/
Traceback (most recent call last):
  File "D:\353504_SVIDINSKY_19\IGI\LR5\.venv\Lib\site-packages\django\core\handlers\exception.py", line 55, in inner
    response = get_response(request)
  File "D:\353504_SVIDINSKY_19\IGI\LR5\.venv\Lib\site-packages\django\core\handlers\base.py", line 220, in _get_response
    response = response.render()
  File "D:\353504_SVIDINSKY_19\IGI\LR5\.venv\Lib\site-packages\django\template\response.py", line 114, in render
    self.content = self.rendered_content
                   ^^^^^^^^^^^^^^^^^^^^^
  File "D:\353504_SVIDINSKY_19\IGI\LR5\.venv\Lib\site-packages\django\template\response.py", line 90, in rendered_content
    template = self.resolve_template(self.template_name)
  File "D:\353504_SVIDINSKY_19\IGI\LR5\.venv\Lib\site-packages\django\template\response.py", line 72, in resolve_template
    return select_template(template, using=self.using)
  File "D:\353504_SVIDINSKY_19\IGI\LR5\.venv\Lib\site-packages\django\template\loader.py", line 47, in select_template
    raise TemplateDoesNotExist(", ".join(template_name_list), chain=chain)
django.template.exceptions.TemplateDoesNotExist: pizza/my_orders.html, pizza/order_list.html
[ERROR] 2025-05-26 18:44:17 "GET /my_orders/ HTTP/1.1" 500 86145
[INFO] 2025-05-26 18:44:19 "GET /admin/ HTTP/1.1" 200 18159
[INFO] 2025-05-26 18:44:23 "GET /menu/ HTTP/1.1" 200 8386
[WARNING] 2025-05-26 18:44:23 "GET /static/css/style.css HTTP/1.1" 404 1853
[WARNING] 2025-05-26 18:44:23 "GET /static/js/main.js HTTP/1.1" 404 1844
[WARNING] 2025-05-26 18:44:23 "GET /static/js/form-validation.js HTTP/1.1" 404 1877
[INFO] 2025-05-26 18:44:24 "GET /menu/ HTTP/1.1" 200 8386
[WARNING] 2025-05-26 18:44:24 "GET /static/css/style.css HTTP/1.1" 404 1853
[WARNING] 2025-05-26 18:44:24 "GET /static/js/main.js HTTP/1.1" 404 1844
[WARNING] 2025-05-26 18:44:24 "GET /static/js/form-validation.js HTTP/1.1" 404 1877
[INFO] 2025-05-26 18:44:25 "GET /search/ HTTP/1.1" 200 8951
[WARNING] 2025-05-26 18:44:25 "GET /static/css/style.css HTTP/1.1" 404 1853
[WARNING] 2025-05-26 18:44:25 "GET /static/js/form-validation.js HTTP/1.1" 404 1877
[WARNING] 2025-05-26 18:44:25 "GET /static/js/main.js HTTP/1.1" 404 1844
[INFO] 2025-05-26 18:44:36 "GET / HTTP/1.1" 200 3055
[WARNING] 2025-05-26 18:44:36 "GET /static/css/style.css HTTP/1.1" 404 1853
[WARNING] 2025-05-26 18:44:36 "GET /static/js/main.js HTTP/1.1" 404 1844
[WARNING] 2025-05-26 18:44:36 "GET /static/js/form-validation.js HTTP/1.1" 404 1877
[WARNING] 2025-05-26 18:44:38 Not Found: /home
[WARNING] 2025-05-26 18:44:38 "GET /home HTTP/1.1" 404 9123
[INFO] 2025-05-26 18:44:43 "GET / HTTP/1.1" 200 3055
[WARNING] 2025-05-26 18:44:43 "GET /static/js/main.js HTTP/1.1" 404 1844
[WARNING] 2025-05-26 18:44:43 "GET /static/css/style.css HTTP/1.1" 404 1853
[WARNING] 2025-05-26 18:44:43 "GET /static/js/form-validation.js HTTP/1.1" 404 1877
[INFO] 2025-05-26 18:45:28 "GET /order/new/ HTTP/1.1" 200 33447
[WARNING] 2025-05-26 18:45:28 "GET /static/js/main.js HTTP/1.1" 404 1844
[WARNING] 2025-05-26 18:45:28 "GET /static/css/style.css HTTP/1.1" 404 1853
[WARNING] 2025-05-26 18:45:28 "GET /static/js/form-validation.js HTTP/1.1" 404 1877
[DEBUG] 2025-05-26 18:45:41 Starting order creation process for user alexander
[INFO] 2025-05-26 18:45:41 Order created: 4 by user alexander
[INFO] 2025-05-26 18:45:41 Order 4 completed with total price: 804.00
[INFO] 2025-05-26 18:45:41 "POST /order/new/ HTTP/1.1" 302 0
[INFO] 2025-05-26 18:45:41 "GET /order/complete/ HTTP/1.1" 200 2182
[WARNING] 2025-05-26 18:45:41 "GET /static/css/style.css HTTP/1.1" 404 1853
[WARNING] 2025-05-26 18:45:41 "GET /static/js/main.js HTTP/1.1" 404 1844
[WARNING] 2025-05-26 18:45:41 "GET /static/js/form-validation.js HTTP/1.1" 404 1877
[ERROR] 2025-05-26 18:45:43 Internal Server Error: /my_orders/
Traceback (most recent call last):
  File "D:\353504_SVIDINSKY_19\IGI\LR5\.venv\Lib\site-packages\django\core\handlers\exception.py", line 55, in inner
    response = get_response(request)
  File "D:\353504_SVIDINSKY_19\IGI\LR5\.venv\Lib\site-packages\django\core\handlers\base.py", line 220, in _get_response
    response = response.render()
  File "D:\353504_SVIDINSKY_19\IGI\LR5\.venv\Lib\site-packages\django\template\response.py", line 114, in render
    self.content = self.rendered_content
                   ^^^^^^^^^^^^^^^^^^^^^
  File "D:\353504_SVIDINSKY_19\IGI\LR5\.venv\Lib\site-packages\django\template\response.py", line 90, in rendered_content
    template = self.resolve_template(self.template_name)
  File "D:\353504_SVIDINSKY_19\IGI\LR5\.venv\Lib\site-packages\django\template\response.py", line 72, in resolve_template
    return select_template(template, using=self.using)
  File "D:\353504_SVIDINSKY_19\IGI\LR5\.venv\Lib\site-packages\django\template\loader.py", line 47, in select_template
    raise TemplateDoesNotExist(", ".join(template_name_list), chain=chain)
django.template.exceptions.TemplateDoesNotExist: pizza/my_orders.html, pizza/order_list.html
[ERROR] 2025-05-26 18:45:43 "GET /my_orders/ HTTP/1.1" 500 86155
[ERROR] 2025-05-26 18:46:04 Internal Server Error: /my_orders/
Traceback (most recent call last):
  File "D:\353504_SVIDINSKY_19\IGI\LR5\.venv\Lib\site-packages\django\core\handlers\exception.py", line 55, in inner
    response = get_response(request)
  File "D:\353504_SVIDINSKY_19\IGI\LR5\.venv\Lib\site-packages\django\core\handlers\base.py", line 220, in _get_response
    response = response.render()
  File "D:\353504_SVIDINSKY_19\IGI\LR5\.venv\Lib\site-packages\django\template\response.py", line 114, in render
    self.content = self.rendered_content
                   ^^^^^^^^^^^^^^^^^^^^^
  File "D:\353504_SVIDINSKY_19\IGI\LR5\.venv\Lib\site-packages\django\template\response.py", line 90, in rendered_content
    template = self.resolve_template(self.template_name)
  File "D:\353504_SVIDINSKY_19\IGI\LR5\.venv\Lib\site-packages\django\template\response.py", line 72, in resolve_template
    return select_template(template, using=self.using)
  File "D:\353504_SVIDINSKY_19\IGI\LR5\.venv\Lib\site-packages\django\template\loader.py", line 47, in select_template
    raise TemplateDoesNotExist(", ".join(template_name_list), chain=chain)
django.template.exceptions.TemplateDoesNotExist: pizza/my_orders.html, pizza/order_list.html
[ERROR] 2025-05-26 18:46:04 "GET /my_orders/ HTTP/1.1" 500 86155
[INFO] 2025-05-26 18:46:13 "GET /admin/ HTTP/1.1" 200 18159
[ERROR] 2025-05-26 18:46:16 Internal Server Error: /couriers/
Traceback (most recent call last):
  File "D:\353504_SVIDINSKY_19\IGI\LR5\.venv\Lib\site-packages\django\core\handlers\exception.py", line 55, in inner
    response = get_response(request)
  File "D:\353504_SVIDINSKY_19\IGI\LR5\.venv\Lib\site-packages\django\core\handlers\base.py", line 220, in _get_response
    response = response.render()
  File "D:\353504_SVIDINSKY_19\IGI\LR5\.venv\Lib\site-packages\django\template\response.py", line 114, in render
    self.content = self.rendered_content
                   ^^^^^^^^^^^^^^^^^^^^^
  File "D:\353504_SVIDINSKY_19\IGI\LR5\.venv\Lib\site-packages\django\template\response.py", line 90, in rendered_content
    template = self.resolve_template(self.template_name)
  File "D:\353504_SVIDINSKY_19\IGI\LR5\.venv\Lib\site-packages\django\template\response.py", line 72, in resolve_template
    return select_template(template, using=self.using)
  File "D:\353504_SVIDINSKY_19\IGI\LR5\.venv\Lib\site-packages\django\template\loader.py", line 47, in select_template
    raise TemplateDoesNotExist(", ".join(template_name_list), chain=chain)
django.template.exceptions.TemplateDoesNotExist: pizza/couriers.html, pizza/courier_list.html
[ERROR] 2025-05-26 18:46:16 "GET /couriers/ HTTP/1.1" 500 86166
[INFO] 2025-05-26 18:46:39 "GET /logout/ HTTP/1.1" 302 0
[INFO] 2025-05-26 18:46:39 "GET /menu/ HTTP/1.1" 200 7826
[WARNING] 2025-05-26 18:46:39 "GET /static/css/style.css HTTP/1.1" 404 1853
[WARNING] 2025-05-26 18:46:39 "GET /static/js/form-validation.js HTTP/1.1" 404 1877
[WARNING] 2025-05-26 18:46:39 "GET /static/js/main.js HTTP/1.1" 404 1844
[INFO] 2025-05-26 18:46:43 "GET /login/ HTTP/1.1" 200 1758
[WARNING] 2025-05-26 18:46:43 "GET /static/css/style.css HTTP/1.1" 404 1853
[WARNING] 2025-05-26 18:46:43 "GET /static/js/main.js HTTP/1.1" 404 1844
[WARNING] 2025-05-26 18:46:43 "GET /static/js/form-validation.js HTTP/1.1" 404 1877
[INFO] 2025-05-26 18:46:47 "POST /login/ HTTP/1.1" 302 0
[INFO] 2025-05-26 18:46:47 "GET /menu/ HTTP/1.1" 200 7918
[WARNING] 2025-05-26 18:46:47 "GET /static/css/style.css HTTP/1.1" 404 1853
[WARNING] 2025-05-26 18:46:47 "GET /static/js/main.js HTTP/1.1" 404 1844
[WARNING] 2025-05-26 18:46:47 "GET /static/js/form-validation.js HTTP/1.1" 404 1877
[INFO] 2025-05-26 18:47:38 "GET /search/ HTTP/1.1" 200 8483
[WARNING] 2025-05-26 18:47:38 "GET /static/css/style.css HTTP/1.1" 404 1853
[WARNING] 2025-05-26 18:47:38 "GET /static/js/main.js HTTP/1.1" 404 1844
[WARNING] 2025-05-26 18:47:38 "GET /static/js/form-validation.js HTTP/1.1" 404 1877
[INFO] 2025-05-26 18:47:45 "GET /menu/ HTTP/1.1" 200 7918
[WARNING] 2025-05-26 18:47:45 "GET /static/css/style.css HTTP/1.1" 404 1853
[WARNING] 2025-05-26 18:47:45 "GET /static/js/main.js HTTP/1.1" 404 1844
[WARNING] 2025-05-26 18:47:45 "GET /static/js/form-validation.js HTTP/1.1" 404 1877
[INFO] 2025-05-26 18:47:45 "GET /search/ HTTP/1.1" 200 8483
[WARNING] 2025-05-26 18:47:46 "GET /static/css/style.css HTTP/1.1" 404 1853
[WARNING] 2025-05-26 18:47:46 "GET /static/js/main.js HTTP/1.1" 404 1844
[WARNING] 2025-05-26 18:47:46 "GET /static/js/form-validation.js HTTP/1.1" 404 1877
[INFO] 2025-05-26 18:47:49 "GET /search/?category=1&sauce=&min_price=&max_price= HTTP/1.1" 200 5716
[WARNING] 2025-05-26 18:47:49 "GET /static/css/style.css HTTP/1.1" 404 1853
[WARNING] 2025-05-26 18:47:49 "GET /static/js/main.js HTTP/1.1" 404 1844
[WARNING] 2025-05-26 18:47:49 "GET /static/js/form-validation.js HTTP/1.1" 404 1877
[INFO] 2025-05-26 18:47:53 "GET /menu/ HTTP/1.1" 200 7918
[WARNING] 2025-05-26 18:47:53 "GET /static/css/style.css HTTP/1.1" 404 1853
[WARNING] 2025-05-26 18:47:53 "GET /static/js/main.js HTTP/1.1" 404 1844
[WARNING] 2025-05-26 18:47:53 "GET /static/js/form-validation.js HTTP/1.1" 404 1877
[INFO] 2025-05-26 18:47:56 "GET /search/ HTTP/1.1" 200 8483
[WARNING] 2025-05-26 18:47:56 "GET /static/css/style.css HTTP/1.1" 404 1853
[WARNING] 2025-05-26 18:47:56 "GET /static/js/form-validation.js HTTP/1.1" 404 1877
[WARNING] 2025-05-26 18:47:56 "GET /static/js/main.js HTTP/1.1" 404 1844
[INFO] 2025-05-26 18:48:00 "GET /logout/ HTTP/1.1" 302 0
[INFO] 2025-05-26 18:48:00 "GET /menu/ HTTP/1.1" 200 7826
[WARNING] 2025-05-26 18:48:00 "GET /static/js/main.js HTTP/1.1" 404 1844
[WARNING] 2025-05-26 18:48:00 "GET /static/css/style.css HTTP/1.1" 404 1853
[WARNING] 2025-05-26 18:48:00 "GET /static/js/form-validation.js HTTP/1.1" 404 1877
[INFO] 2025-05-26 18:48:01 "GET /login/ HTTP/1.1" 200 1758
[WARNING] 2025-05-26 18:48:01 "GET /static/css/style.css HTTP/1.1" 404 1853
[WARNING] 2025-05-26 18:48:01 "GET /static/js/main.js HTTP/1.1" 404 1844
[WARNING] 2025-05-26 18:48:01 "GET /static/js/form-validation.js HTTP/1.1" 404 1877
[INFO] 2025-05-26 18:48:06 "POST /login/ HTTP/1.1" 302 0
[INFO] 2025-05-26 18:48:06 "GET /menu/ HTTP/1.1" 200 8386
[WARNING] 2025-05-26 18:48:06 "GET /static/js/main.js HTTP/1.1" 404 1844
[WARNING] 2025-05-26 18:48:06 "GET /static/css/style.css HTTP/1.1" 404 1853
[WARNING] 2025-05-26 18:48:06 "GET /static/js/form-validation.js HTTP/1.1" 404 1877
[INFO] 2025-05-26 18:48:08 "GET /menu/ HTTP/1.1" 200 8386
[WARNING] 2025-05-26 18:48:08 "GET /static/css/style.css HTTP/1.1" 404 1853
[WARNING] 2025-05-26 18:48:08 "GET /static/js/main.js HTTP/1.1" 404 1844
[WARNING] 2025-05-26 18:48:08 "GET /static/js/form-validation.js HTTP/1.1" 404 1877
[INFO] 2025-05-26 18:48:09 "GET /search/ HTTP/1.1" 200 8951
[WARNING] 2025-05-26 18:48:09 "GET /static/css/style.css HTTP/1.1" 404 1853
[WARNING] 2025-05-26 18:48:09 "GET /static/js/main.js HTTP/1.1" 404 1844
[WARNING] 2025-05-26 18:48:09 "GET /static/js/form-validation.js HTTP/1.1" 404 1877
[ERROR] 2025-05-26 18:48:11 Internal Server Error: /promotions/
Traceback (most recent call last):
  File "D:\353504_SVIDINSKY_19\IGI\LR5\.venv\Lib\site-packages\django\core\handlers\exception.py", line 55, in inner
    response = get_response(request)
  File "D:\353504_SVIDINSKY_19\IGI\LR5\.venv\Lib\site-packages\django\core\handlers\base.py", line 220, in _get_response
    response = response.render()
  File "D:\353504_SVIDINSKY_19\IGI\LR5\.venv\Lib\site-packages\django\template\response.py", line 114, in render
    self.content = self.rendered_content
                   ^^^^^^^^^^^^^^^^^^^^^
  File "D:\353504_SVIDINSKY_19\IGI\LR5\.venv\Lib\site-packages\django\template\response.py", line 92, in rendered_content
    return template.render(context, self._request)
           ~~~~~~~~~~~~~~~^^^^^^^^^^^^^^^^^^^^^^^^
  File "D:\353504_SVIDINSKY_19\IGI\LR5\.venv\Lib\site-packages\django\template\backends\django.py", line 107, in render
    return self.template.render(context)
           ~~~~~~~~~~~~~~~~~~~~^^^^^^^^^
  File "D:\353504_SVIDINSKY_19\IGI\LR5\.venv\Lib\site-packages\django\template\base.py", line 171, in render
    return self._render(context)
           ~~~~~~~~~~~~^^^^^^^^^
  File "D:\353504_SVIDINSKY_19\IGI\LR5\.venv\Lib\site-packages\django\template\base.py", line 163, in _render
    return self.nodelist.render(context)
           ~~~~~~~~~~~~~~~~~~~~^^^^^^^^^
  File "D:\353504_SVIDINSKY_19\IGI\LR5\.venv\Lib\site-packages\django\template\base.py", line 1016, in render
    return SafeString("".join([node.render_annotated(context) for node in self]))
                               ~~~~~~~~~~~~~~~~~~~~~^^^^^^^^^
  File "D:\353504_SVIDINSKY_19\IGI\LR5\.venv\Lib\site-packages\django\template\base.py", line 977, in render_annotated
    return self.render(context)
           ~~~~~~~~~~~^^^^^^^^^
  File "D:\353504_SVIDINSKY_19\IGI\LR5\.venv\Lib\site-packages\django\template\loader_tags.py", line 159, in render
    return compiled_parent._render(context)
           ~~~~~~~~~~~~~~~~~~~~~~~^^^^^^^^^
  File "D:\353504_SVIDINSKY_19\IGI\LR5\.venv\Lib\site-packages\django\template\base.py", line 163, in _render
    return self.nodelist.render(context)
           ~~~~~~~~~~~~~~~~~~~~^^^^^^^^^
  File "D:\353504_SVIDINSKY_19\IGI\LR5\.venv\Lib\site-packages\django\template\base.py", line 1016, in render
    return SafeString("".join([node.render_annotated(context) for node in self]))
                               ~~~~~~~~~~~~~~~~~~~~~^^^^^^^^^
  File "D:\353504_SVIDINSKY_19\IGI\LR5\.venv\Lib\site-packages\django\template\base.py", line 977, in render_annotated
    return self.render(context)
           ~~~~~~~~~~~^^^^^^^^^
  File "D:\353504_SVIDINSKY_19\IGI\LR5\.venv\Lib\site-packages\django\template\loader_tags.py", line 65, in render
    result = block.nodelist.render(context)
  File "D:\353504_SVIDINSKY_19\IGI\LR5\.venv\Lib\site-packages\django\template\base.py", line 1016, in render
    return SafeString("".join([node.render_annotated(context) for node in self]))
                               ~~~~~~~~~~~~~~~~~~~~~^^^^^^^^^
  File "D:\353504_SVIDINSKY_19\IGI\LR5\.venv\Lib\site-packages\django\template\base.py", line 977, in render_annotated
    return self.render(context)
           ~~~~~~~~~~~^^^^^^^^^
  File "D:\353504_SVIDINSKY_19\IGI\LR5\.venv\Lib\site-packages\django\template\defaulttags.py", line 327, in render
    return nodelist.render(context)
           ~~~~~~~~~~~~~~~^^^^^^^^^
  File "D:\353504_SVIDINSKY_19\IGI\LR5\.venv\Lib\site-packages\django\template\base.py", line 1016, in render
    return SafeString("".join([node.render_annotated(context) for node in self]))
                               ~~~~~~~~~~~~~~~~~~~~~^^^^^^^^^
  File "D:\353504_SVIDINSKY_19\IGI\LR5\.venv\Lib\site-packages\django\template\base.py", line 977, in render_annotated
    return self.render(context)
           ~~~~~~~~~~~^^^^^^^^^
  File "D:\353504_SVIDINSKY_19\IGI\LR5\.venv\Lib\site-packages\django\template\defaulttags.py", line 480, in render
    url = reverse(view_name, args=args, kwargs=kwargs, current_app=current_app)
  File "D:\353504_SVIDINSKY_19\IGI\LR5\.venv\Lib\site-packages\django\urls\base.py", line 98, in reverse
    resolved_url = resolver._reverse_with_prefix(view, prefix, *args, **kwargs)
  File "D:\353504_SVIDINSKY_19\IGI\LR5\.venv\Lib\site-packages\django\urls\resolvers.py", line 831, in _reverse_with_prefix
    raise NoReverseMatch(msg)
django.urls.exceptions.NoReverseMatch: Reverse for 'apply_promo' not found. 'apply_promo' is not a valid view function or pattern name.
[ERROR] 2025-05-26 18:48:11 "GET /promotions/ HTTP/1.1" 500 165851
[ERROR] 2025-05-26 18:48:13 Internal Server Error: /promotions/
Traceback (most recent call last):
  File "D:\353504_SVIDINSKY_19\IGI\LR5\.venv\Lib\site-packages\django\core\handlers\exception.py", line 55, in inner
    response = get_response(request)
  File "D:\353504_SVIDINSKY_19\IGI\LR5\.venv\Lib\site-packages\django\core\handlers\base.py", line 220, in _get_response
    response = response.render()
  File "D:\353504_SVIDINSKY_19\IGI\LR5\.venv\Lib\site-packages\django\template\response.py", line 114, in render
    self.content = self.rendered_content
                   ^^^^^^^^^^^^^^^^^^^^^
  File "D:\353504_SVIDINSKY_19\IGI\LR5\.venv\Lib\site-packages\django\template\response.py", line 92, in rendered_content
    return template.render(context, self._request)
           ~~~~~~~~~~~~~~~^^^^^^^^^^^^^^^^^^^^^^^^
  File "D:\353504_SVIDINSKY_19\IGI\LR5\.venv\Lib\site-packages\django\template\backends\django.py", line 107, in render
    return self.template.render(context)
           ~~~~~~~~~~~~~~~~~~~~^^^^^^^^^
  File "D:\353504_SVIDINSKY_19\IGI\LR5\.venv\Lib\site-packages\django\template\base.py", line 171, in render
    return self._render(context)
           ~~~~~~~~~~~~^^^^^^^^^
  File "D:\353504_SVIDINSKY_19\IGI\LR5\.venv\Lib\site-packages\django\template\base.py", line 163, in _render
    return self.nodelist.render(context)
           ~~~~~~~~~~~~~~~~~~~~^^^^^^^^^
  File "D:\353504_SVIDINSKY_19\IGI\LR5\.venv\Lib\site-packages\django\template\base.py", line 1016, in render
    return SafeString("".join([node.render_annotated(context) for node in self]))
                               ~~~~~~~~~~~~~~~~~~~~~^^^^^^^^^
  File "D:\353504_SVIDINSKY_19\IGI\LR5\.venv\Lib\site-packages\django\template\base.py", line 977, in render_annotated
    return self.render(context)
           ~~~~~~~~~~~^^^^^^^^^
  File "D:\353504_SVIDINSKY_19\IGI\LR5\.venv\Lib\site-packages\django\template\loader_tags.py", line 159, in render
    return compiled_parent._render(context)
           ~~~~~~~~~~~~~~~~~~~~~~~^^^^^^^^^
  File "D:\353504_SVIDINSKY_19\IGI\LR5\.venv\Lib\site-packages\django\template\base.py", line 163, in _render
    return self.nodelist.render(context)
           ~~~~~~~~~~~~~~~~~~~~^^^^^^^^^
  File "D:\353504_SVIDINSKY_19\IGI\LR5\.venv\Lib\site-packages\django\template\base.py", line 1016, in render
    return SafeString("".join([node.render_annotated(context) for node in self]))
                               ~~~~~~~~~~~~~~~~~~~~~^^^^^^^^^
  File "D:\353504_SVIDINSKY_19\IGI\LR5\.venv\Lib\site-packages\django\template\base.py", line 977, in render_annotated
    return self.render(context)
           ~~~~~~~~~~~^^^^^^^^^
  File "D:\353504_SVIDINSKY_19\IGI\LR5\.venv\Lib\site-packages\django\template\loader_tags.py", line 65, in render
    result = block.nodelist.render(context)
  File "D:\353504_SVIDINSKY_19\IGI\LR5\.venv\Lib\site-packages\django\template\base.py", line 1016, in render
    return SafeString("".join([node.render_annotated(context) for node in self]))
                               ~~~~~~~~~~~~~~~~~~~~~^^^^^^^^^
  File "D:\353504_SVIDINSKY_19\IGI\LR5\.venv\Lib\site-packages\django\template\base.py", line 977, in render_annotated
    return self.render(context)
           ~~~~~~~~~~~^^^^^^^^^
  File "D:\353504_SVIDINSKY_19\IGI\LR5\.venv\Lib\site-packages\django\template\defaulttags.py", line 327, in render
    return nodelist.render(context)
           ~~~~~~~~~~~~~~~^^^^^^^^^
  File "D:\353504_SVIDINSKY_19\IGI\LR5\.venv\Lib\site-packages\django\template\base.py", line 1016, in render
    return SafeString("".join([node.render_annotated(context) for node in self]))
                               ~~~~~~~~~~~~~~~~~~~~~^^^^^^^^^
  File "D:\353504_SVIDINSKY_19\IGI\LR5\.venv\Lib\site-packages\django\template\base.py", line 977, in render_annotated
    return self.render(context)
           ~~~~~~~~~~~^^^^^^^^^
  File "D:\353504_SVIDINSKY_19\IGI\LR5\.venv\Lib\site-packages\django\template\defaulttags.py", line 480, in render
    url = reverse(view_name, args=args, kwargs=kwargs, current_app=current_app)
  File "D:\353504_SVIDINSKY_19\IGI\LR5\.venv\Lib\site-packages\django\urls\base.py", line 98, in reverse
    resolved_url = resolver._reverse_with_prefix(view, prefix, *args, **kwargs)
  File "D:\353504_SVIDINSKY_19\IGI\LR5\.venv\Lib\site-packages\django\urls\resolvers.py", line 831, in _reverse_with_prefix
    raise NoReverseMatch(msg)
django.urls.exceptions.NoReverseMatch: Reverse for 'apply_promo' not found. 'apply_promo' is not a valid view function or pattern name.
[ERROR] 2025-05-26 18:48:13 "GET /promotions/ HTTP/1.1" 500 165851
[INFO] 2025-05-26 18:48:52 "GET /admin/ HTTP/1.1" 200 18159
[INFO] 2025-05-26 18:48:54 "GET /admin/pizza/courier/ HTTP/1.1" 200 15590
[INFO] 2025-05-26 18:48:54 "GET /admin/jsi18n/ HTTP/1.1" 200 3342
[INFO] 2025-05-26 18:48:59 "GET /admin/pizza/employee/ HTTP/1.1" 200 17959
[INFO] 2025-05-26 18:48:59 "GET /admin/jsi18n/ HTTP/1.1" 200 3342
[INFO] 2025-05-26 18:49:00 "GET /admin/pizza/article/ HTTP/1.1" 200 15955
[INFO] 2025-05-26 18:49:00 "GET /admin/jsi18n/ HTTP/1.1" 200 3342
[INFO] 2025-05-26 18:49:05 "GET /admin/pizza/promo/ HTTP/1.1" 200 16584
[INFO] 2025-05-26 18:49:05 "GET /admin/jsi18n/ HTTP/1.1" 200 3342
[INFO] 2025-05-26 18:49:12 "GET /admin/pizza/promo/add/ HTTP/1.1" 200 19141
[INFO] 2025-05-26 18:49:12 "GET /admin/jsi18n/ HTTP/1.1" 200 3342
[INFO] 2025-05-26 18:49:12 "GET /static/admin/img/icon-clock.svg HTTP/1.1" 304 0
[INFO] 2025-05-26 18:49:40 "POST /admin/pizza/promo/add/ HTTP/1.1" 302 0
[INFO] 2025-05-26 18:49:40 "GET /admin/pizza/promo/ HTTP/1.1" 200 18874
[INFO] 2025-05-26 18:49:40 "GET /admin/jsi18n/ HTTP/1.1" 200 3342
[INFO] 2025-05-26 18:49:42 "GET /admin/pizza/pizza/ HTTP/1.1" 200 26257
[INFO] 2025-05-26 18:49:42 "GET /admin/jsi18n/ HTTP/1.1" 200 3342
[INFO] 2025-05-26 18:49:46 "GET /admin/pizza/vacancy/ HTTP/1.1" 200 16598
[INFO] 2025-05-26 18:49:46 "GET /admin/jsi18n/ HTTP/1.1" 200 3342
[INFO] 2025-05-26 18:49:54 "GET /admin/pizza/allergen/ HTTP/1.1" 200 17434
[INFO] 2025-05-26 18:49:54 "GET /admin/jsi18n/ HTTP/1.1" 200 3342
[INFO] 2025-05-26 18:49:55 "GET /admin/auth/user/ HTTP/1.1" 200 20743
[INFO] 2025-05-26 18:49:55 "GET /admin/jsi18n/ HTTP/1.1" 200 3342
[INFO] 2025-05-26 18:49:55 "GET /static/admin/img/sorting-icons.svg HTTP/1.1" 304 0
[INFO] 2025-05-26 18:49:56 "GET /admin/auth/group/ HTTP/1.1" 200 17193
[INFO] 2025-05-26 18:49:56 "GET /admin/jsi18n/ HTTP/1.1" 200 3342
[INFO] 2025-05-26 18:49:58 "GET /admin/auth/group/1/change/ HTTP/1.1" 200 25283
[INFO] 2025-05-26 18:49:58 "GET /admin/jsi18n/ HTTP/1.1" 200 3342
[INFO] 2025-05-26 18:50:08 "GET /admin/auth/user/ HTTP/1.1" 200 20743
[INFO] 2025-05-26 18:50:08 "GET /admin/jsi18n/ HTTP/1.1" 200 3342
[INFO] 2025-05-26 18:50:10 "GET /admin/auth/group/ HTTP/1.1" 200 17193
[INFO] 2025-05-26 18:50:10 "GET /admin/jsi18n/ HTTP/1.1" 200 3342
[INFO] 2025-05-26 18:50:14 "GET /admin/auth/user/ HTTP/1.1" 200 20743
[INFO] 2025-05-26 18:50:14 "GET /admin/jsi18n/ HTTP/1.1" 200 3342
[INFO] 2025-05-26 18:50:16 "GET /admin/auth/user/3/change/ HTTP/1.1" 200 35077
[INFO] 2025-05-26 18:50:16 "GET /admin/jsi18n/ HTTP/1.1" 200 3342
[INFO] 2025-05-26 18:50:21 D:\353504_SVIDINSKY_19\IGI\LR5\pizza\views.py changed, reloading.
[INFO] 2025-05-26 18:50:23 Watching for file changes with StatReloader
[INFO] 2025-05-26 18:50:25 "POST /admin/auth/user/3/change/ HTTP/1.1" 302 0
[INFO] 2025-05-26 18:50:25 "GET /admin/auth/user/ HTTP/1.1" 200 20936
[INFO] 2025-05-26 18:50:25 "GET /admin/jsi18n/ HTTP/1.1" 200 3342
[INFO] 2025-05-26 18:50:34 "GET /admin/pizza/article/ HTTP/1.1" 200 15955
[INFO] 2025-05-26 18:50:34 "GET /admin/jsi18n/ HTTP/1.1" 200 3342
[INFO] 2025-05-26 18:50:36 "GET /admin/pizza/companyinfo/ HTTP/1.1" 200 15623
[INFO] 2025-05-26 18:50:36 "GET /admin/jsi18n/ HTTP/1.1" 200 3342
[INFO] 2025-05-26 18:50:56 D:\353504_SVIDINSKY_19\IGI\LR5\pizza\views.py changed, reloading.
[INFO] 2025-05-26 18:50:56 Watching for file changes with StatReloader
[INFO] 2025-05-26 18:51:02 "GET / HTTP/1.1" 200 3229
[WARNING] 2025-05-26 18:51:02 "GET /static/css/style.css HTTP/1.1" 404 1853
[WARNING] 2025-05-26 18:51:02 "GET /static/js/main.js HTTP/1.1" 404 1844
[WARNING] 2025-05-26 18:51:02 "GET /static/js/form-validation.js HTTP/1.1" 404 1877
[INFO] 2025-05-26 18:51:14 "GET /my_orders/ HTTP/1.1" 200 3690
[WARNING] 2025-05-26 18:51:14 "GET /static/css/style.css HTTP/1.1" 404 1853
[WARNING] 2025-05-26 18:51:14 "GET /static/js/main.js HTTP/1.1" 404 1844
[WARNING] 2025-05-26 18:51:14 "GET /static/js/form-validation.js HTTP/1.1" 404 1877
[INFO] 2025-05-26 18:51:23 "GET /order/new/ HTTP/1.1" 200 33301
[WARNING] 2025-05-26 18:51:23 "GET /static/css/style.css HTTP/1.1" 404 1853
[WARNING] 2025-05-26 18:51:23 "GET /static/js/main.js HTTP/1.1" 404 1844
[WARNING] 2025-05-26 18:51:23 "GET /static/js/form-validation.js HTTP/1.1" 404 1877
[INFO] 2025-05-26 18:51:24 "GET /couriers/ HTTP/1.1" 200 1991
[WARNING] 2025-05-26 18:51:24 "GET /static/css/style.css HTTP/1.1" 404 1853
[WARNING] 2025-05-26 18:51:24 "GET /static/js/main.js HTTP/1.1" 404 1844
[WARNING] 2025-05-26 18:51:24 "GET /static/js/form-validation.js HTTP/1.1" 404 1877
[INFO] 2025-05-26 18:51:26 "GET /pizza/create/ HTTP/1.1" 200 10192
[WARNING] 2025-05-26 18:51:26 "GET /static/css/style.css HTTP/1.1" 404 1853
[WARNING] 2025-05-26 18:51:26 "GET /static/js/main.js HTTP/1.1" 404 1844
[WARNING] 2025-05-26 18:51:26 "GET /static/js/form-validation.js HTTP/1.1" 404 1877
[DEBUG] 2025-05-26 18:51:28 Starting statistics calculation
[INFO] 2025-05-26 18:51:28 Statistics viewed by user alexander
[INFO] 2025-05-26 18:51:28 "GET /statistics/ HTTP/1.1" 200 103180
[WARNING] 2025-05-26 18:51:28 "GET /static/css/style.css HTTP/1.1" 404 1853
[WARNING] 2025-05-26 18:51:28 "GET /static/js/main.js HTTP/1.1" 404 1844
[WARNING] 2025-05-26 18:51:28 "GET /static/js/form-validation.js HTTP/1.1" 404 1877
[ERROR] 2025-05-26 18:51:32 Internal Server Error: /orders_list/
Traceback (most recent call last):
  File "D:\353504_SVIDINSKY_19\IGI\LR5\.venv\Lib\site-packages\django\core\handlers\exception.py", line 55, in inner
    response = get_response(request)
  File "D:\353504_SVIDINSKY_19\IGI\LR5\.venv\Lib\site-packages\django\core\handlers\base.py", line 220, in _get_response
    response = response.render()
  File "D:\353504_SVIDINSKY_19\IGI\LR5\.venv\Lib\site-packages\django\template\response.py", line 114, in render
    self.content = self.rendered_content
                   ^^^^^^^^^^^^^^^^^^^^^
  File "D:\353504_SVIDINSKY_19\IGI\LR5\.venv\Lib\site-packages\django\template\response.py", line 90, in rendered_content
    template = self.resolve_template(self.template_name)
  File "D:\353504_SVIDINSKY_19\IGI\LR5\.venv\Lib\site-packages\django\template\response.py", line 72, in resolve_template
    return select_template(template, using=self.using)
  File "D:\353504_SVIDINSKY_19\IGI\LR5\.venv\Lib\site-packages\django\template\loader.py", line 47, in select_template
    raise TemplateDoesNotExist(", ".join(template_name_list), chain=chain)
django.template.exceptions.TemplateDoesNotExist: pizza/orders_list.html, pizza/order_list.html
[ERROR] 2025-05-26 18:51:32 "GET /orders_list/ HTTP/1.1" 500 86201
[ERROR] 2025-05-26 18:51:35 Internal Server Error: /promotions/
Traceback (most recent call last):
  File "D:\353504_SVIDINSKY_19\IGI\LR5\.venv\Lib\site-packages\django\core\handlers\exception.py", line 55, in inner
    response = get_response(request)
  File "D:\353504_SVIDINSKY_19\IGI\LR5\.venv\Lib\site-packages\django\core\handlers\base.py", line 220, in _get_response
    response = response.render()
  File "D:\353504_SVIDINSKY_19\IGI\LR5\.venv\Lib\site-packages\django\template\response.py", line 114, in render
    self.content = self.rendered_content
                   ^^^^^^^^^^^^^^^^^^^^^
  File "D:\353504_SVIDINSKY_19\IGI\LR5\.venv\Lib\site-packages\django\template\response.py", line 92, in rendered_content
    return template.render(context, self._request)
           ~~~~~~~~~~~~~~~^^^^^^^^^^^^^^^^^^^^^^^^
  File "D:\353504_SVIDINSKY_19\IGI\LR5\.venv\Lib\site-packages\django\template\backends\django.py", line 107, in render
    return self.template.render(context)
           ~~~~~~~~~~~~~~~~~~~~^^^^^^^^^
  File "D:\353504_SVIDINSKY_19\IGI\LR5\.venv\Lib\site-packages\django\template\base.py", line 171, in render
    return self._render(context)
           ~~~~~~~~~~~~^^^^^^^^^
  File "D:\353504_SVIDINSKY_19\IGI\LR5\.venv\Lib\site-packages\django\template\base.py", line 163, in _render
    return self.nodelist.render(context)
           ~~~~~~~~~~~~~~~~~~~~^^^^^^^^^
  File "D:\353504_SVIDINSKY_19\IGI\LR5\.venv\Lib\site-packages\django\template\base.py", line 1016, in render
    return SafeString("".join([node.render_annotated(context) for node in self]))
                               ~~~~~~~~~~~~~~~~~~~~~^^^^^^^^^
  File "D:\353504_SVIDINSKY_19\IGI\LR5\.venv\Lib\site-packages\django\template\base.py", line 977, in render_annotated
    return self.render(context)
           ~~~~~~~~~~~^^^^^^^^^
  File "D:\353504_SVIDINSKY_19\IGI\LR5\.venv\Lib\site-packages\django\template\loader_tags.py", line 159, in render
    return compiled_parent._render(context)
           ~~~~~~~~~~~~~~~~~~~~~~~^^^^^^^^^
  File "D:\353504_SVIDINSKY_19\IGI\LR5\.venv\Lib\site-packages\django\template\base.py", line 163, in _render
    return self.nodelist.render(context)
           ~~~~~~~~~~~~~~~~~~~~^^^^^^^^^
  File "D:\353504_SVIDINSKY_19\IGI\LR5\.venv\Lib\site-packages\django\template\base.py", line 1016, in render
    return SafeString("".join([node.render_annotated(context) for node in self]))
                               ~~~~~~~~~~~~~~~~~~~~~^^^^^^^^^
  File "D:\353504_SVIDINSKY_19\IGI\LR5\.venv\Lib\site-packages\django\template\base.py", line 977, in render_annotated
    return self.render(context)
           ~~~~~~~~~~~^^^^^^^^^
  File "D:\353504_SVIDINSKY_19\IGI\LR5\.venv\Lib\site-packages\django\template\loader_tags.py", line 65, in render
    result = block.nodelist.render(context)
  File "D:\353504_SVIDINSKY_19\IGI\LR5\.venv\Lib\site-packages\django\template\base.py", line 1016, in render
    return SafeString("".join([node.render_annotated(context) for node in self]))
                               ~~~~~~~~~~~~~~~~~~~~~^^^^^^^^^
  File "D:\353504_SVIDINSKY_19\IGI\LR5\.venv\Lib\site-packages\django\template\base.py", line 977, in render_annotated
    return self.render(context)
           ~~~~~~~~~~~^^^^^^^^^
  File "D:\353504_SVIDINSKY_19\IGI\LR5\.venv\Lib\site-packages\django\template\defaulttags.py", line 327, in render
    return nodelist.render(context)
           ~~~~~~~~~~~~~~~^^^^^^^^^
  File "D:\353504_SVIDINSKY_19\IGI\LR5\.venv\Lib\site-packages\django\template\base.py", line 1016, in render
    return SafeString("".join([node.render_annotated(context) for node in self]))
                               ~~~~~~~~~~~~~~~~~~~~~^^^^^^^^^
  File "D:\353504_SVIDINSKY_19\IGI\LR5\.venv\Lib\site-packages\django\template\base.py", line 977, in render_annotated
    return self.render(context)
           ~~~~~~~~~~~^^^^^^^^^
  File "D:\353504_SVIDINSKY_19\IGI\LR5\.venv\Lib\site-packages\django\template\defaulttags.py", line 480, in render
    url = reverse(view_name, args=args, kwargs=kwargs, current_app=current_app)
  File "D:\353504_SVIDINSKY_19\IGI\LR5\.venv\Lib\site-packages\django\urls\base.py", line 98, in reverse
    resolved_url = resolver._reverse_with_prefix(view, prefix, *args, **kwargs)
  File "D:\353504_SVIDINSKY_19\IGI\LR5\.venv\Lib\site-packages\django\urls\resolvers.py", line 831, in _reverse_with_prefix
    raise NoReverseMatch(msg)
django.urls.exceptions.NoReverseMatch: Reverse for 'apply_promo' not found. 'apply_promo' is not a valid view function or pattern name.
[ERROR] 2025-05-26 18:51:35 "GET /promotions/ HTTP/1.1" 500 166744
[INFO] 2025-05-26 18:51:38 "GET /menu/ HTTP/1.1" 200 8434
[WARNING] 2025-05-26 18:51:38 "GET /static/css/style.css HTTP/1.1" 404 1853
[WARNING] 2025-05-26 18:51:38 "GET /static/js/main.js HTTP/1.1" 404 1844
[WARNING] 2025-05-26 18:51:38 "GET /static/js/form-validation.js HTTP/1.1" 404 1877
[INFO] 2025-05-26 18:51:43 "GET /search/ HTTP/1.1" 200 8999
[WARNING] 2025-05-26 18:51:43 "GET /static/css/style.css HTTP/1.1" 404 1853
[WARNING] 2025-05-26 18:51:43 "GET /static/js/form-validation.js HTTP/1.1" 404 1877
[WARNING] 2025-05-26 18:51:43 "GET /static/js/main.js HTTP/1.1" 404 1844
[INFO] 2025-05-26 18:51:55 "GET /menu/ HTTP/1.1" 200 8434
[WARNING] 2025-05-26 18:51:55 "GET /static/css/style.css HTTP/1.1" 404 1853
[WARNING] 2025-05-26 18:51:55 "GET /static/js/main.js HTTP/1.1" 404 1844
[WARNING] 2025-05-26 18:51:55 "GET /static/js/form-validation.js HTTP/1.1" 404 1877
[INFO] 2025-05-26 18:51:57 "GET /search/ HTTP/1.1" 200 8999
[WARNING] 2025-05-26 18:51:57 "GET /static/css/style.css HTTP/1.1" 404 1853
[WARNING] 2025-05-26 18:51:57 "GET /static/js/main.js HTTP/1.1" 404 1844
[WARNING] 2025-05-26 18:51:57 "GET /static/js/form-validation.js HTTP/1.1" 404 1877
[INFO] 2025-05-26 18:52:32 "GET /menu/ HTTP/1.1" 200 8434
[WARNING] 2025-05-26 18:52:33 "GET /static/css/style.css HTTP/1.1" 404 1853
[WARNING] 2025-05-26 18:52:33 "GET /static/js/main.js HTTP/1.1" 404 1844
[WARNING] 2025-05-26 18:52:33 "GET /static/js/form-validation.js HTTP/1.1" 404 1877
[INFO] 2025-05-26 18:53:15 "GET / HTTP/1.1" 200 3229
[WARNING] 2025-05-26 18:53:15 "GET /static/css/style.css HTTP/1.1" 404 1853
[WARNING] 2025-05-26 18:53:15 "GET /static/js/main.js HTTP/1.1" 404 1844
[WARNING] 2025-05-26 18:53:15 "GET /static/js/form-validation.js HTTP/1.1" 404 1877
[INFO] 2025-05-26 18:53:19 "GET /order/new/ HTTP/1.1" 200 33326
[WARNING] 2025-05-26 18:53:19 "GET /static/js/form-validation.js HTTP/1.1" 404 1877
[WARNING] 2025-05-26 18:53:19 "GET /static/js/main.js HTTP/1.1" 404 1844
[WARNING] 2025-05-26 18:53:19 "GET /static/css/style.css HTTP/1.1" 404 1853
[INFO] 2025-05-26 18:53:21 "GET /menu/ HTTP/1.1" 200 8434
[WARNING] 2025-05-26 18:53:21 "GET /static/css/style.css HTTP/1.1" 404 1853
[WARNING] 2025-05-26 18:53:21 "GET /static/js/main.js HTTP/1.1" 404 1844
[WARNING] 2025-05-26 18:53:21 "GET /static/js/form-validation.js HTTP/1.1" 404 1877
[ERROR] 2025-05-26 18:53:22 Internal Server Error: /promotions/
Traceback (most recent call last):
  File "D:\353504_SVIDINSKY_19\IGI\LR5\.venv\Lib\site-packages\django\core\handlers\exception.py", line 55, in inner
    response = get_response(request)
  File "D:\353504_SVIDINSKY_19\IGI\LR5\.venv\Lib\site-packages\django\core\handlers\base.py", line 220, in _get_response
    response = response.render()
  File "D:\353504_SVIDINSKY_19\IGI\LR5\.venv\Lib\site-packages\django\template\response.py", line 114, in render
    self.content = self.rendered_content
                   ^^^^^^^^^^^^^^^^^^^^^
  File "D:\353504_SVIDINSKY_19\IGI\LR5\.venv\Lib\site-packages\django\template\response.py", line 92, in rendered_content
    return template.render(context, self._request)
           ~~~~~~~~~~~~~~~^^^^^^^^^^^^^^^^^^^^^^^^
  File "D:\353504_SVIDINSKY_19\IGI\LR5\.venv\Lib\site-packages\django\template\backends\django.py", line 107, in render
    return self.template.render(context)
           ~~~~~~~~~~~~~~~~~~~~^^^^^^^^^
  File "D:\353504_SVIDINSKY_19\IGI\LR5\.venv\Lib\site-packages\django\template\base.py", line 171, in render
    return self._render(context)
           ~~~~~~~~~~~~^^^^^^^^^
  File "D:\353504_SVIDINSKY_19\IGI\LR5\.venv\Lib\site-packages\django\template\base.py", line 163, in _render
    return self.nodelist.render(context)
           ~~~~~~~~~~~~~~~~~~~~^^^^^^^^^
  File "D:\353504_SVIDINSKY_19\IGI\LR5\.venv\Lib\site-packages\django\template\base.py", line 1016, in render
    return SafeString("".join([node.render_annotated(context) for node in self]))
                               ~~~~~~~~~~~~~~~~~~~~~^^^^^^^^^
  File "D:\353504_SVIDINSKY_19\IGI\LR5\.venv\Lib\site-packages\django\template\base.py", line 977, in render_annotated
    return self.render(context)
           ~~~~~~~~~~~^^^^^^^^^
  File "D:\353504_SVIDINSKY_19\IGI\LR5\.venv\Lib\site-packages\django\template\loader_tags.py", line 159, in render
    return compiled_parent._render(context)
           ~~~~~~~~~~~~~~~~~~~~~~~^^^^^^^^^
  File "D:\353504_SVIDINSKY_19\IGI\LR5\.venv\Lib\site-packages\django\template\base.py", line 163, in _render
    return self.nodelist.render(context)
           ~~~~~~~~~~~~~~~~~~~~^^^^^^^^^
  File "D:\353504_SVIDINSKY_19\IGI\LR5\.venv\Lib\site-packages\django\template\base.py", line 1016, in render
    return SafeString("".join([node.render_annotated(context) for node in self]))
                               ~~~~~~~~~~~~~~~~~~~~~^^^^^^^^^
  File "D:\353504_SVIDINSKY_19\IGI\LR5\.venv\Lib\site-packages\django\template\base.py", line 977, in render_annotated
    return self.render(context)
           ~~~~~~~~~~~^^^^^^^^^
  File "D:\353504_SVIDINSKY_19\IGI\LR5\.venv\Lib\site-packages\django\template\loader_tags.py", line 65, in render
    result = block.nodelist.render(context)
  File "D:\353504_SVIDINSKY_19\IGI\LR5\.venv\Lib\site-packages\django\template\base.py", line 1016, in render
    return SafeString("".join([node.render_annotated(context) for node in self]))
                               ~~~~~~~~~~~~~~~~~~~~~^^^^^^^^^
  File "D:\353504_SVIDINSKY_19\IGI\LR5\.venv\Lib\site-packages\django\template\base.py", line 977, in render_annotated
    return self.render(context)
           ~~~~~~~~~~~^^^^^^^^^
  File "D:\353504_SVIDINSKY_19\IGI\LR5\.venv\Lib\site-packages\django\template\defaulttags.py", line 327, in render
    return nodelist.render(context)
           ~~~~~~~~~~~~~~~^^^^^^^^^
  File "D:\353504_SVIDINSKY_19\IGI\LR5\.venv\Lib\site-packages\django\template\base.py", line 1016, in render
    return SafeString("".join([node.render_annotated(context) for node in self]))
                               ~~~~~~~~~~~~~~~~~~~~~^^^^^^^^^
  File "D:\353504_SVIDINSKY_19\IGI\LR5\.venv\Lib\site-packages\django\template\base.py", line 977, in render_annotated
    return self.render(context)
           ~~~~~~~~~~~^^^^^^^^^
  File "D:\353504_SVIDINSKY_19\IGI\LR5\.venv\Lib\site-packages\django\template\defaulttags.py", line 480, in render
    url = reverse(view_name, args=args, kwargs=kwargs, current_app=current_app)
  File "D:\353504_SVIDINSKY_19\IGI\LR5\.venv\Lib\site-packages\django\urls\base.py", line 98, in reverse
    resolved_url = resolver._reverse_with_prefix(view, prefix, *args, **kwargs)
  File "D:\353504_SVIDINSKY_19\IGI\LR5\.venv\Lib\site-packages\django\urls\resolvers.py", line 831, in _reverse_with_prefix
    raise NoReverseMatch(msg)
django.urls.exceptions.NoReverseMatch: Reverse for 'apply_promo' not found. 'apply_promo' is not a valid view function or pattern name.
[ERROR] 2025-05-26 18:53:22 "GET /promotions/ HTTP/1.1" 500 166738
[INFO] 2025-05-26 18:53:29 "GET /admin/pizza/article/ HTTP/1.1" 200 15955
[INFO] 2025-05-26 18:53:29 "GET /admin/jsi18n/ HTTP/1.1" 200 3342
[INFO] 2025-05-26 18:53:31 "GET /admin/pizza/article/add/ HTTP/1.1" 200 18262
[INFO] 2025-05-26 18:53:31 "GET /admin/jsi18n/ HTTP/1.1" 200 3342
[INFO] 2025-05-26 18:54:01 "POST /admin/pizza/article/add/ HTTP/1.1" 200 18582
[INFO] 2025-05-26 18:54:01 "GET /admin/jsi18n/ HTTP/1.1" 200 3342
[INFO] 2025-05-26 18:54:09 "POST /admin/pizza/article/add/ HTTP/1.1" 302 0
[INFO] 2025-05-26 18:54:09 "GET /admin/pizza/article/ HTTP/1.1" 200 17847
[INFO] 2025-05-26 18:54:09 "GET /admin/jsi18n/ HTTP/1.1" 200 3342
[INFO] 2025-05-26 18:54:12 "GET /admin/pizza/companyinfo/ HTTP/1.1" 200 15623
[INFO] 2025-05-26 18:54:12 "GET /admin/jsi18n/ HTTP/1.1" 200 3342
[INFO] 2025-05-26 18:54:15 "GET /admin/pizza/courier/ HTTP/1.1" 200 15590
[INFO] 2025-05-26 18:54:15 "GET /admin/jsi18n/ HTTP/1.1" 200 3342
[INFO] 2025-05-26 18:54:15 "GET /admin/pizza/companyinfo/ HTTP/1.1" 200 15623
[INFO] 2025-05-26 18:54:15 "GET /admin/jsi18n/ HTTP/1.1" 200 3342
[INFO] 2025-05-26 18:54:16 "GET /admin/pizza/companyinfo/add/ HTTP/1.1" 200 22417
[INFO] 2025-05-26 18:54:16 "GET /admin/jsi18n/ HTTP/1.1" 200 3342
[INFO] 2025-05-26 18:55:56 "POST /admin/pizza/companyinfo/add/ HTTP/1.1" 302 0
[INFO] 2025-05-26 18:55:56 "GET /admin/pizza/companyinfo/ HTTP/1.1" 200 17357
[INFO] 2025-05-26 18:55:56 "GET /admin/jsi18n/ HTTP/1.1" 200 3342
[INFO] 2025-05-26 18:55:58 "GET /admin/pizza/courier/ HTTP/1.1" 200 15590
[INFO] 2025-05-26 18:55:58 "GET /admin/jsi18n/ HTTP/1.1" 200 3342
[INFO] 2025-05-26 18:56:00 "GET /admin/pizza/courier/add/ HTTP/1.1" 200 21303
[INFO] 2025-05-26 18:56:00 "GET /admin/jsi18n/ HTTP/1.1" 200 3342
[INFO] 2025-05-26 18:56:16 "POST /admin/pizza/courier/add/ HTTP/1.1" 200 21608
[INFO] 2025-05-26 18:56:16 "GET /admin/jsi18n/ HTTP/1.1" 200 3342
[INFO] 2025-05-26 18:56:21 "POST /admin/pizza/courier/add/ HTTP/1.1" 302 0
[INFO] 2025-05-26 18:56:21 "GET /admin/pizza/courier/ HTTP/1.1" 200 17066
[INFO] 2025-05-26 18:56:21 "GET /admin/jsi18n/ HTTP/1.1" 200 3342
[INFO] 2025-05-26 18:56:22 "GET /admin/pizza/customerpreferences/ HTTP/1.1" 200 15679
[INFO] 2025-05-26 18:56:22 "GET /admin/jsi18n/ HTTP/1.1" 200 3342
[INFO] 2025-05-26 18:56:25 "GET /admin/pizza/customerpreferences/add/ HTTP/1.1" 200 22249
[INFO] 2025-05-26 18:56:25 "GET /admin/jsi18n/ HTTP/1.1" 200 3342
[INFO] 2025-05-26 18:56:37 "POST /admin/pizza/customerpreferences/add/ HTTP/1.1" 200 22498
[INFO] 2025-05-26 18:56:37 "GET /admin/jsi18n/ HTTP/1.1" 200 3342
[INFO] 2025-05-26 18:56:41 "POST /admin/pizza/customerpreferences/add/ HTTP/1.1" 302 0
[INFO] 2025-05-26 18:56:41 "GET /admin/pizza/customerpreferences/ HTTP/1.1" 200 17266
[INFO] 2025-05-26 18:56:41 "GET /admin/jsi18n/ HTTP/1.1" 200 3342
[INFO] 2025-05-26 18:56:43 "GET /admin/pizza/customer/ HTTP/1.1" 200 18858
[INFO] 2025-05-26 18:56:43 "GET /admin/jsi18n/ HTTP/1.1" 200 3342
[INFO] 2025-05-26 18:56:44 "GET /admin/pizza/faq/ HTTP/1.1" 200 15927
[INFO] 2025-05-26 18:56:44 "GET /admin/jsi18n/ HTTP/1.1" 200 3342
[INFO] 2025-05-26 18:56:46 "GET /admin/pizza/faq/add/ HTTP/1.1" 200 16986
[INFO] 2025-05-26 18:56:46 "GET /admin/jsi18n/ HTTP/1.1" 200 3342
[INFO] 2025-05-26 18:57:03 "POST /admin/pizza/faq/add/ HTTP/1.1" 302 0
[INFO] 2025-05-26 18:57:03 "GET /admin/pizza/faq/ HTTP/1.1" 200 17819
[INFO] 2025-05-26 18:57:03 "GET /admin/jsi18n/ HTTP/1.1" 200 3342
[INFO] 2025-05-26 18:57:05 "GET /admin/pizza/ingredient/ HTTP/1.1" 200 27261
[INFO] 2025-05-26 18:57:05 "GET /admin/jsi18n/ HTTP/1.1" 200 3342
[INFO] 2025-05-26 18:57:06 "GET /admin/pizza/orderitem/ HTTP/1.1" 200 18753
[INFO] 2025-05-26 18:57:06 "GET /admin/jsi18n/ HTTP/1.1" 200 3342
[INFO] 2025-05-26 18:57:08 "GET /admin/pizza/order/ HTTP/1.1" 200 21515
[INFO] 2025-05-26 18:57:08 "GET /admin/jsi18n/ HTTP/1.1" 200 3342
[INFO] 2025-05-26 18:57:09 "GET /admin/pizza/pizzacategory/ HTTP/1.1" 200 17864
[INFO] 2025-05-26 18:57:09 "GET /admin/jsi18n/ HTTP/1.1" 200 3342
[ERROR] 2025-05-26 18:57:14 Internal Server Error: /promotions/
Traceback (most recent call last):
  File "D:\353504_SVIDINSKY_19\IGI\LR5\.venv\Lib\site-packages\django\core\handlers\exception.py", line 55, in inner
    response = get_response(request)
  File "D:\353504_SVIDINSKY_19\IGI\LR5\.venv\Lib\site-packages\django\core\handlers\base.py", line 220, in _get_response
    response = response.render()
  File "D:\353504_SVIDINSKY_19\IGI\LR5\.venv\Lib\site-packages\django\template\response.py", line 114, in render
    self.content = self.rendered_content
                   ^^^^^^^^^^^^^^^^^^^^^
  File "D:\353504_SVIDINSKY_19\IGI\LR5\.venv\Lib\site-packages\django\template\response.py", line 92, in rendered_content
    return template.render(context, self._request)
           ~~~~~~~~~~~~~~~^^^^^^^^^^^^^^^^^^^^^^^^
  File "D:\353504_SVIDINSKY_19\IGI\LR5\.venv\Lib\site-packages\django\template\backends\django.py", line 107, in render
    return self.template.render(context)
           ~~~~~~~~~~~~~~~~~~~~^^^^^^^^^
  File "D:\353504_SVIDINSKY_19\IGI\LR5\.venv\Lib\site-packages\django\template\base.py", line 171, in render
    return self._render(context)
           ~~~~~~~~~~~~^^^^^^^^^
  File "D:\353504_SVIDINSKY_19\IGI\LR5\.venv\Lib\site-packages\django\template\base.py", line 163, in _render
    return self.nodelist.render(context)
           ~~~~~~~~~~~~~~~~~~~~^^^^^^^^^
  File "D:\353504_SVIDINSKY_19\IGI\LR5\.venv\Lib\site-packages\django\template\base.py", line 1016, in render
    return SafeString("".join([node.render_annotated(context) for node in self]))
                               ~~~~~~~~~~~~~~~~~~~~~^^^^^^^^^
  File "D:\353504_SVIDINSKY_19\IGI\LR5\.venv\Lib\site-packages\django\template\base.py", line 977, in render_annotated
    return self.render(context)
           ~~~~~~~~~~~^^^^^^^^^
  File "D:\353504_SVIDINSKY_19\IGI\LR5\.venv\Lib\site-packages\django\template\loader_tags.py", line 159, in render
    return compiled_parent._render(context)
           ~~~~~~~~~~~~~~~~~~~~~~~^^^^^^^^^
  File "D:\353504_SVIDINSKY_19\IGI\LR5\.venv\Lib\site-packages\django\template\base.py", line 163, in _render
    return self.nodelist.render(context)
           ~~~~~~~~~~~~~~~~~~~~^^^^^^^^^
  File "D:\353504_SVIDINSKY_19\IGI\LR5\.venv\Lib\site-packages\django\template\base.py", line 1016, in render
    return SafeString("".join([node.render_annotated(context) for node in self]))
                               ~~~~~~~~~~~~~~~~~~~~~^^^^^^^^^
  File "D:\353504_SVIDINSKY_19\IGI\LR5\.venv\Lib\site-packages\django\template\base.py", line 977, in render_annotated
    return self.render(context)
           ~~~~~~~~~~~^^^^^^^^^
  File "D:\353504_SVIDINSKY_19\IGI\LR5\.venv\Lib\site-packages\django\template\loader_tags.py", line 65, in render
    result = block.nodelist.render(context)
  File "D:\353504_SVIDINSKY_19\IGI\LR5\.venv\Lib\site-packages\django\template\base.py", line 1016, in render
    return SafeString("".join([node.render_annotated(context) for node in self]))
                               ~~~~~~~~~~~~~~~~~~~~~^^^^^^^^^
  File "D:\353504_SVIDINSKY_19\IGI\LR5\.venv\Lib\site-packages\django\template\base.py", line 977, in render_annotated
    return self.render(context)
           ~~~~~~~~~~~^^^^^^^^^
  File "D:\353504_SVIDINSKY_19\IGI\LR5\.venv\Lib\site-packages\django\template\defaulttags.py", line 327, in render
    return nodelist.render(context)
           ~~~~~~~~~~~~~~~^^^^^^^^^
  File "D:\353504_SVIDINSKY_19\IGI\LR5\.venv\Lib\site-packages\django\template\base.py", line 1016, in render
    return SafeString("".join([node.render_annotated(context) for node in self]))
                               ~~~~~~~~~~~~~~~~~~~~~^^^^^^^^^
  File "D:\353504_SVIDINSKY_19\IGI\LR5\.venv\Lib\site-packages\django\template\base.py", line 977, in render_annotated
    return self.render(context)
           ~~~~~~~~~~~^^^^^^^^^
  File "D:\353504_SVIDINSKY_19\IGI\LR5\.venv\Lib\site-packages\django\template\defaulttags.py", line 480, in render
    url = reverse(view_name, args=args, kwargs=kwargs, current_app=current_app)
  File "D:\353504_SVIDINSKY_19\IGI\LR5\.venv\Lib\site-packages\django\urls\base.py", line 98, in reverse
    resolved_url = resolver._reverse_with_prefix(view, prefix, *args, **kwargs)
  File "D:\353504_SVIDINSKY_19\IGI\LR5\.venv\Lib\site-packages\django\urls\resolvers.py", line 831, in _reverse_with_prefix
    raise NoReverseMatch(msg)
django.urls.exceptions.NoReverseMatch: Reverse for 'apply_promo' not found. 'apply_promo' is not a valid view function or pattern name.
[ERROR] 2025-05-26 18:57:14 "GET /promotions/ HTTP/1.1" 500 166875
[ERROR] 2025-05-26 18:57:15 Internal Server Error: /promotions/
Traceback (most recent call last):
  File "D:\353504_SVIDINSKY_19\IGI\LR5\.venv\Lib\site-packages\django\core\handlers\exception.py", line 55, in inner
    response = get_response(request)
  File "D:\353504_SVIDINSKY_19\IGI\LR5\.venv\Lib\site-packages\django\core\handlers\base.py", line 220, in _get_response
    response = response.render()
  File "D:\353504_SVIDINSKY_19\IGI\LR5\.venv\Lib\site-packages\django\template\response.py", line 114, in render
    self.content = self.rendered_content
                   ^^^^^^^^^^^^^^^^^^^^^
  File "D:\353504_SVIDINSKY_19\IGI\LR5\.venv\Lib\site-packages\django\template\response.py", line 92, in rendered_content
    return template.render(context, self._request)
           ~~~~~~~~~~~~~~~^^^^^^^^^^^^^^^^^^^^^^^^
  File "D:\353504_SVIDINSKY_19\IGI\LR5\.venv\Lib\site-packages\django\template\backends\django.py", line 107, in render
    return self.template.render(context)
           ~~~~~~~~~~~~~~~~~~~~^^^^^^^^^
  File "D:\353504_SVIDINSKY_19\IGI\LR5\.venv\Lib\site-packages\django\template\base.py", line 171, in render
    return self._render(context)
           ~~~~~~~~~~~~^^^^^^^^^
  File "D:\353504_SVIDINSKY_19\IGI\LR5\.venv\Lib\site-packages\django\template\base.py", line 163, in _render
    return self.nodelist.render(context)
           ~~~~~~~~~~~~~~~~~~~~^^^^^^^^^
  File "D:\353504_SVIDINSKY_19\IGI\LR5\.venv\Lib\site-packages\django\template\base.py", line 1016, in render
    return SafeString("".join([node.render_annotated(context) for node in self]))
                               ~~~~~~~~~~~~~~~~~~~~~^^^^^^^^^
  File "D:\353504_SVIDINSKY_19\IGI\LR5\.venv\Lib\site-packages\django\template\base.py", line 977, in render_annotated
    return self.render(context)
           ~~~~~~~~~~~^^^^^^^^^
  File "D:\353504_SVIDINSKY_19\IGI\LR5\.venv\Lib\site-packages\django\template\loader_tags.py", line 159, in render
    return compiled_parent._render(context)
           ~~~~~~~~~~~~~~~~~~~~~~~^^^^^^^^^
  File "D:\353504_SVIDINSKY_19\IGI\LR5\.venv\Lib\site-packages\django\template\base.py", line 163, in _render
    return self.nodelist.render(context)
           ~~~~~~~~~~~~~~~~~~~~^^^^^^^^^
  File "D:\353504_SVIDINSKY_19\IGI\LR5\.venv\Lib\site-packages\django\template\base.py", line 1016, in render
    return SafeString("".join([node.render_annotated(context) for node in self]))
                               ~~~~~~~~~~~~~~~~~~~~~^^^^^^^^^
  File "D:\353504_SVIDINSKY_19\IGI\LR5\.venv\Lib\site-packages\django\template\base.py", line 977, in render_annotated
    return self.render(context)
           ~~~~~~~~~~~^^^^^^^^^
  File "D:\353504_SVIDINSKY_19\IGI\LR5\.venv\Lib\site-packages\django\template\loader_tags.py", line 65, in render
    result = block.nodelist.render(context)
  File "D:\353504_SVIDINSKY_19\IGI\LR5\.venv\Lib\site-packages\django\template\base.py", line 1016, in render
    return SafeString("".join([node.render_annotated(context) for node in self]))
                               ~~~~~~~~~~~~~~~~~~~~~^^^^^^^^^
  File "D:\353504_SVIDINSKY_19\IGI\LR5\.venv\Lib\site-packages\django\template\base.py", line 977, in render_annotated
    return self.render(context)
           ~~~~~~~~~~~^^^^^^^^^
  File "D:\353504_SVIDINSKY_19\IGI\LR5\.venv\Lib\site-packages\django\template\defaulttags.py", line 327, in render
    return nodelist.render(context)
           ~~~~~~~~~~~~~~~^^^^^^^^^
  File "D:\353504_SVIDINSKY_19\IGI\LR5\.venv\Lib\site-packages\django\template\base.py", line 1016, in render
    return SafeString("".join([node.render_annotated(context) for node in self]))
                               ~~~~~~~~~~~~~~~~~~~~~^^^^^^^^^
  File "D:\353504_SVIDINSKY_19\IGI\LR5\.venv\Lib\site-packages\django\template\base.py", line 977, in render_annotated
    return self.render(context)
           ~~~~~~~~~~~^^^^^^^^^
  File "D:\353504_SVIDINSKY_19\IGI\LR5\.venv\Lib\site-packages\django\template\defaulttags.py", line 480, in render
    url = reverse(view_name, args=args, kwargs=kwargs, current_app=current_app)
  File "D:\353504_SVIDINSKY_19\IGI\LR5\.venv\Lib\site-packages\django\urls\base.py", line 98, in reverse
    resolved_url = resolver._reverse_with_prefix(view, prefix, *args, **kwargs)
  File "D:\353504_SVIDINSKY_19\IGI\LR5\.venv\Lib\site-packages\django\urls\resolvers.py", line 831, in _reverse_with_prefix
    raise NoReverseMatch(msg)
django.urls.exceptions.NoReverseMatch: Reverse for 'apply_promo' not found. 'apply_promo' is not a valid view function or pattern name.
[ERROR] 2025-05-26 18:57:15 "GET /promotions/ HTTP/1.1" 500 166875
[INFO] 2025-05-26 18:57:18 "GET / HTTP/1.1" 200 3229
[WARNING] 2025-05-26 18:57:18 "GET /static/css/style.css HTTP/1.1" 404 1853
[WARNING] 2025-05-26 18:57:18 "GET /static/js/main.js HTTP/1.1" 404 1844
[WARNING] 2025-05-26 18:57:18 "GET /static/js/form-validation.js HTTP/1.1" 404 1877
[INFO] 2025-05-26 18:57:19 "GET / HTTP/1.1" 200 3229
[WARNING] 2025-05-26 18:57:19 "GET /static/js/main.js HTTP/1.1" 404 1844
[WARNING] 2025-05-26 18:57:19 "GET /static/css/style.css HTTP/1.1" 404 1853
[WARNING] 2025-05-26 18:57:19 "GET /static/js/form-validation.js HTTP/1.1" 404 1877
[INFO] 2025-05-26 18:57:24 "GET /menu/ HTTP/1.1" 200 8434
[WARNING] 2025-05-26 18:57:24 "GET /static/css/style.css HTTP/1.1" 404 1853
[WARNING] 2025-05-26 18:57:24 "GET /static/js/main.js HTTP/1.1" 404 1844
[WARNING] 2025-05-26 18:57:24 "GET /static/js/form-validation.js HTTP/1.1" 404 1877
[INFO] 2025-05-26 18:57:26 "GET /search/ HTTP/1.1" 200 8999
[WARNING] 2025-05-26 18:57:26 "GET /static/css/style.css HTTP/1.1" 404 1853
[WARNING] 2025-05-26 18:57:26 "GET /static/js/main.js HTTP/1.1" 404 1844
[WARNING] 2025-05-26 18:57:26 "GET /static/js/form-validation.js HTTP/1.1" 404 1877
[ERROR] 2025-05-26 18:57:28 Internal Server Error: /promotions/
Traceback (most recent call last):
  File "D:\353504_SVIDINSKY_19\IGI\LR5\.venv\Lib\site-packages\django\core\handlers\exception.py", line 55, in inner
    response = get_response(request)
  File "D:\353504_SVIDINSKY_19\IGI\LR5\.venv\Lib\site-packages\django\core\handlers\base.py", line 220, in _get_response
    response = response.render()
  File "D:\353504_SVIDINSKY_19\IGI\LR5\.venv\Lib\site-packages\django\template\response.py", line 114, in render
    self.content = self.rendered_content
                   ^^^^^^^^^^^^^^^^^^^^^
  File "D:\353504_SVIDINSKY_19\IGI\LR5\.venv\Lib\site-packages\django\template\response.py", line 92, in rendered_content
    return template.render(context, self._request)
           ~~~~~~~~~~~~~~~^^^^^^^^^^^^^^^^^^^^^^^^
  File "D:\353504_SVIDINSKY_19\IGI\LR5\.venv\Lib\site-packages\django\template\backends\django.py", line 107, in render
    return self.template.render(context)
           ~~~~~~~~~~~~~~~~~~~~^^^^^^^^^
  File "D:\353504_SVIDINSKY_19\IGI\LR5\.venv\Lib\site-packages\django\template\base.py", line 171, in render
    return self._render(context)
           ~~~~~~~~~~~~^^^^^^^^^
  File "D:\353504_SVIDINSKY_19\IGI\LR5\.venv\Lib\site-packages\django\template\base.py", line 163, in _render
    return self.nodelist.render(context)
           ~~~~~~~~~~~~~~~~~~~~^^^^^^^^^
  File "D:\353504_SVIDINSKY_19\IGI\LR5\.venv\Lib\site-packages\django\template\base.py", line 1016, in render
    return SafeString("".join([node.render_annotated(context) for node in self]))
                               ~~~~~~~~~~~~~~~~~~~~~^^^^^^^^^
  File "D:\353504_SVIDINSKY_19\IGI\LR5\.venv\Lib\site-packages\django\template\base.py", line 977, in render_annotated
    return self.render(context)
           ~~~~~~~~~~~^^^^^^^^^
  File "D:\353504_SVIDINSKY_19\IGI\LR5\.venv\Lib\site-packages\django\template\loader_tags.py", line 159, in render
    return compiled_parent._render(context)
           ~~~~~~~~~~~~~~~~~~~~~~~^^^^^^^^^
  File "D:\353504_SVIDINSKY_19\IGI\LR5\.venv\Lib\site-packages\django\template\base.py", line 163, in _render
    return self.nodelist.render(context)
           ~~~~~~~~~~~~~~~~~~~~^^^^^^^^^
  File "D:\353504_SVIDINSKY_19\IGI\LR5\.venv\Lib\site-packages\django\template\base.py", line 1016, in render
    return SafeString("".join([node.render_annotated(context) for node in self]))
                               ~~~~~~~~~~~~~~~~~~~~~^^^^^^^^^
  File "D:\353504_SVIDINSKY_19\IGI\LR5\.venv\Lib\site-packages\django\template\base.py", line 977, in render_annotated
    return self.render(context)
           ~~~~~~~~~~~^^^^^^^^^
  File "D:\353504_SVIDINSKY_19\IGI\LR5\.venv\Lib\site-packages\django\template\loader_tags.py", line 65, in render
    result = block.nodelist.render(context)
  File "D:\353504_SVIDINSKY_19\IGI\LR5\.venv\Lib\site-packages\django\template\base.py", line 1016, in render
    return SafeString("".join([node.render_annotated(context) for node in self]))
                               ~~~~~~~~~~~~~~~~~~~~~^^^^^^^^^
  File "D:\353504_SVIDINSKY_19\IGI\LR5\.venv\Lib\site-packages\django\template\base.py", line 977, in render_annotated
    return self.render(context)
           ~~~~~~~~~~~^^^^^^^^^
  File "D:\353504_SVIDINSKY_19\IGI\LR5\.venv\Lib\site-packages\django\template\defaulttags.py", line 327, in render
    return nodelist.render(context)
           ~~~~~~~~~~~~~~~^^^^^^^^^
  File "D:\353504_SVIDINSKY_19\IGI\LR5\.venv\Lib\site-packages\django\template\base.py", line 1016, in render
    return SafeString("".join([node.render_annotated(context) for node in self]))
                               ~~~~~~~~~~~~~~~~~~~~~^^^^^^^^^
  File "D:\353504_SVIDINSKY_19\IGI\LR5\.venv\Lib\site-packages\django\template\base.py", line 977, in render_annotated
    return self.render(context)
           ~~~~~~~~~~~^^^^^^^^^
  File "D:\353504_SVIDINSKY_19\IGI\LR5\.venv\Lib\site-packages\django\template\defaulttags.py", line 480, in render
    url = reverse(view_name, args=args, kwargs=kwargs, current_app=current_app)
  File "D:\353504_SVIDINSKY_19\IGI\LR5\.venv\Lib\site-packages\django\urls\base.py", line 98, in reverse
    resolved_url = resolver._reverse_with_prefix(view, prefix, *args, **kwargs)
  File "D:\353504_SVIDINSKY_19\IGI\LR5\.venv\Lib\site-packages\django\urls\resolvers.py", line 831, in _reverse_with_prefix
    raise NoReverseMatch(msg)
django.urls.exceptions.NoReverseMatch: Reverse for 'apply_promo' not found. 'apply_promo' is not a valid view function or pattern name.
[ERROR] 2025-05-26 18:57:28 "GET /promotions/ HTTP/1.1" 500 166740
[ERROR] 2025-05-26 18:57:31 Internal Server Error: /promotions/
Traceback (most recent call last):
  File "D:\353504_SVIDINSKY_19\IGI\LR5\.venv\Lib\site-packages\django\core\handlers\exception.py", line 55, in inner
    response = get_response(request)
  File "D:\353504_SVIDINSKY_19\IGI\LR5\.venv\Lib\site-packages\django\core\handlers\base.py", line 220, in _get_response
    response = response.render()
  File "D:\353504_SVIDINSKY_19\IGI\LR5\.venv\Lib\site-packages\django\template\response.py", line 114, in render
    self.content = self.rendered_content
                   ^^^^^^^^^^^^^^^^^^^^^
  File "D:\353504_SVIDINSKY_19\IGI\LR5\.venv\Lib\site-packages\django\template\response.py", line 92, in rendered_content
    return template.render(context, self._request)
           ~~~~~~~~~~~~~~~^^^^^^^^^^^^^^^^^^^^^^^^
  File "D:\353504_SVIDINSKY_19\IGI\LR5\.venv\Lib\site-packages\django\template\backends\django.py", line 107, in render
    return self.template.render(context)
           ~~~~~~~~~~~~~~~~~~~~^^^^^^^^^
  File "D:\353504_SVIDINSKY_19\IGI\LR5\.venv\Lib\site-packages\django\template\base.py", line 171, in render
    return self._render(context)
           ~~~~~~~~~~~~^^^^^^^^^
  File "D:\353504_SVIDINSKY_19\IGI\LR5\.venv\Lib\site-packages\django\template\base.py", line 163, in _render
    return self.nodelist.render(context)
           ~~~~~~~~~~~~~~~~~~~~^^^^^^^^^
  File "D:\353504_SVIDINSKY_19\IGI\LR5\.venv\Lib\site-packages\django\template\base.py", line 1016, in render
    return SafeString("".join([node.render_annotated(context) for node in self]))
                               ~~~~~~~~~~~~~~~~~~~~~^^^^^^^^^
  File "D:\353504_SVIDINSKY_19\IGI\LR5\.venv\Lib\site-packages\django\template\base.py", line 977, in render_annotated
    return self.render(context)
           ~~~~~~~~~~~^^^^^^^^^
  File "D:\353504_SVIDINSKY_19\IGI\LR5\.venv\Lib\site-packages\django\template\loader_tags.py", line 159, in render
    return compiled_parent._render(context)
           ~~~~~~~~~~~~~~~~~~~~~~~^^^^^^^^^
  File "D:\353504_SVIDINSKY_19\IGI\LR5\.venv\Lib\site-packages\django\template\base.py", line 163, in _render
    return self.nodelist.render(context)
           ~~~~~~~~~~~~~~~~~~~~^^^^^^^^^
  File "D:\353504_SVIDINSKY_19\IGI\LR5\.venv\Lib\site-packages\django\template\base.py", line 1016, in render
    return SafeString("".join([node.render_annotated(context) for node in self]))
                               ~~~~~~~~~~~~~~~~~~~~~^^^^^^^^^
  File "D:\353504_SVIDINSKY_19\IGI\LR5\.venv\Lib\site-packages\django\template\base.py", line 977, in render_annotated
    return self.render(context)
           ~~~~~~~~~~~^^^^^^^^^
  File "D:\353504_SVIDINSKY_19\IGI\LR5\.venv\Lib\site-packages\django\template\loader_tags.py", line 65, in render
    result = block.nodelist.render(context)
  File "D:\353504_SVIDINSKY_19\IGI\LR5\.venv\Lib\site-packages\django\template\base.py", line 1016, in render
    return SafeString("".join([node.render_annotated(context) for node in self]))
                               ~~~~~~~~~~~~~~~~~~~~~^^^^^^^^^
  File "D:\353504_SVIDINSKY_19\IGI\LR5\.venv\Lib\site-packages\django\template\base.py", line 977, in render_annotated
    return self.render(context)
           ~~~~~~~~~~~^^^^^^^^^
  File "D:\353504_SVIDINSKY_19\IGI\LR5\.venv\Lib\site-packages\django\template\defaulttags.py", line 327, in render
    return nodelist.render(context)
           ~~~~~~~~~~~~~~~^^^^^^^^^
  File "D:\353504_SVIDINSKY_19\IGI\LR5\.venv\Lib\site-packages\django\template\base.py", line 1016, in render
    return SafeString("".join([node.render_annotated(context) for node in self]))
                               ~~~~~~~~~~~~~~~~~~~~~^^^^^^^^^
  File "D:\353504_SVIDINSKY_19\IGI\LR5\.venv\Lib\site-packages\django\template\base.py", line 977, in render_annotated
    return self.render(context)
           ~~~~~~~~~~~^^^^^^^^^
  File "D:\353504_SVIDINSKY_19\IGI\LR5\.venv\Lib\site-packages\django\template\defaulttags.py", line 480, in render
    url = reverse(view_name, args=args, kwargs=kwargs, current_app=current_app)
  File "D:\353504_SVIDINSKY_19\IGI\LR5\.venv\Lib\site-packages\django\urls\base.py", line 98, in reverse
    resolved_url = resolver._reverse_with_prefix(view, prefix, *args, **kwargs)
  File "D:\353504_SVIDINSKY_19\IGI\LR5\.venv\Lib\site-packages\django\urls\resolvers.py", line 831, in _reverse_with_prefix
    raise NoReverseMatch(msg)
django.urls.exceptions.NoReverseMatch: Reverse for 'apply_promo' not found. 'apply_promo' is not a valid view function or pattern name.
[ERROR] 2025-05-26 18:57:31 "GET /promotions/ HTTP/1.1" 500 166740
[ERROR] 2025-05-26 18:57:32 Internal Server Error: /orders_list/
Traceback (most recent call last):
  File "D:\353504_SVIDINSKY_19\IGI\LR5\.venv\Lib\site-packages\django\core\handlers\exception.py", line 55, in inner
    response = get_response(request)
  File "D:\353504_SVIDINSKY_19\IGI\LR5\.venv\Lib\site-packages\django\core\handlers\base.py", line 220, in _get_response
    response = response.render()
  File "D:\353504_SVIDINSKY_19\IGI\LR5\.venv\Lib\site-packages\django\template\response.py", line 114, in render
    self.content = self.rendered_content
                   ^^^^^^^^^^^^^^^^^^^^^
  File "D:\353504_SVIDINSKY_19\IGI\LR5\.venv\Lib\site-packages\django\template\response.py", line 90, in rendered_content
    template = self.resolve_template(self.template_name)
  File "D:\353504_SVIDINSKY_19\IGI\LR5\.venv\Lib\site-packages\django\template\response.py", line 72, in resolve_template
    return select_template(template, using=self.using)
  File "D:\353504_SVIDINSKY_19\IGI\LR5\.venv\Lib\site-packages\django\template\loader.py", line 47, in select_template
    raise TemplateDoesNotExist(", ".join(template_name_list), chain=chain)
django.template.exceptions.TemplateDoesNotExist: pizza/orders_list.html, pizza/order_list.html
[ERROR] 2025-05-26 18:57:32 "GET /orders_list/ HTTP/1.1" 500 86197
[INFO] 2025-05-26 18:57:36 "GET /couriers/ HTTP/1.1" 200 2315
[WARNING] 2025-05-26 18:57:36 "GET /static/css/style.css HTTP/1.1" 404 1853
[WARNING] 2025-05-26 18:57:36 "GET /static/js/main.js HTTP/1.1" 404 1844
[WARNING] 2025-05-26 18:57:36 "GET /static/js/form-validation.js HTTP/1.1" 404 1877
[INFO] 2025-05-26 18:57:42 "GET /logout/ HTTP/1.1" 302 0
[INFO] 2025-05-26 18:57:42 "GET /menu/ HTTP/1.1" 200 7882
[WARNING] 2025-05-26 18:57:42 "GET /static/js/main.js HTTP/1.1" 404 1844
[WARNING] 2025-05-26 18:57:42 "GET /static/css/style.css HTTP/1.1" 404 1853
[WARNING] 2025-05-26 18:57:42 "GET /static/js/form-validation.js HTTP/1.1" 404 1877
[INFO] 2025-05-26 18:57:46 "GET /login/ HTTP/1.1" 200 1814
[WARNING] 2025-05-26 18:57:46 "GET /static/css/style.css HTTP/1.1" 404 1853
[WARNING] 2025-05-26 18:57:46 "GET /static/js/main.js HTTP/1.1" 404 1844
[WARNING] 2025-05-26 18:57:46 "GET /static/js/form-validation.js HTTP/1.1" 404 1877
[INFO] 2025-05-26 18:57:50 "POST /login/ HTTP/1.1" 302 0
[INFO] 2025-05-26 18:57:50 "GET /menu/ HTTP/1.1" 200 8171
[WARNING] 2025-05-26 18:57:50 "GET /static/css/style.css HTTP/1.1" 404 1853
[WARNING] 2025-05-26 18:57:50 "GET /static/js/main.js HTTP/1.1" 404 1844
[WARNING] 2025-05-26 18:57:50 "GET /static/js/form-validation.js HTTP/1.1" 404 1877
[DEBUG] 2025-05-26 18:57:52 Starting statistics calculation
[INFO] 2025-05-26 18:57:52 Statistics viewed by user pavel
[INFO] 2025-05-26 18:57:52 "GET /statistics/ HTTP/1.1" 200 102917
[WARNING] 2025-05-26 18:57:52 "GET /static/css/style.css HTTP/1.1" 404 1853
[WARNING] 2025-05-26 18:57:52 "GET /static/js/main.js HTTP/1.1" 404 1844
[WARNING] 2025-05-26 18:57:52 "GET /static/js/form-validation.js HTTP/1.1" 404 1877
[INFO] 2025-05-26 18:57:53 "GET /my_orders/ HTTP/1.1" 200 1712
[WARNING] 2025-05-26 18:57:53 "GET /static/css/style.css HTTP/1.1" 404 1853
[WARNING] 2025-05-26 18:57:53 "GET /static/js/main.js HTTP/1.1" 404 1844
[WARNING] 2025-05-26 18:57:53 "GET /static/js/form-validation.js HTTP/1.1" 404 1877
[ERROR] 2025-05-26 18:57:55 Internal Server Error: /orders_list/
Traceback (most recent call last):
  File "D:\353504_SVIDINSKY_19\IGI\LR5\.venv\Lib\site-packages\django\core\handlers\exception.py", line 55, in inner
    response = get_response(request)
  File "D:\353504_SVIDINSKY_19\IGI\LR5\.venv\Lib\site-packages\django\core\handlers\base.py", line 220, in _get_response
    response = response.render()
  File "D:\353504_SVIDINSKY_19\IGI\LR5\.venv\Lib\site-packages\django\template\response.py", line 114, in render
    self.content = self.rendered_content
                   ^^^^^^^^^^^^^^^^^^^^^
  File "D:\353504_SVIDINSKY_19\IGI\LR5\.venv\Lib\site-packages\django\template\response.py", line 90, in rendered_content
    template = self.resolve_template(self.template_name)
  File "D:\353504_SVIDINSKY_19\IGI\LR5\.venv\Lib\site-packages\django\template\response.py", line 72, in resolve_template
    return select_template(template, using=self.using)
  File "D:\353504_SVIDINSKY_19\IGI\LR5\.venv\Lib\site-packages\django\template\loader.py", line 47, in select_template
    raise TemplateDoesNotExist(", ".join(template_name_list), chain=chain)
django.template.exceptions.TemplateDoesNotExist: pizza/orders_list.html, pizza/order_list.html
[ERROR] 2025-05-26 18:57:55 "GET /orders_list/ HTTP/1.1" 500 86196
[ERROR] 2025-05-26 18:58:08 Internal Server Error: /promotions/
Traceback (most recent call last):
  File "D:\353504_SVIDINSKY_19\IGI\LR5\.venv\Lib\site-packages\django\core\handlers\exception.py", line 55, in inner
    response = get_response(request)
  File "D:\353504_SVIDINSKY_19\IGI\LR5\.venv\Lib\site-packages\django\core\handlers\base.py", line 220, in _get_response
    response = response.render()
  File "D:\353504_SVIDINSKY_19\IGI\LR5\.venv\Lib\site-packages\django\template\response.py", line 114, in render
    self.content = self.rendered_content
                   ^^^^^^^^^^^^^^^^^^^^^
  File "D:\353504_SVIDINSKY_19\IGI\LR5\.venv\Lib\site-packages\django\template\response.py", line 92, in rendered_content
    return template.render(context, self._request)
           ~~~~~~~~~~~~~~~^^^^^^^^^^^^^^^^^^^^^^^^
  File "D:\353504_SVIDINSKY_19\IGI\LR5\.venv\Lib\site-packages\django\template\backends\django.py", line 107, in render
    return self.template.render(context)
           ~~~~~~~~~~~~~~~~~~~~^^^^^^^^^
  File "D:\353504_SVIDINSKY_19\IGI\LR5\.venv\Lib\site-packages\django\template\base.py", line 171, in render
    return self._render(context)
           ~~~~~~~~~~~~^^^^^^^^^
  File "D:\353504_SVIDINSKY_19\IGI\LR5\.venv\Lib\site-packages\django\template\base.py", line 163, in _render
    return self.nodelist.render(context)
           ~~~~~~~~~~~~~~~~~~~~^^^^^^^^^
  File "D:\353504_SVIDINSKY_19\IGI\LR5\.venv\Lib\site-packages\django\template\base.py", line 1016, in render
    return SafeString("".join([node.render_annotated(context) for node in self]))
                               ~~~~~~~~~~~~~~~~~~~~~^^^^^^^^^
  File "D:\353504_SVIDINSKY_19\IGI\LR5\.venv\Lib\site-packages\django\template\base.py", line 977, in render_annotated
    return self.render(context)
           ~~~~~~~~~~~^^^^^^^^^
  File "D:\353504_SVIDINSKY_19\IGI\LR5\.venv\Lib\site-packages\django\template\loader_tags.py", line 159, in render
    return compiled_parent._render(context)
           ~~~~~~~~~~~~~~~~~~~~~~~^^^^^^^^^
  File "D:\353504_SVIDINSKY_19\IGI\LR5\.venv\Lib\site-packages\django\template\base.py", line 163, in _render
    return self.nodelist.render(context)
           ~~~~~~~~~~~~~~~~~~~~^^^^^^^^^
  File "D:\353504_SVIDINSKY_19\IGI\LR5\.venv\Lib\site-packages\django\template\base.py", line 1016, in render
    return SafeString("".join([node.render_annotated(context) for node in self]))
                               ~~~~~~~~~~~~~~~~~~~~~^^^^^^^^^
  File "D:\353504_SVIDINSKY_19\IGI\LR5\.venv\Lib\site-packages\django\template\base.py", line 977, in render_annotated
    return self.render(context)
           ~~~~~~~~~~~^^^^^^^^^
  File "D:\353504_SVIDINSKY_19\IGI\LR5\.venv\Lib\site-packages\django\template\loader_tags.py", line 65, in render
    result = block.nodelist.render(context)
  File "D:\353504_SVIDINSKY_19\IGI\LR5\.venv\Lib\site-packages\django\template\base.py", line 1016, in render
    return SafeString("".join([node.render_annotated(context) for node in self]))
                               ~~~~~~~~~~~~~~~~~~~~~^^^^^^^^^
  File "D:\353504_SVIDINSKY_19\IGI\LR5\.venv\Lib\site-packages\django\template\base.py", line 977, in render_annotated
    return self.render(context)
           ~~~~~~~~~~~^^^^^^^^^
  File "D:\353504_SVIDINSKY_19\IGI\LR5\.venv\Lib\site-packages\django\template\defaulttags.py", line 327, in render
    return nodelist.render(context)
           ~~~~~~~~~~~~~~~^^^^^^^^^
  File "D:\353504_SVIDINSKY_19\IGI\LR5\.venv\Lib\site-packages\django\template\base.py", line 1016, in render
    return SafeString("".join([node.render_annotated(context) for node in self]))
                               ~~~~~~~~~~~~~~~~~~~~~^^^^^^^^^
  File "D:\353504_SVIDINSKY_19\IGI\LR5\.venv\Lib\site-packages\django\template\base.py", line 977, in render_annotated
    return self.render(context)
           ~~~~~~~~~~~^^^^^^^^^
  File "D:\353504_SVIDINSKY_19\IGI\LR5\.venv\Lib\site-packages\django\template\defaulttags.py", line 480, in render
    url = reverse(view_name, args=args, kwargs=kwargs, current_app=current_app)
  File "D:\353504_SVIDINSKY_19\IGI\LR5\.venv\Lib\site-packages\django\urls\base.py", line 98, in reverse
    resolved_url = resolver._reverse_with_prefix(view, prefix, *args, **kwargs)
  File "D:\353504_SVIDINSKY_19\IGI\LR5\.venv\Lib\site-packages\django\urls\resolvers.py", line 831, in _reverse_with_prefix
    raise NoReverseMatch(msg)
django.urls.exceptions.NoReverseMatch: Reverse for 'apply_promo' not found. 'apply_promo' is not a valid view function or pattern name.
[ERROR] 2025-05-26 18:58:08 "GET /promotions/ HTTP/1.1" 500 166739
[ERROR] 2025-05-26 18:58:57 Internal Server Error: /orders_list/
Traceback (most recent call last):
  File "D:\353504_SVIDINSKY_19\IGI\LR5\.venv\Lib\site-packages\django\core\handlers\exception.py", line 55, in inner
    response = get_response(request)
  File "D:\353504_SVIDINSKY_19\IGI\LR5\.venv\Lib\site-packages\django\core\handlers\base.py", line 220, in _get_response
    response = response.render()
  File "D:\353504_SVIDINSKY_19\IGI\LR5\.venv\Lib\site-packages\django\template\response.py", line 114, in render
    self.content = self.rendered_content
                   ^^^^^^^^^^^^^^^^^^^^^
  File "D:\353504_SVIDINSKY_19\IGI\LR5\.venv\Lib\site-packages\django\template\response.py", line 90, in rendered_content
    template = self.resolve_template(self.template_name)
  File "D:\353504_SVIDINSKY_19\IGI\LR5\.venv\Lib\site-packages\django\template\response.py", line 72, in resolve_template
    return select_template(template, using=self.using)
  File "D:\353504_SVIDINSKY_19\IGI\LR5\.venv\Lib\site-packages\django\template\loader.py", line 47, in select_template
    raise TemplateDoesNotExist(", ".join(template_name_list), chain=chain)
django.template.exceptions.TemplateDoesNotExist: pizza/orders_list.html, pizza/order_list.html
[ERROR] 2025-05-26 18:58:57 "GET /orders_list/ HTTP/1.1" 500 86196
[INFO] 2025-05-26 19:01:30 D:\353504_SVIDINSKY_19\IGI\LR5\pizza\views.py changed, reloading.
[INFO] 2025-05-26 19:01:32 Watching for file changes with StatReloader
[INFO] 2025-05-26 19:02:14 Watching for file changes with StatReloader
[INFO] 2025-05-26 19:04:54 D:\353504_SVIDINSKY_19\IGI\LR5\pizza\urls.py changed, reloading.
[INFO] 2025-05-26 19:04:55 Watching for file changes with StatReloader
[INFO] 2025-05-26 19:05:04 D:\353504_SVIDINSKY_19\IGI\LR5\pizza\views.py changed, reloading.
[INFO] 2025-05-26 19:05:05 Watching for file changes with StatReloader
[INFO] 2025-05-26 19:05:53 D:\353504_SVIDINSKY_19\IGI\LR5\pizza\views.py changed, reloading.
[INFO] 2025-05-26 19:05:53 Watching for file changes with StatReloader
[INFO] 2025-05-26 19:05:58 Watching for file changes with StatReloader
[INFO] 2025-05-26 19:07:51 D:\353504_SVIDINSKY_19\IGI\LR5\pizza\urls.py changed, reloading.
[INFO] 2025-05-26 19:07:51 Watching for file changes with StatReloader
[INFO] 2025-05-26 19:07:56 D:\353504_SVIDINSKY_19\IGI\LR5\pizza\views.py changed, reloading.
[INFO] 2025-05-26 19:07:56 Watching for file changes with StatReloader
[INFO] 2025-05-26 19:08:05 D:\353504_SVIDINSKY_19\IGI\LR5\pizza\views.py changed, reloading.
[INFO] 2025-05-26 19:08:06 Watching for file changes with StatReloader
[WARNING] 2025-05-26 19:08:09 Not Found: /orders_list/
[WARNING] 2025-05-26 19:08:09 "GET /orders_list/ HTTP/1.1" 404 7576
[WARNING] 2025-05-26 19:08:10 Not Found: /orders_list/
[WARNING] 2025-05-26 19:08:10 "GET /orders_list/ HTTP/1.1" 404 7576
[ERROR] 2025-05-26 19:08:13 Internal Server Error: /
Traceback (most recent call last):
  File "D:\353504_SVIDINSKY_19\IGI\LR5\.venv\Lib\site-packages\django\core\handlers\exception.py", line 55, in inner
    response = get_response(request)
  File "D:\353504_SVIDINSKY_19\IGI\LR5\.venv\Lib\site-packages\django\core\handlers\base.py", line 220, in _get_response
    response = response.render()
  File "D:\353504_SVIDINSKY_19\IGI\LR5\.venv\Lib\site-packages\django\template\response.py", line 114, in render
    self.content = self.rendered_content
                   ^^^^^^^^^^^^^^^^^^^^^
  File "D:\353504_SVIDINSKY_19\IGI\LR5\.venv\Lib\site-packages\django\template\response.py", line 92, in rendered_content
    return template.render(context, self._request)
           ~~~~~~~~~~~~~~~^^^^^^^^^^^^^^^^^^^^^^^^
  File "D:\353504_SVIDINSKY_19\IGI\LR5\.venv\Lib\site-packages\django\template\backends\django.py", line 107, in render
    return self.template.render(context)
           ~~~~~~~~~~~~~~~~~~~~^^^^^^^^^
  File "D:\353504_SVIDINSKY_19\IGI\LR5\.venv\Lib\site-packages\django\template\base.py", line 171, in render
    return self._render(context)
           ~~~~~~~~~~~~^^^^^^^^^
  File "D:\353504_SVIDINSKY_19\IGI\LR5\.venv\Lib\site-packages\django\template\base.py", line 163, in _render
    return self.nodelist.render(context)
           ~~~~~~~~~~~~~~~~~~~~^^^^^^^^^
  File "D:\353504_SVIDINSKY_19\IGI\LR5\.venv\Lib\site-packages\django\template\base.py", line 1016, in render
    return SafeString("".join([node.render_annotated(context) for node in self]))
                               ~~~~~~~~~~~~~~~~~~~~~^^^^^^^^^
  File "D:\353504_SVIDINSKY_19\IGI\LR5\.venv\Lib\site-packages\django\template\base.py", line 977, in render_annotated
    return self.render(context)
           ~~~~~~~~~~~^^^^^^^^^
  File "D:\353504_SVIDINSKY_19\IGI\LR5\.venv\Lib\site-packages\django\template\loader_tags.py", line 159, in render
    return compiled_parent._render(context)
           ~~~~~~~~~~~~~~~~~~~~~~~^^^^^^^^^
  File "D:\353504_SVIDINSKY_19\IGI\LR5\.venv\Lib\site-packages\django\template\base.py", line 163, in _render
    return self.nodelist.render(context)
           ~~~~~~~~~~~~~~~~~~~~^^^^^^^^^
  File "D:\353504_SVIDINSKY_19\IGI\LR5\.venv\Lib\site-packages\django\template\base.py", line 1016, in render
    return SafeString("".join([node.render_annotated(context) for node in self]))
                               ~~~~~~~~~~~~~~~~~~~~~^^^^^^^^^
  File "D:\353504_SVIDINSKY_19\IGI\LR5\.venv\Lib\site-packages\django\template\base.py", line 977, in render_annotated
    return self.render(context)
           ~~~~~~~~~~~^^^^^^^^^
  File "D:\353504_SVIDINSKY_19\IGI\LR5\.venv\Lib\site-packages\django\template\defaulttags.py", line 480, in render
    url = reverse(view_name, args=args, kwargs=kwargs, current_app=current_app)
  File "D:\353504_SVIDINSKY_19\IGI\LR5\.venv\Lib\site-packages\django\urls\base.py", line 98, in reverse
    resolved_url = resolver._reverse_with_prefix(view, prefix, *args, **kwargs)
  File "D:\353504_SVIDINSKY_19\IGI\LR5\.venv\Lib\site-packages\django\urls\resolvers.py", line 831, in _reverse_with_prefix
    raise NoReverseMatch(msg)
django.urls.exceptions.NoReverseMatch: Reverse for 'promotions' not found. 'promotions' is not a valid view function or pattern name.
[ERROR] 2025-05-26 19:08:13 "GET / HTTP/1.1" 500 137432
[ERROR] 2025-05-26 19:08:13 Internal Server Error: /
Traceback (most recent call last):
  File "D:\353504_SVIDINSKY_19\IGI\LR5\.venv\Lib\site-packages\django\core\handlers\exception.py", line 55, in inner
    response = get_response(request)
  File "D:\353504_SVIDINSKY_19\IGI\LR5\.venv\Lib\site-packages\django\core\handlers\base.py", line 220, in _get_response
    response = response.render()
  File "D:\353504_SVIDINSKY_19\IGI\LR5\.venv\Lib\site-packages\django\template\response.py", line 114, in render
    self.content = self.rendered_content
                   ^^^^^^^^^^^^^^^^^^^^^
  File "D:\353504_SVIDINSKY_19\IGI\LR5\.venv\Lib\site-packages\django\template\response.py", line 92, in rendered_content
    return template.render(context, self._request)
           ~~~~~~~~~~~~~~~^^^^^^^^^^^^^^^^^^^^^^^^
  File "D:\353504_SVIDINSKY_19\IGI\LR5\.venv\Lib\site-packages\django\template\backends\django.py", line 107, in render
    return self.template.render(context)
           ~~~~~~~~~~~~~~~~~~~~^^^^^^^^^
  File "D:\353504_SVIDINSKY_19\IGI\LR5\.venv\Lib\site-packages\django\template\base.py", line 171, in render
    return self._render(context)
           ~~~~~~~~~~~~^^^^^^^^^
  File "D:\353504_SVIDINSKY_19\IGI\LR5\.venv\Lib\site-packages\django\template\base.py", line 163, in _render
    return self.nodelist.render(context)
           ~~~~~~~~~~~~~~~~~~~~^^^^^^^^^
  File "D:\353504_SVIDINSKY_19\IGI\LR5\.venv\Lib\site-packages\django\template\base.py", line 1016, in render
    return SafeString("".join([node.render_annotated(context) for node in self]))
                               ~~~~~~~~~~~~~~~~~~~~~^^^^^^^^^
  File "D:\353504_SVIDINSKY_19\IGI\LR5\.venv\Lib\site-packages\django\template\base.py", line 977, in render_annotated
    return self.render(context)
           ~~~~~~~~~~~^^^^^^^^^
  File "D:\353504_SVIDINSKY_19\IGI\LR5\.venv\Lib\site-packages\django\template\loader_tags.py", line 159, in render
    return compiled_parent._render(context)
           ~~~~~~~~~~~~~~~~~~~~~~~^^^^^^^^^
  File "D:\353504_SVIDINSKY_19\IGI\LR5\.venv\Lib\site-packages\django\template\base.py", line 163, in _render
    return self.nodelist.render(context)
           ~~~~~~~~~~~~~~~~~~~~^^^^^^^^^
  File "D:\353504_SVIDINSKY_19\IGI\LR5\.venv\Lib\site-packages\django\template\base.py", line 1016, in render
    return SafeString("".join([node.render_annotated(context) for node in self]))
                               ~~~~~~~~~~~~~~~~~~~~~^^^^^^^^^
  File "D:\353504_SVIDINSKY_19\IGI\LR5\.venv\Lib\site-packages\django\template\base.py", line 977, in render_annotated
    return self.render(context)
           ~~~~~~~~~~~^^^^^^^^^
  File "D:\353504_SVIDINSKY_19\IGI\LR5\.venv\Lib\site-packages\django\template\defaulttags.py", line 480, in render
    url = reverse(view_name, args=args, kwargs=kwargs, current_app=current_app)
  File "D:\353504_SVIDINSKY_19\IGI\LR5\.venv\Lib\site-packages\django\urls\base.py", line 98, in reverse
    resolved_url = resolver._reverse_with_prefix(view, prefix, *args, **kwargs)
  File "D:\353504_SVIDINSKY_19\IGI\LR5\.venv\Lib\site-packages\django\urls\resolvers.py", line 831, in _reverse_with_prefix
    raise NoReverseMatch(msg)
django.urls.exceptions.NoReverseMatch: Reverse for 'promotions' not found. 'promotions' is not a valid view function or pattern name.
[ERROR] 2025-05-26 19:08:13 "GET / HTTP/1.1" 500 137158
[INFO] 2025-05-26 19:08:21 Watching for file changes with StatReloader
[DEBUG] 2025-05-26 19:08:26 Starting statistics calculation
[INFO] 2025-05-26 19:08:27 Statistics viewed by user pavel
[ERROR] 2025-05-26 19:08:27 Error generating statistics: Reverse for 'promotions' not found. 'promotions' is not a valid view function or pattern name.
Traceback (most recent call last):
  File "D:\353504_SVIDINSKY_19\igi\lr5\pizza\views.py", line 474, in statistics_view
    return render(request, 'pizza/statistics.html', context)
  File "D:\353504_SVIDINSKY_19\IGI\LR5\.venv\Lib\site-packages\django\shortcuts.py", line 25, in render
    content = loader.render_to_string(template_name, context, request, using=using)
  File "D:\353504_SVIDINSKY_19\IGI\LR5\.venv\Lib\site-packages\django\template\loader.py", line 62, in render_to_string
    return template.render(context, request)
           ~~~~~~~~~~~~~~~^^^^^^^^^^^^^^^^^^
  File "D:\353504_SVIDINSKY_19\IGI\LR5\.venv\Lib\site-packages\django\template\backends\django.py", line 107, in render
    return self.template.render(context)
           ~~~~~~~~~~~~~~~~~~~~^^^^^^^^^
  File "D:\353504_SVIDINSKY_19\IGI\LR5\.venv\Lib\site-packages\django\template\base.py", line 171, in render
    return self._render(context)
           ~~~~~~~~~~~~^^^^^^^^^
  File "D:\353504_SVIDINSKY_19\IGI\LR5\.venv\Lib\site-packages\django\template\base.py", line 163, in _render
    return self.nodelist.render(context)
           ~~~~~~~~~~~~~~~~~~~~^^^^^^^^^
  File "D:\353504_SVIDINSKY_19\IGI\LR5\.venv\Lib\site-packages\django\template\base.py", line 1016, in render
    return SafeString("".join([node.render_annotated(context) for node in self]))
                               ~~~~~~~~~~~~~~~~~~~~~^^^^^^^^^
  File "D:\353504_SVIDINSKY_19\IGI\LR5\.venv\Lib\site-packages\django\template\base.py", line 977, in render_annotated
    return self.render(context)
           ~~~~~~~~~~~^^^^^^^^^
  File "D:\353504_SVIDINSKY_19\IGI\LR5\.venv\Lib\site-packages\django\template\loader_tags.py", line 159, in render
    return compiled_parent._render(context)
           ~~~~~~~~~~~~~~~~~~~~~~~^^^^^^^^^
  File "D:\353504_SVIDINSKY_19\IGI\LR5\.venv\Lib\site-packages\django\template\base.py", line 163, in _render
    return self.nodelist.render(context)
           ~~~~~~~~~~~~~~~~~~~~^^^^^^^^^
  File "D:\353504_SVIDINSKY_19\IGI\LR5\.venv\Lib\site-packages\django\template\base.py", line 1016, in render
    return SafeString("".join([node.render_annotated(context) for node in self]))
                               ~~~~~~~~~~~~~~~~~~~~~^^^^^^^^^
  File "D:\353504_SVIDINSKY_19\IGI\LR5\.venv\Lib\site-packages\django\template\base.py", line 977, in render_annotated
    return self.render(context)
           ~~~~~~~~~~~^^^^^^^^^
  File "D:\353504_SVIDINSKY_19\IGI\LR5\.venv\Lib\site-packages\django\template\defaulttags.py", line 480, in render
    url = reverse(view_name, args=args, kwargs=kwargs, current_app=current_app)
  File "D:\353504_SVIDINSKY_19\IGI\LR5\.venv\Lib\site-packages\django\urls\base.py", line 98, in reverse
    resolved_url = resolver._reverse_with_prefix(view, prefix, *args, **kwargs)
  File "D:\353504_SVIDINSKY_19\IGI\LR5\.venv\Lib\site-packages\django\urls\resolvers.py", line 831, in _reverse_with_prefix
    raise NoReverseMatch(msg)
django.urls.exceptions.NoReverseMatch: Reverse for 'promotions' not found. 'promotions' is not a valid view function or pattern name.
[ERROR] 2025-05-26 19:08:27 Internal Server Error: /statistics/
Traceback (most recent call last):
  File "D:\353504_SVIDINSKY_19\igi\lr5\pizza\views.py", line 474, in statistics_view
    return render(request, 'pizza/statistics.html', context)
  File "D:\353504_SVIDINSKY_19\IGI\LR5\.venv\Lib\site-packages\django\shortcuts.py", line 25, in render
    content = loader.render_to_string(template_name, context, request, using=using)
  File "D:\353504_SVIDINSKY_19\IGI\LR5\.venv\Lib\site-packages\django\template\loader.py", line 62, in render_to_string
    return template.render(context, request)
           ~~~~~~~~~~~~~~~^^^^^^^^^^^^^^^^^^
  File "D:\353504_SVIDINSKY_19\IGI\LR5\.venv\Lib\site-packages\django\template\backends\django.py", line 107, in render
    return self.template.render(context)
           ~~~~~~~~~~~~~~~~~~~~^^^^^^^^^
  File "D:\353504_SVIDINSKY_19\IGI\LR5\.venv\Lib\site-packages\django\template\base.py", line 171, in render
    return self._render(context)
           ~~~~~~~~~~~~^^^^^^^^^
  File "D:\353504_SVIDINSKY_19\IGI\LR5\.venv\Lib\site-packages\django\template\base.py", line 163, in _render
    return self.nodelist.render(context)
           ~~~~~~~~~~~~~~~~~~~~^^^^^^^^^
  File "D:\353504_SVIDINSKY_19\IGI\LR5\.venv\Lib\site-packages\django\template\base.py", line 1016, in render
    return SafeString("".join([node.render_annotated(context) for node in self]))
                               ~~~~~~~~~~~~~~~~~~~~~^^^^^^^^^
  File "D:\353504_SVIDINSKY_19\IGI\LR5\.venv\Lib\site-packages\django\template\base.py", line 977, in render_annotated
    return self.render(context)
           ~~~~~~~~~~~^^^^^^^^^
  File "D:\353504_SVIDINSKY_19\IGI\LR5\.venv\Lib\site-packages\django\template\loader_tags.py", line 159, in render
    return compiled_parent._render(context)
           ~~~~~~~~~~~~~~~~~~~~~~~^^^^^^^^^
  File "D:\353504_SVIDINSKY_19\IGI\LR5\.venv\Lib\site-packages\django\template\base.py", line 163, in _render
    return self.nodelist.render(context)
           ~~~~~~~~~~~~~~~~~~~~^^^^^^^^^
  File "D:\353504_SVIDINSKY_19\IGI\LR5\.venv\Lib\site-packages\django\template\base.py", line 1016, in render
    return SafeString("".join([node.render_annotated(context) for node in self]))
                               ~~~~~~~~~~~~~~~~~~~~~^^^^^^^^^
  File "D:\353504_SVIDINSKY_19\IGI\LR5\.venv\Lib\site-packages\django\template\base.py", line 977, in render_annotated
    return self.render(context)
           ~~~~~~~~~~~^^^^^^^^^
  File "D:\353504_SVIDINSKY_19\IGI\LR5\.venv\Lib\site-packages\django\template\defaulttags.py", line 480, in render
    url = reverse(view_name, args=args, kwargs=kwargs, current_app=current_app)
  File "D:\353504_SVIDINSKY_19\IGI\LR5\.venv\Lib\site-packages\django\urls\base.py", line 98, in reverse
    resolved_url = resolver._reverse_with_prefix(view, prefix, *args, **kwargs)
  File "D:\353504_SVIDINSKY_19\IGI\LR5\.venv\Lib\site-packages\django\urls\resolvers.py", line 831, in _reverse_with_prefix
    raise NoReverseMatch(msg)
django.urls.exceptions.NoReverseMatch: Reverse for 'promotions' not found. 'promotions' is not a valid view function or pattern name.

During handling of the above exception, another exception occurred:

Traceback (most recent call last):
  File "D:\353504_SVIDINSKY_19\IGI\LR5\.venv\Lib\site-packages\django\core\handlers\exception.py", line 55, in inner
    response = get_response(request)
  File "D:\353504_SVIDINSKY_19\IGI\LR5\.venv\Lib\site-packages\django\core\handlers\base.py", line 197, in _get_response
    response = wrapped_callback(request, *callback_args, **callback_kwargs)
  File "D:\353504_SVIDINSKY_19\IGI\LR5\.venv\Lib\site-packages\django\contrib\auth\decorators.py", line 59, in _view_wrapper
    return view_func(request, *args, **kwargs)
  File "D:\353504_SVIDINSKY_19\igi\lr5\pizza\views.py", line 478, in statistics_view
    return redirect('pizza:pizza_list')
  File "D:\353504_SVIDINSKY_19\IGI\LR5\.venv\Lib\site-packages\django\shortcuts.py", line 51, in redirect
    resolve_url(to, *args, **kwargs),
    ~~~~~~~~~~~^^^^^^^^^^^^^^^^^^^^^
  File "D:\353504_SVIDINSKY_19\IGI\LR5\.venv\Lib\site-packages\django\shortcuts.py", line 184, in resolve_url
    return reverse(to, args=args, kwargs=kwargs)
  File "D:\353504_SVIDINSKY_19\IGI\LR5\.venv\Lib\site-packages\django\urls\base.py", line 98, in reverse
    resolved_url = resolver._reverse_with_prefix(view, prefix, *args, **kwargs)
  File "D:\353504_SVIDINSKY_19\IGI\LR5\.venv\Lib\site-packages\django\urls\resolvers.py", line 831, in _reverse_with_prefix
    raise NoReverseMatch(msg)
django.urls.exceptions.NoReverseMatch: Reverse for 'pizza_list' not found. 'pizza_list' is not a valid view function or pattern name.
[ERROR] 2025-05-26 19:08:27 "GET /statistics/?search=%D0%94%D0%B8%D0%B0%D0%B1%D0%BB%D0%BE&sort=-total_price HTTP/1.1" 500 263697
[ERROR] 2025-05-26 19:08:30 Internal Server Error: /
Traceback (most recent call last):
  File "D:\353504_SVIDINSKY_19\IGI\LR5\.venv\Lib\site-packages\django\core\handlers\exception.py", line 55, in inner
    response = get_response(request)
  File "D:\353504_SVIDINSKY_19\IGI\LR5\.venv\Lib\site-packages\django\core\handlers\base.py", line 220, in _get_response
    response = response.render()
  File "D:\353504_SVIDINSKY_19\IGI\LR5\.venv\Lib\site-packages\django\template\response.py", line 114, in render
    self.content = self.rendered_content
                   ^^^^^^^^^^^^^^^^^^^^^
  File "D:\353504_SVIDINSKY_19\IGI\LR5\.venv\Lib\site-packages\django\template\response.py", line 92, in rendered_content
    return template.render(context, self._request)
           ~~~~~~~~~~~~~~~^^^^^^^^^^^^^^^^^^^^^^^^
  File "D:\353504_SVIDINSKY_19\IGI\LR5\.venv\Lib\site-packages\django\template\backends\django.py", line 107, in render
    return self.template.render(context)
           ~~~~~~~~~~~~~~~~~~~~^^^^^^^^^
  File "D:\353504_SVIDINSKY_19\IGI\LR5\.venv\Lib\site-packages\django\template\base.py", line 171, in render
    return self._render(context)
           ~~~~~~~~~~~~^^^^^^^^^
  File "D:\353504_SVIDINSKY_19\IGI\LR5\.venv\Lib\site-packages\django\template\base.py", line 163, in _render
    return self.nodelist.render(context)
           ~~~~~~~~~~~~~~~~~~~~^^^^^^^^^
  File "D:\353504_SVIDINSKY_19\IGI\LR5\.venv\Lib\site-packages\django\template\base.py", line 1016, in render
    return SafeString("".join([node.render_annotated(context) for node in self]))
                               ~~~~~~~~~~~~~~~~~~~~~^^^^^^^^^
  File "D:\353504_SVIDINSKY_19\IGI\LR5\.venv\Lib\site-packages\django\template\base.py", line 977, in render_annotated
    return self.render(context)
           ~~~~~~~~~~~^^^^^^^^^
  File "D:\353504_SVIDINSKY_19\IGI\LR5\.venv\Lib\site-packages\django\template\loader_tags.py", line 159, in render
    return compiled_parent._render(context)
           ~~~~~~~~~~~~~~~~~~~~~~~^^^^^^^^^
  File "D:\353504_SVIDINSKY_19\IGI\LR5\.venv\Lib\site-packages\django\template\base.py", line 163, in _render
    return self.nodelist.render(context)
           ~~~~~~~~~~~~~~~~~~~~^^^^^^^^^
  File "D:\353504_SVIDINSKY_19\IGI\LR5\.venv\Lib\site-packages\django\template\base.py", line 1016, in render
    return SafeString("".join([node.render_annotated(context) for node in self]))
                               ~~~~~~~~~~~~~~~~~~~~~^^^^^^^^^
  File "D:\353504_SVIDINSKY_19\IGI\LR5\.venv\Lib\site-packages\django\template\base.py", line 977, in render_annotated
    return self.render(context)
           ~~~~~~~~~~~^^^^^^^^^
  File "D:\353504_SVIDINSKY_19\IGI\LR5\.venv\Lib\site-packages\django\template\defaulttags.py", line 480, in render
    url = reverse(view_name, args=args, kwargs=kwargs, current_app=current_app)
  File "D:\353504_SVIDINSKY_19\IGI\LR5\.venv\Lib\site-packages\django\urls\base.py", line 98, in reverse
    resolved_url = resolver._reverse_with_prefix(view, prefix, *args, **kwargs)
  File "D:\353504_SVIDINSKY_19\IGI\LR5\.venv\Lib\site-packages\django\urls\resolvers.py", line 831, in _reverse_with_prefix
    raise NoReverseMatch(msg)
django.urls.exceptions.NoReverseMatch: Reverse for 'promotions' not found. 'promotions' is not a valid view function or pattern name.
[ERROR] 2025-05-26 19:08:30 "GET / HTTP/1.1" 500 137755
[ERROR] 2025-05-26 19:08:31 Internal Server Error: /
Traceback (most recent call last):
  File "D:\353504_SVIDINSKY_19\IGI\LR5\.venv\Lib\site-packages\django\core\handlers\exception.py", line 55, in inner
    response = get_response(request)
  File "D:\353504_SVIDINSKY_19\IGI\LR5\.venv\Lib\site-packages\django\core\handlers\base.py", line 220, in _get_response
    response = response.render()
  File "D:\353504_SVIDINSKY_19\IGI\LR5\.venv\Lib\site-packages\django\template\response.py", line 114, in render
    self.content = self.rendered_content
                   ^^^^^^^^^^^^^^^^^^^^^
  File "D:\353504_SVIDINSKY_19\IGI\LR5\.venv\Lib\site-packages\django\template\response.py", line 92, in rendered_content
    return template.render(context, self._request)
           ~~~~~~~~~~~~~~~^^^^^^^^^^^^^^^^^^^^^^^^
  File "D:\353504_SVIDINSKY_19\IGI\LR5\.venv\Lib\site-packages\django\template\backends\django.py", line 107, in render
    return self.template.render(context)
           ~~~~~~~~~~~~~~~~~~~~^^^^^^^^^
  File "D:\353504_SVIDINSKY_19\IGI\LR5\.venv\Lib\site-packages\django\template\base.py", line 171, in render
    return self._render(context)
           ~~~~~~~~~~~~^^^^^^^^^
  File "D:\353504_SVIDINSKY_19\IGI\LR5\.venv\Lib\site-packages\django\template\base.py", line 163, in _render
    return self.nodelist.render(context)
           ~~~~~~~~~~~~~~~~~~~~^^^^^^^^^
  File "D:\353504_SVIDINSKY_19\IGI\LR5\.venv\Lib\site-packages\django\template\base.py", line 1016, in render
    return SafeString("".join([node.render_annotated(context) for node in self]))
                               ~~~~~~~~~~~~~~~~~~~~~^^^^^^^^^
  File "D:\353504_SVIDINSKY_19\IGI\LR5\.venv\Lib\site-packages\django\template\base.py", line 977, in render_annotated
    return self.render(context)
           ~~~~~~~~~~~^^^^^^^^^
  File "D:\353504_SVIDINSKY_19\IGI\LR5\.venv\Lib\site-packages\django\template\loader_tags.py", line 159, in render
    return compiled_parent._render(context)
           ~~~~~~~~~~~~~~~~~~~~~~~^^^^^^^^^
  File "D:\353504_SVIDINSKY_19\IGI\LR5\.venv\Lib\site-packages\django\template\base.py", line 163, in _render
    return self.nodelist.render(context)
           ~~~~~~~~~~~~~~~~~~~~^^^^^^^^^
  File "D:\353504_SVIDINSKY_19\IGI\LR5\.venv\Lib\site-packages\django\template\base.py", line 1016, in render
    return SafeString("".join([node.render_annotated(context) for node in self]))
                               ~~~~~~~~~~~~~~~~~~~~~^^^^^^^^^
  File "D:\353504_SVIDINSKY_19\IGI\LR5\.venv\Lib\site-packages\django\template\base.py", line 977, in render_annotated
    return self.render(context)
           ~~~~~~~~~~~^^^^^^^^^
  File "D:\353504_SVIDINSKY_19\IGI\LR5\.venv\Lib\site-packages\django\template\defaulttags.py", line 480, in render
    url = reverse(view_name, args=args, kwargs=kwargs, current_app=current_app)
  File "D:\353504_SVIDINSKY_19\IGI\LR5\.venv\Lib\site-packages\django\urls\base.py", line 98, in reverse
    resolved_url = resolver._reverse_with_prefix(view, prefix, *args, **kwargs)
  File "D:\353504_SVIDINSKY_19\IGI\LR5\.venv\Lib\site-packages\django\urls\resolvers.py", line 831, in _reverse_with_prefix
    raise NoReverseMatch(msg)
django.urls.exceptions.NoReverseMatch: Reverse for 'promotions' not found. 'promotions' is not a valid view function or pattern name.
[ERROR] 2025-05-26 19:08:31 "GET / HTTP/1.1" 500 137481
[ERROR] 2025-05-26 19:08:41 Internal Server Error: /
Traceback (most recent call last):
  File "D:\353504_SVIDINSKY_19\IGI\LR5\.venv\Lib\site-packages\django\core\handlers\exception.py", line 55, in inner
    response = get_response(request)
  File "D:\353504_SVIDINSKY_19\IGI\LR5\.venv\Lib\site-packages\django\core\handlers\base.py", line 220, in _get_response
    response = response.render()
  File "D:\353504_SVIDINSKY_19\IGI\LR5\.venv\Lib\site-packages\django\template\response.py", line 114, in render
    self.content = self.rendered_content
                   ^^^^^^^^^^^^^^^^^^^^^
  File "D:\353504_SVIDINSKY_19\IGI\LR5\.venv\Lib\site-packages\django\template\response.py", line 92, in rendered_content
    return template.render(context, self._request)
           ~~~~~~~~~~~~~~~^^^^^^^^^^^^^^^^^^^^^^^^
  File "D:\353504_SVIDINSKY_19\IGI\LR5\.venv\Lib\site-packages\django\template\backends\django.py", line 107, in render
    return self.template.render(context)
           ~~~~~~~~~~~~~~~~~~~~^^^^^^^^^
  File "D:\353504_SVIDINSKY_19\IGI\LR5\.venv\Lib\site-packages\django\template\base.py", line 171, in render
    return self._render(context)
           ~~~~~~~~~~~~^^^^^^^^^
  File "D:\353504_SVIDINSKY_19\IGI\LR5\.venv\Lib\site-packages\django\template\base.py", line 163, in _render
    return self.nodelist.render(context)
           ~~~~~~~~~~~~~~~~~~~~^^^^^^^^^
  File "D:\353504_SVIDINSKY_19\IGI\LR5\.venv\Lib\site-packages\django\template\base.py", line 1016, in render
    return SafeString("".join([node.render_annotated(context) for node in self]))
                               ~~~~~~~~~~~~~~~~~~~~~^^^^^^^^^
  File "D:\353504_SVIDINSKY_19\IGI\LR5\.venv\Lib\site-packages\django\template\base.py", line 977, in render_annotated
    return self.render(context)
           ~~~~~~~~~~~^^^^^^^^^
  File "D:\353504_SVIDINSKY_19\IGI\LR5\.venv\Lib\site-packages\django\template\loader_tags.py", line 159, in render
    return compiled_parent._render(context)
           ~~~~~~~~~~~~~~~~~~~~~~~^^^^^^^^^
  File "D:\353504_SVIDINSKY_19\IGI\LR5\.venv\Lib\site-packages\django\template\base.py", line 163, in _render
    return self.nodelist.render(context)
           ~~~~~~~~~~~~~~~~~~~~^^^^^^^^^
  File "D:\353504_SVIDINSKY_19\IGI\LR5\.venv\Lib\site-packages\django\template\base.py", line 1016, in render
    return SafeString("".join([node.render_annotated(context) for node in self]))
                               ~~~~~~~~~~~~~~~~~~~~~^^^^^^^^^
  File "D:\353504_SVIDINSKY_19\IGI\LR5\.venv\Lib\site-packages\django\template\base.py", line 977, in render_annotated
    return self.render(context)
           ~~~~~~~~~~~^^^^^^^^^
  File "D:\353504_SVIDINSKY_19\IGI\LR5\.venv\Lib\site-packages\django\template\defaulttags.py", line 480, in render
    url = reverse(view_name, args=args, kwargs=kwargs, current_app=current_app)
  File "D:\353504_SVIDINSKY_19\IGI\LR5\.venv\Lib\site-packages\django\urls\base.py", line 98, in reverse
    resolved_url = resolver._reverse_with_prefix(view, prefix, *args, **kwargs)
  File "D:\353504_SVIDINSKY_19\IGI\LR5\.venv\Lib\site-packages\django\urls\resolvers.py", line 831, in _reverse_with_prefix
    raise NoReverseMatch(msg)
django.urls.exceptions.NoReverseMatch: Reverse for 'promotions' not found. 'promotions' is not a valid view function or pattern name.
[ERROR] 2025-05-26 19:08:41 "GET / HTTP/1.1" 500 137481
[INFO] 2025-05-26 19:10:07 D:\353504_SVIDINSKY_19\IGI\LR5\pizza\urls.py changed, reloading.
[INFO] 2025-05-26 19:10:08 Watching for file changes with StatReloader
[INFO] 2025-05-26 19:10:13 D:\353504_SVIDINSKY_19\IGI\LR5\pizza\views.py changed, reloading.
[INFO] 2025-05-26 19:10:13 Watching for file changes with StatReloader
[INFO] 2025-05-26 19:10:20 D:\353504_SVIDINSKY_19\IGI\LR5\pizza\urls.py changed, reloading.
[INFO] 2025-05-26 19:10:20 Watching for file changes with StatReloader
[ERROR] 2025-05-26 19:10:39 Internal Server Error: /
Traceback (most recent call last):
  File "D:\353504_SVIDINSKY_19\IGI\LR5\.venv\Lib\site-packages\django\core\handlers\exception.py", line 55, in inner
    response = get_response(request)
  File "D:\353504_SVIDINSKY_19\IGI\LR5\.venv\Lib\site-packages\django\core\handlers\base.py", line 220, in _get_response
    response = response.render()
  File "D:\353504_SVIDINSKY_19\IGI\LR5\.venv\Lib\site-packages\django\template\response.py", line 114, in render
    self.content = self.rendered_content
                   ^^^^^^^^^^^^^^^^^^^^^
  File "D:\353504_SVIDINSKY_19\IGI\LR5\.venv\Lib\site-packages\django\template\response.py", line 92, in rendered_content
    return template.render(context, self._request)
           ~~~~~~~~~~~~~~~^^^^^^^^^^^^^^^^^^^^^^^^
  File "D:\353504_SVIDINSKY_19\IGI\LR5\.venv\Lib\site-packages\django\template\backends\django.py", line 107, in render
    return self.template.render(context)
           ~~~~~~~~~~~~~~~~~~~~^^^^^^^^^
  File "D:\353504_SVIDINSKY_19\IGI\LR5\.venv\Lib\site-packages\django\template\base.py", line 171, in render
    return self._render(context)
           ~~~~~~~~~~~~^^^^^^^^^
  File "D:\353504_SVIDINSKY_19\IGI\LR5\.venv\Lib\site-packages\django\template\base.py", line 163, in _render
    return self.nodelist.render(context)
           ~~~~~~~~~~~~~~~~~~~~^^^^^^^^^
  File "D:\353504_SVIDINSKY_19\IGI\LR5\.venv\Lib\site-packages\django\template\base.py", line 1016, in render
    return SafeString("".join([node.render_annotated(context) for node in self]))
                               ~~~~~~~~~~~~~~~~~~~~~^^^^^^^^^
  File "D:\353504_SVIDINSKY_19\IGI\LR5\.venv\Lib\site-packages\django\template\base.py", line 977, in render_annotated
    return self.render(context)
           ~~~~~~~~~~~^^^^^^^^^
  File "D:\353504_SVIDINSKY_19\IGI\LR5\.venv\Lib\site-packages\django\template\loader_tags.py", line 159, in render
    return compiled_parent._render(context)
           ~~~~~~~~~~~~~~~~~~~~~~~^^^^^^^^^
  File "D:\353504_SVIDINSKY_19\IGI\LR5\.venv\Lib\site-packages\django\template\base.py", line 163, in _render
    return self.nodelist.render(context)
           ~~~~~~~~~~~~~~~~~~~~^^^^^^^^^
  File "D:\353504_SVIDINSKY_19\IGI\LR5\.venv\Lib\site-packages\django\template\base.py", line 1016, in render
    return SafeString("".join([node.render_annotated(context) for node in self]))
                               ~~~~~~~~~~~~~~~~~~~~~^^^^^^^^^
  File "D:\353504_SVIDINSKY_19\IGI\LR5\.venv\Lib\site-packages\django\template\base.py", line 977, in render_annotated
    return self.render(context)
           ~~~~~~~~~~~^^^^^^^^^
  File "D:\353504_SVIDINSKY_19\IGI\LR5\.venv\Lib\site-packages\django\template\defaulttags.py", line 327, in render
    return nodelist.render(context)
           ~~~~~~~~~~~~~~~^^^^^^^^^
  File "D:\353504_SVIDINSKY_19\IGI\LR5\.venv\Lib\site-packages\django\template\base.py", line 1016, in render
    return SafeString("".join([node.render_annotated(context) for node in self]))
                               ~~~~~~~~~~~~~~~~~~~~~^^^^^^^^^
  File "D:\353504_SVIDINSKY_19\IGI\LR5\.venv\Lib\site-packages\django\template\base.py", line 977, in render_annotated
    return self.render(context)
           ~~~~~~~~~~~^^^^^^^^^
  File "D:\353504_SVIDINSKY_19\IGI\LR5\.venv\Lib\site-packages\django\template\defaulttags.py", line 327, in render
    return nodelist.render(context)
           ~~~~~~~~~~~~~~~^^^^^^^^^
  File "D:\353504_SVIDINSKY_19\IGI\LR5\.venv\Lib\site-packages\django\template\base.py", line 1016, in render
    return SafeString("".join([node.render_annotated(context) for node in self]))
                               ~~~~~~~~~~~~~~~~~~~~~^^^^^^^^^
  File "D:\353504_SVIDINSKY_19\IGI\LR5\.venv\Lib\site-packages\django\template\base.py", line 977, in render_annotated
    return self.render(context)
           ~~~~~~~~~~~^^^^^^^^^
  File "D:\353504_SVIDINSKY_19\IGI\LR5\.venv\Lib\site-packages\django\template\defaulttags.py", line 480, in render
    url = reverse(view_name, args=args, kwargs=kwargs, current_app=current_app)
  File "D:\353504_SVIDINSKY_19\IGI\LR5\.venv\Lib\site-packages\django\urls\base.py", line 98, in reverse
    resolved_url = resolver._reverse_with_prefix(view, prefix, *args, **kwargs)
  File "D:\353504_SVIDINSKY_19\IGI\LR5\.venv\Lib\site-packages\django\urls\resolvers.py", line 831, in _reverse_with_prefix
    raise NoReverseMatch(msg)
django.urls.exceptions.NoReverseMatch: Reverse for 'orders_list' not found. 'orders_list' is not a valid view function or pattern name.
[ERROR] 2025-05-26 19:10:39 "GET / HTTP/1.1" 500 165911
[DEBUG] 2025-05-26 19:10:46 Starting statistics calculation
[INFO] 2025-05-26 19:10:46 Statistics viewed by user pavel
[ERROR] 2025-05-26 19:10:46 Error generating statistics: Reverse for 'orders_list' not found. 'orders_list' is not a valid view function or pattern name.
Traceback (most recent call last):
  File "D:\353504_SVIDINSKY_19\igi\lr5\pizza\views.py", line 474, in statistics_view
    return render(request, 'pizza/statistics.html', context)
  File "D:\353504_SVIDINSKY_19\IGI\LR5\.venv\Lib\site-packages\django\shortcuts.py", line 25, in render
    content = loader.render_to_string(template_name, context, request, using=using)
  File "D:\353504_SVIDINSKY_19\IGI\LR5\.venv\Lib\site-packages\django\template\loader.py", line 62, in render_to_string
    return template.render(context, request)
           ~~~~~~~~~~~~~~~^^^^^^^^^^^^^^^^^^
  File "D:\353504_SVIDINSKY_19\IGI\LR5\.venv\Lib\site-packages\django\template\backends\django.py", line 107, in render
    return self.template.render(context)
           ~~~~~~~~~~~~~~~~~~~~^^^^^^^^^
  File "D:\353504_SVIDINSKY_19\IGI\LR5\.venv\Lib\site-packages\django\template\base.py", line 171, in render
    return self._render(context)
           ~~~~~~~~~~~~^^^^^^^^^
  File "D:\353504_SVIDINSKY_19\IGI\LR5\.venv\Lib\site-packages\django\template\base.py", line 163, in _render
    return self.nodelist.render(context)
           ~~~~~~~~~~~~~~~~~~~~^^^^^^^^^
  File "D:\353504_SVIDINSKY_19\IGI\LR5\.venv\Lib\site-packages\django\template\base.py", line 1016, in render
    return SafeString("".join([node.render_annotated(context) for node in self]))
                               ~~~~~~~~~~~~~~~~~~~~~^^^^^^^^^
  File "D:\353504_SVIDINSKY_19\IGI\LR5\.venv\Lib\site-packages\django\template\base.py", line 977, in render_annotated
    return self.render(context)
           ~~~~~~~~~~~^^^^^^^^^
  File "D:\353504_SVIDINSKY_19\IGI\LR5\.venv\Lib\site-packages\django\template\loader_tags.py", line 159, in render
    return compiled_parent._render(context)
           ~~~~~~~~~~~~~~~~~~~~~~~^^^^^^^^^
  File "D:\353504_SVIDINSKY_19\IGI\LR5\.venv\Lib\site-packages\django\template\base.py", line 163, in _render
    return self.nodelist.render(context)
           ~~~~~~~~~~~~~~~~~~~~^^^^^^^^^
  File "D:\353504_SVIDINSKY_19\IGI\LR5\.venv\Lib\site-packages\django\template\base.py", line 1016, in render
    return SafeString("".join([node.render_annotated(context) for node in self]))
                               ~~~~~~~~~~~~~~~~~~~~~^^^^^^^^^
  File "D:\353504_SVIDINSKY_19\IGI\LR5\.venv\Lib\site-packages\django\template\base.py", line 977, in render_annotated
    return self.render(context)
           ~~~~~~~~~~~^^^^^^^^^
  File "D:\353504_SVIDINSKY_19\IGI\LR5\.venv\Lib\site-packages\django\template\defaulttags.py", line 327, in render
    return nodelist.render(context)
           ~~~~~~~~~~~~~~~^^^^^^^^^
  File "D:\353504_SVIDINSKY_19\IGI\LR5\.venv\Lib\site-packages\django\template\base.py", line 1016, in render
    return SafeString("".join([node.render_annotated(context) for node in self]))
                               ~~~~~~~~~~~~~~~~~~~~~^^^^^^^^^
  File "D:\353504_SVIDINSKY_19\IGI\LR5\.venv\Lib\site-packages\django\template\base.py", line 977, in render_annotated
    return self.render(context)
           ~~~~~~~~~~~^^^^^^^^^
  File "D:\353504_SVIDINSKY_19\IGI\LR5\.venv\Lib\site-packages\django\template\defaulttags.py", line 327, in render
    return nodelist.render(context)
           ~~~~~~~~~~~~~~~^^^^^^^^^
  File "D:\353504_SVIDINSKY_19\IGI\LR5\.venv\Lib\site-packages\django\template\base.py", line 1016, in render
    return SafeString("".join([node.render_annotated(context) for node in self]))
                               ~~~~~~~~~~~~~~~~~~~~~^^^^^^^^^
  File "D:\353504_SVIDINSKY_19\IGI\LR5\.venv\Lib\site-packages\django\template\base.py", line 977, in render_annotated
    return self.render(context)
           ~~~~~~~~~~~^^^^^^^^^
  File "D:\353504_SVIDINSKY_19\IGI\LR5\.venv\Lib\site-packages\django\template\defaulttags.py", line 480, in render
    url = reverse(view_name, args=args, kwargs=kwargs, current_app=current_app)
  File "D:\353504_SVIDINSKY_19\IGI\LR5\.venv\Lib\site-packages\django\urls\base.py", line 98, in reverse
    resolved_url = resolver._reverse_with_prefix(view, prefix, *args, **kwargs)
  File "D:\353504_SVIDINSKY_19\IGI\LR5\.venv\Lib\site-packages\django\urls\resolvers.py", line 831, in _reverse_with_prefix
    raise NoReverseMatch(msg)
django.urls.exceptions.NoReverseMatch: Reverse for 'orders_list' not found. 'orders_list' is not a valid view function or pattern name.
[ERROR] 2025-05-26 19:10:47 Internal Server Error: /statistics/
Traceback (most recent call last):
  File "D:\353504_SVIDINSKY_19\igi\lr5\pizza\views.py", line 474, in statistics_view
    return render(request, 'pizza/statistics.html', context)
  File "D:\353504_SVIDINSKY_19\IGI\LR5\.venv\Lib\site-packages\django\shortcuts.py", line 25, in render
    content = loader.render_to_string(template_name, context, request, using=using)
  File "D:\353504_SVIDINSKY_19\IGI\LR5\.venv\Lib\site-packages\django\template\loader.py", line 62, in render_to_string
    return template.render(context, request)
           ~~~~~~~~~~~~~~~^^^^^^^^^^^^^^^^^^
  File "D:\353504_SVIDINSKY_19\IGI\LR5\.venv\Lib\site-packages\django\template\backends\django.py", line 107, in render
    return self.template.render(context)
           ~~~~~~~~~~~~~~~~~~~~^^^^^^^^^
  File "D:\353504_SVIDINSKY_19\IGI\LR5\.venv\Lib\site-packages\django\template\base.py", line 171, in render
    return self._render(context)
           ~~~~~~~~~~~~^^^^^^^^^
  File "D:\353504_SVIDINSKY_19\IGI\LR5\.venv\Lib\site-packages\django\template\base.py", line 163, in _render
    return self.nodelist.render(context)
           ~~~~~~~~~~~~~~~~~~~~^^^^^^^^^
  File "D:\353504_SVIDINSKY_19\IGI\LR5\.venv\Lib\site-packages\django\template\base.py", line 1016, in render
    return SafeString("".join([node.render_annotated(context) for node in self]))
                               ~~~~~~~~~~~~~~~~~~~~~^^^^^^^^^
  File "D:\353504_SVIDINSKY_19\IGI\LR5\.venv\Lib\site-packages\django\template\base.py", line 977, in render_annotated
    return self.render(context)
           ~~~~~~~~~~~^^^^^^^^^
  File "D:\353504_SVIDINSKY_19\IGI\LR5\.venv\Lib\site-packages\django\template\loader_tags.py", line 159, in render
    return compiled_parent._render(context)
           ~~~~~~~~~~~~~~~~~~~~~~~^^^^^^^^^
  File "D:\353504_SVIDINSKY_19\IGI\LR5\.venv\Lib\site-packages\django\template\base.py", line 163, in _render
    return self.nodelist.render(context)
           ~~~~~~~~~~~~~~~~~~~~^^^^^^^^^
  File "D:\353504_SVIDINSKY_19\IGI\LR5\.venv\Lib\site-packages\django\template\base.py", line 1016, in render
    return SafeString("".join([node.render_annotated(context) for node in self]))
                               ~~~~~~~~~~~~~~~~~~~~~^^^^^^^^^
  File "D:\353504_SVIDINSKY_19\IGI\LR5\.venv\Lib\site-packages\django\template\base.py", line 977, in render_annotated
    return self.render(context)
           ~~~~~~~~~~~^^^^^^^^^
  File "D:\353504_SVIDINSKY_19\IGI\LR5\.venv\Lib\site-packages\django\template\defaulttags.py", line 327, in render
    return nodelist.render(context)
           ~~~~~~~~~~~~~~~^^^^^^^^^
  File "D:\353504_SVIDINSKY_19\IGI\LR5\.venv\Lib\site-packages\django\template\base.py", line 1016, in render
    return SafeString("".join([node.render_annotated(context) for node in self]))
                               ~~~~~~~~~~~~~~~~~~~~~^^^^^^^^^
  File "D:\353504_SVIDINSKY_19\IGI\LR5\.venv\Lib\site-packages\django\template\base.py", line 977, in render_annotated
    return self.render(context)
           ~~~~~~~~~~~^^^^^^^^^
  File "D:\353504_SVIDINSKY_19\IGI\LR5\.venv\Lib\site-packages\django\template\defaulttags.py", line 327, in render
    return nodelist.render(context)
           ~~~~~~~~~~~~~~~^^^^^^^^^
  File "D:\353504_SVIDINSKY_19\IGI\LR5\.venv\Lib\site-packages\django\template\base.py", line 1016, in render
    return SafeString("".join([node.render_annotated(context) for node in self]))
                               ~~~~~~~~~~~~~~~~~~~~~^^^^^^^^^
  File "D:\353504_SVIDINSKY_19\IGI\LR5\.venv\Lib\site-packages\django\template\base.py", line 977, in render_annotated
    return self.render(context)
           ~~~~~~~~~~~^^^^^^^^^
  File "D:\353504_SVIDINSKY_19\IGI\LR5\.venv\Lib\site-packages\django\template\defaulttags.py", line 480, in render
    url = reverse(view_name, args=args, kwargs=kwargs, current_app=current_app)
  File "D:\353504_SVIDINSKY_19\IGI\LR5\.venv\Lib\site-packages\django\urls\base.py", line 98, in reverse
    resolved_url = resolver._reverse_with_prefix(view, prefix, *args, **kwargs)
  File "D:\353504_SVIDINSKY_19\IGI\LR5\.venv\Lib\site-packages\django\urls\resolvers.py", line 831, in _reverse_with_prefix
    raise NoReverseMatch(msg)
django.urls.exceptions.NoReverseMatch: Reverse for 'orders_list' not found. 'orders_list' is not a valid view function or pattern name.

During handling of the above exception, another exception occurred:

Traceback (most recent call last):
  File "D:\353504_SVIDINSKY_19\IGI\LR5\.venv\Lib\site-packages\django\core\handlers\exception.py", line 55, in inner
    response = get_response(request)
  File "D:\353504_SVIDINSKY_19\IGI\LR5\.venv\Lib\site-packages\django\core\handlers\base.py", line 197, in _get_response
    response = wrapped_callback(request, *callback_args, **callback_kwargs)
  File "D:\353504_SVIDINSKY_19\IGI\LR5\.venv\Lib\site-packages\django\contrib\auth\decorators.py", line 59, in _view_wrapper
    return view_func(request, *args, **kwargs)
  File "D:\353504_SVIDINSKY_19\igi\lr5\pizza\views.py", line 478, in statistics_view
    return redirect('pizza:pizza_list')
  File "D:\353504_SVIDINSKY_19\IGI\LR5\.venv\Lib\site-packages\django\shortcuts.py", line 51, in redirect
    resolve_url(to, *args, **kwargs),
    ~~~~~~~~~~~^^^^^^^^^^^^^^^^^^^^^
  File "D:\353504_SVIDINSKY_19\IGI\LR5\.venv\Lib\site-packages\django\shortcuts.py", line 184, in resolve_url
    return reverse(to, args=args, kwargs=kwargs)
  File "D:\353504_SVIDINSKY_19\IGI\LR5\.venv\Lib\site-packages\django\urls\base.py", line 98, in reverse
    resolved_url = resolver._reverse_with_prefix(view, prefix, *args, **kwargs)
  File "D:\353504_SVIDINSKY_19\IGI\LR5\.venv\Lib\site-packages\django\urls\resolvers.py", line 831, in _reverse_with_prefix
    raise NoReverseMatch(msg)
django.urls.exceptions.NoReverseMatch: Reverse for 'pizza_list' not found. 'pizza_list' is not a valid view function or pattern name.
[ERROR] 2025-05-26 19:10:47 "GET /statistics/?search=%D0%94%D0%B8%D0%B0%D0%B1%D0%BB%D0%BE&sort=-total_price HTTP/1.1" 500 320757
[ERROR] 2025-05-26 19:10:51 Internal Server Error: /
Traceback (most recent call last):
  File "D:\353504_SVIDINSKY_19\IGI\LR5\.venv\Lib\site-packages\django\core\handlers\exception.py", line 55, in inner
    response = get_response(request)
  File "D:\353504_SVIDINSKY_19\IGI\LR5\.venv\Lib\site-packages\django\core\handlers\base.py", line 220, in _get_response
    response = response.render()
  File "D:\353504_SVIDINSKY_19\IGI\LR5\.venv\Lib\site-packages\django\template\response.py", line 114, in render
    self.content = self.rendered_content
                   ^^^^^^^^^^^^^^^^^^^^^
  File "D:\353504_SVIDINSKY_19\IGI\LR5\.venv\Lib\site-packages\django\template\response.py", line 92, in rendered_content
    return template.render(context, self._request)
           ~~~~~~~~~~~~~~~^^^^^^^^^^^^^^^^^^^^^^^^
  File "D:\353504_SVIDINSKY_19\IGI\LR5\.venv\Lib\site-packages\django\template\backends\django.py", line 107, in render
    return self.template.render(context)
           ~~~~~~~~~~~~~~~~~~~~^^^^^^^^^
  File "D:\353504_SVIDINSKY_19\IGI\LR5\.venv\Lib\site-packages\django\template\base.py", line 171, in render
    return self._render(context)
           ~~~~~~~~~~~~^^^^^^^^^
  File "D:\353504_SVIDINSKY_19\IGI\LR5\.venv\Lib\site-packages\django\template\base.py", line 163, in _render
    return self.nodelist.render(context)
           ~~~~~~~~~~~~~~~~~~~~^^^^^^^^^
  File "D:\353504_SVIDINSKY_19\IGI\LR5\.venv\Lib\site-packages\django\template\base.py", line 1016, in render
    return SafeString("".join([node.render_annotated(context) for node in self]))
                               ~~~~~~~~~~~~~~~~~~~~~^^^^^^^^^
  File "D:\353504_SVIDINSKY_19\IGI\LR5\.venv\Lib\site-packages\django\template\base.py", line 977, in render_annotated
    return self.render(context)
           ~~~~~~~~~~~^^^^^^^^^
  File "D:\353504_SVIDINSKY_19\IGI\LR5\.venv\Lib\site-packages\django\template\loader_tags.py", line 159, in render
    return compiled_parent._render(context)
           ~~~~~~~~~~~~~~~~~~~~~~~^^^^^^^^^
  File "D:\353504_SVIDINSKY_19\IGI\LR5\.venv\Lib\site-packages\django\template\base.py", line 163, in _render
    return self.nodelist.render(context)
           ~~~~~~~~~~~~~~~~~~~~^^^^^^^^^
  File "D:\353504_SVIDINSKY_19\IGI\LR5\.venv\Lib\site-packages\django\template\base.py", line 1016, in render
    return SafeString("".join([node.render_annotated(context) for node in self]))
                               ~~~~~~~~~~~~~~~~~~~~~^^^^^^^^^
  File "D:\353504_SVIDINSKY_19\IGI\LR5\.venv\Lib\site-packages\django\template\base.py", line 977, in render_annotated
    return self.render(context)
           ~~~~~~~~~~~^^^^^^^^^
  File "D:\353504_SVIDINSKY_19\IGI\LR5\.venv\Lib\site-packages\django\template\defaulttags.py", line 327, in render
    return nodelist.render(context)
           ~~~~~~~~~~~~~~~^^^^^^^^^
  File "D:\353504_SVIDINSKY_19\IGI\LR5\.venv\Lib\site-packages\django\template\base.py", line 1016, in render
    return SafeString("".join([node.render_annotated(context) for node in self]))
                               ~~~~~~~~~~~~~~~~~~~~~^^^^^^^^^
  File "D:\353504_SVIDINSKY_19\IGI\LR5\.venv\Lib\site-packages\django\template\base.py", line 977, in render_annotated
    return self.render(context)
           ~~~~~~~~~~~^^^^^^^^^
  File "D:\353504_SVIDINSKY_19\IGI\LR5\.venv\Lib\site-packages\django\template\defaulttags.py", line 327, in render
    return nodelist.render(context)
           ~~~~~~~~~~~~~~~^^^^^^^^^
  File "D:\353504_SVIDINSKY_19\IGI\LR5\.venv\Lib\site-packages\django\template\base.py", line 1016, in render
    return SafeString("".join([node.render_annotated(context) for node in self]))
                               ~~~~~~~~~~~~~~~~~~~~~^^^^^^^^^
  File "D:\353504_SVIDINSKY_19\IGI\LR5\.venv\Lib\site-packages\django\template\base.py", line 977, in render_annotated
    return self.render(context)
           ~~~~~~~~~~~^^^^^^^^^
  File "D:\353504_SVIDINSKY_19\IGI\LR5\.venv\Lib\site-packages\django\template\defaulttags.py", line 480, in render
    url = reverse(view_name, args=args, kwargs=kwargs, current_app=current_app)
  File "D:\353504_SVIDINSKY_19\IGI\LR5\.venv\Lib\site-packages\django\urls\base.py", line 98, in reverse
    resolved_url = resolver._reverse_with_prefix(view, prefix, *args, **kwargs)
  File "D:\353504_SVIDINSKY_19\IGI\LR5\.venv\Lib\site-packages\django\urls\resolvers.py", line 831, in _reverse_with_prefix
    raise NoReverseMatch(msg)
django.urls.exceptions.NoReverseMatch: Reverse for 'orders_list' not found. 'orders_list' is not a valid view function or pattern name.
[ERROR] 2025-05-26 19:10:51 "GET / HTTP/1.1" 500 166055
[ERROR] 2025-05-26 19:10:51 Internal Server Error: /
Traceback (most recent call last):
  File "D:\353504_SVIDINSKY_19\IGI\LR5\.venv\Lib\site-packages\django\core\handlers\exception.py", line 55, in inner
    response = get_response(request)
  File "D:\353504_SVIDINSKY_19\IGI\LR5\.venv\Lib\site-packages\django\core\handlers\base.py", line 220, in _get_response
    response = response.render()
  File "D:\353504_SVIDINSKY_19\IGI\LR5\.venv\Lib\site-packages\django\template\response.py", line 114, in render
    self.content = self.rendered_content
                   ^^^^^^^^^^^^^^^^^^^^^
  File "D:\353504_SVIDINSKY_19\IGI\LR5\.venv\Lib\site-packages\django\template\response.py", line 92, in rendered_content
    return template.render(context, self._request)
           ~~~~~~~~~~~~~~~^^^^^^^^^^^^^^^^^^^^^^^^
  File "D:\353504_SVIDINSKY_19\IGI\LR5\.venv\Lib\site-packages\django\template\backends\django.py", line 107, in render
    return self.template.render(context)
           ~~~~~~~~~~~~~~~~~~~~^^^^^^^^^
  File "D:\353504_SVIDINSKY_19\IGI\LR5\.venv\Lib\site-packages\django\template\base.py", line 171, in render
    return self._render(context)
           ~~~~~~~~~~~~^^^^^^^^^
  File "D:\353504_SVIDINSKY_19\IGI\LR5\.venv\Lib\site-packages\django\template\base.py", line 163, in _render
    return self.nodelist.render(context)
           ~~~~~~~~~~~~~~~~~~~~^^^^^^^^^
  File "D:\353504_SVIDINSKY_19\IGI\LR5\.venv\Lib\site-packages\django\template\base.py", line 1016, in render
    return SafeString("".join([node.render_annotated(context) for node in self]))
                               ~~~~~~~~~~~~~~~~~~~~~^^^^^^^^^
  File "D:\353504_SVIDINSKY_19\IGI\LR5\.venv\Lib\site-packages\django\template\base.py", line 977, in render_annotated
    return self.render(context)
           ~~~~~~~~~~~^^^^^^^^^
  File "D:\353504_SVIDINSKY_19\IGI\LR5\.venv\Lib\site-packages\django\template\loader_tags.py", line 159, in render
    return compiled_parent._render(context)
           ~~~~~~~~~~~~~~~~~~~~~~~^^^^^^^^^
  File "D:\353504_SVIDINSKY_19\IGI\LR5\.venv\Lib\site-packages\django\template\base.py", line 163, in _render
    return self.nodelist.render(context)
           ~~~~~~~~~~~~~~~~~~~~^^^^^^^^^
  File "D:\353504_SVIDINSKY_19\IGI\LR5\.venv\Lib\site-packages\django\template\base.py", line 1016, in render
    return SafeString("".join([node.render_annotated(context) for node in self]))
                               ~~~~~~~~~~~~~~~~~~~~~^^^^^^^^^
  File "D:\353504_SVIDINSKY_19\IGI\LR5\.venv\Lib\site-packages\django\template\base.py", line 977, in render_annotated
    return self.render(context)
           ~~~~~~~~~~~^^^^^^^^^
  File "D:\353504_SVIDINSKY_19\IGI\LR5\.venv\Lib\site-packages\django\template\defaulttags.py", line 327, in render
    return nodelist.render(context)
           ~~~~~~~~~~~~~~~^^^^^^^^^
  File "D:\353504_SVIDINSKY_19\IGI\LR5\.venv\Lib\site-packages\django\template\base.py", line 1016, in render
    return SafeString("".join([node.render_annotated(context) for node in self]))
                               ~~~~~~~~~~~~~~~~~~~~~^^^^^^^^^
  File "D:\353504_SVIDINSKY_19\IGI\LR5\.venv\Lib\site-packages\django\template\base.py", line 977, in render_annotated
    return self.render(context)
           ~~~~~~~~~~~^^^^^^^^^
  File "D:\353504_SVIDINSKY_19\IGI\LR5\.venv\Lib\site-packages\django\template\defaulttags.py", line 327, in render
    return nodelist.render(context)
           ~~~~~~~~~~~~~~~^^^^^^^^^
  File "D:\353504_SVIDINSKY_19\IGI\LR5\.venv\Lib\site-packages\django\template\base.py", line 1016, in render
    return SafeString("".join([node.render_annotated(context) for node in self]))
                               ~~~~~~~~~~~~~~~~~~~~~^^^^^^^^^
  File "D:\353504_SVIDINSKY_19\IGI\LR5\.venv\Lib\site-packages\django\template\base.py", line 977, in render_annotated
    return self.render(context)
           ~~~~~~~~~~~^^^^^^^^^
  File "D:\353504_SVIDINSKY_19\IGI\LR5\.venv\Lib\site-packages\django\template\defaulttags.py", line 480, in render
    url = reverse(view_name, args=args, kwargs=kwargs, current_app=current_app)
  File "D:\353504_SVIDINSKY_19\IGI\LR5\.venv\Lib\site-packages\django\urls\base.py", line 98, in reverse
    resolved_url = resolver._reverse_with_prefix(view, prefix, *args, **kwargs)
  File "D:\353504_SVIDINSKY_19\IGI\LR5\.venv\Lib\site-packages\django\urls\resolvers.py", line 831, in _reverse_with_prefix
    raise NoReverseMatch(msg)
django.urls.exceptions.NoReverseMatch: Reverse for 'orders_list' not found. 'orders_list' is not a valid view function or pattern name.
[ERROR] 2025-05-26 19:10:51 "GET / HTTP/1.1" 500 165781
[INFO] 2025-05-26 19:10:57 Watching for file changes with StatReloader
[ERROR] 2025-05-26 19:11:00 Internal Server Error: /
Traceback (most recent call last):
  File "D:\353504_SVIDINSKY_19\IGI\LR5\.venv\Lib\site-packages\django\core\handlers\exception.py", line 55, in inner
    response = get_response(request)
  File "D:\353504_SVIDINSKY_19\IGI\LR5\.venv\Lib\site-packages\django\core\handlers\base.py", line 220, in _get_response
    response = response.render()
  File "D:\353504_SVIDINSKY_19\IGI\LR5\.venv\Lib\site-packages\django\template\response.py", line 114, in render
    self.content = self.rendered_content
                   ^^^^^^^^^^^^^^^^^^^^^
  File "D:\353504_SVIDINSKY_19\IGI\LR5\.venv\Lib\site-packages\django\template\response.py", line 92, in rendered_content
    return template.render(context, self._request)
           ~~~~~~~~~~~~~~~^^^^^^^^^^^^^^^^^^^^^^^^
  File "D:\353504_SVIDINSKY_19\IGI\LR5\.venv\Lib\site-packages\django\template\backends\django.py", line 107, in render
    return self.template.render(context)
           ~~~~~~~~~~~~~~~~~~~~^^^^^^^^^
  File "D:\353504_SVIDINSKY_19\IGI\LR5\.venv\Lib\site-packages\django\template\base.py", line 171, in render
    return self._render(context)
           ~~~~~~~~~~~~^^^^^^^^^
  File "D:\353504_SVIDINSKY_19\IGI\LR5\.venv\Lib\site-packages\django\template\base.py", line 163, in _render
    return self.nodelist.render(context)
           ~~~~~~~~~~~~~~~~~~~~^^^^^^^^^
  File "D:\353504_SVIDINSKY_19\IGI\LR5\.venv\Lib\site-packages\django\template\base.py", line 1016, in render
    return SafeString("".join([node.render_annotated(context) for node in self]))
                               ~~~~~~~~~~~~~~~~~~~~~^^^^^^^^^
  File "D:\353504_SVIDINSKY_19\IGI\LR5\.venv\Lib\site-packages\django\template\base.py", line 977, in render_annotated
    return self.render(context)
           ~~~~~~~~~~~^^^^^^^^^
  File "D:\353504_SVIDINSKY_19\IGI\LR5\.venv\Lib\site-packages\django\template\loader_tags.py", line 159, in render
    return compiled_parent._render(context)
           ~~~~~~~~~~~~~~~~~~~~~~~^^^^^^^^^
  File "D:\353504_SVIDINSKY_19\IGI\LR5\.venv\Lib\site-packages\django\template\base.py", line 163, in _render
    return self.nodelist.render(context)
           ~~~~~~~~~~~~~~~~~~~~^^^^^^^^^
  File "D:\353504_SVIDINSKY_19\IGI\LR5\.venv\Lib\site-packages\django\template\base.py", line 1016, in render
    return SafeString("".join([node.render_annotated(context) for node in self]))
                               ~~~~~~~~~~~~~~~~~~~~~^^^^^^^^^
  File "D:\353504_SVIDINSKY_19\IGI\LR5\.venv\Lib\site-packages\django\template\base.py", line 977, in render_annotated
    return self.render(context)
           ~~~~~~~~~~~^^^^^^^^^
  File "D:\353504_SVIDINSKY_19\IGI\LR5\.venv\Lib\site-packages\django\template\defaulttags.py", line 327, in render
    return nodelist.render(context)
           ~~~~~~~~~~~~~~~^^^^^^^^^
  File "D:\353504_SVIDINSKY_19\IGI\LR5\.venv\Lib\site-packages\django\template\base.py", line 1016, in render
    return SafeString("".join([node.render_annotated(context) for node in self]))
                               ~~~~~~~~~~~~~~~~~~~~~^^^^^^^^^
  File "D:\353504_SVIDINSKY_19\IGI\LR5\.venv\Lib\site-packages\django\template\base.py", line 977, in render_annotated
    return self.render(context)
           ~~~~~~~~~~~^^^^^^^^^
  File "D:\353504_SVIDINSKY_19\IGI\LR5\.venv\Lib\site-packages\django\template\defaulttags.py", line 327, in render
    return nodelist.render(context)
           ~~~~~~~~~~~~~~~^^^^^^^^^
  File "D:\353504_SVIDINSKY_19\IGI\LR5\.venv\Lib\site-packages\django\template\base.py", line 1016, in render
    return SafeString("".join([node.render_annotated(context) for node in self]))
                               ~~~~~~~~~~~~~~~~~~~~~^^^^^^^^^
  File "D:\353504_SVIDINSKY_19\IGI\LR5\.venv\Lib\site-packages\django\template\base.py", line 977, in render_annotated
    return self.render(context)
           ~~~~~~~~~~~^^^^^^^^^
  File "D:\353504_SVIDINSKY_19\IGI\LR5\.venv\Lib\site-packages\django\template\defaulttags.py", line 480, in render
    url = reverse(view_name, args=args, kwargs=kwargs, current_app=current_app)
  File "D:\353504_SVIDINSKY_19\IGI\LR5\.venv\Lib\site-packages\django\urls\base.py", line 98, in reverse
    resolved_url = resolver._reverse_with_prefix(view, prefix, *args, **kwargs)
  File "D:\353504_SVIDINSKY_19\IGI\LR5\.venv\Lib\site-packages\django\urls\resolvers.py", line 831, in _reverse_with_prefix
    raise NoReverseMatch(msg)
django.urls.exceptions.NoReverseMatch: Reverse for 'orders_list' not found. 'orders_list' is not a valid view function or pattern name.
[ERROR] 2025-05-26 19:11:00 "GET / HTTP/1.1" 500 165918
[ERROR] 2025-05-26 19:11:01 Internal Server Error: /
Traceback (most recent call last):
  File "D:\353504_SVIDINSKY_19\IGI\LR5\.venv\Lib\site-packages\django\core\handlers\exception.py", line 55, in inner
    response = get_response(request)
  File "D:\353504_SVIDINSKY_19\IGI\LR5\.venv\Lib\site-packages\django\core\handlers\base.py", line 220, in _get_response
    response = response.render()
  File "D:\353504_SVIDINSKY_19\IGI\LR5\.venv\Lib\site-packages\django\template\response.py", line 114, in render
    self.content = self.rendered_content
                   ^^^^^^^^^^^^^^^^^^^^^
  File "D:\353504_SVIDINSKY_19\IGI\LR5\.venv\Lib\site-packages\django\template\response.py", line 92, in rendered_content
    return template.render(context, self._request)
           ~~~~~~~~~~~~~~~^^^^^^^^^^^^^^^^^^^^^^^^
  File "D:\353504_SVIDINSKY_19\IGI\LR5\.venv\Lib\site-packages\django\template\backends\django.py", line 107, in render
    return self.template.render(context)
           ~~~~~~~~~~~~~~~~~~~~^^^^^^^^^
  File "D:\353504_SVIDINSKY_19\IGI\LR5\.venv\Lib\site-packages\django\template\base.py", line 171, in render
    return self._render(context)
           ~~~~~~~~~~~~^^^^^^^^^
  File "D:\353504_SVIDINSKY_19\IGI\LR5\.venv\Lib\site-packages\django\template\base.py", line 163, in _render
    return self.nodelist.render(context)
           ~~~~~~~~~~~~~~~~~~~~^^^^^^^^^
  File "D:\353504_SVIDINSKY_19\IGI\LR5\.venv\Lib\site-packages\django\template\base.py", line 1016, in render
    return SafeString("".join([node.render_annotated(context) for node in self]))
                               ~~~~~~~~~~~~~~~~~~~~~^^^^^^^^^
  File "D:\353504_SVIDINSKY_19\IGI\LR5\.venv\Lib\site-packages\django\template\base.py", line 977, in render_annotated
    return self.render(context)
           ~~~~~~~~~~~^^^^^^^^^
  File "D:\353504_SVIDINSKY_19\IGI\LR5\.venv\Lib\site-packages\django\template\loader_tags.py", line 159, in render
    return compiled_parent._render(context)
           ~~~~~~~~~~~~~~~~~~~~~~~^^^^^^^^^
  File "D:\353504_SVIDINSKY_19\IGI\LR5\.venv\Lib\site-packages\django\template\base.py", line 163, in _render
    return self.nodelist.render(context)
           ~~~~~~~~~~~~~~~~~~~~^^^^^^^^^
  File "D:\353504_SVIDINSKY_19\IGI\LR5\.venv\Lib\site-packages\django\template\base.py", line 1016, in render
    return SafeString("".join([node.render_annotated(context) for node in self]))
                               ~~~~~~~~~~~~~~~~~~~~~^^^^^^^^^
  File "D:\353504_SVIDINSKY_19\IGI\LR5\.venv\Lib\site-packages\django\template\base.py", line 977, in render_annotated
    return self.render(context)
           ~~~~~~~~~~~^^^^^^^^^
  File "D:\353504_SVIDINSKY_19\IGI\LR5\.venv\Lib\site-packages\django\template\defaulttags.py", line 327, in render
    return nodelist.render(context)
           ~~~~~~~~~~~~~~~^^^^^^^^^
  File "D:\353504_SVIDINSKY_19\IGI\LR5\.venv\Lib\site-packages\django\template\base.py", line 1016, in render
    return SafeString("".join([node.render_annotated(context) for node in self]))
                               ~~~~~~~~~~~~~~~~~~~~~^^^^^^^^^
  File "D:\353504_SVIDINSKY_19\IGI\LR5\.venv\Lib\site-packages\django\template\base.py", line 977, in render_annotated
    return self.render(context)
           ~~~~~~~~~~~^^^^^^^^^
  File "D:\353504_SVIDINSKY_19\IGI\LR5\.venv\Lib\site-packages\django\template\defaulttags.py", line 327, in render
    return nodelist.render(context)
           ~~~~~~~~~~~~~~~^^^^^^^^^
  File "D:\353504_SVIDINSKY_19\IGI\LR5\.venv\Lib\site-packages\django\template\base.py", line 1016, in render
    return SafeString("".join([node.render_annotated(context) for node in self]))
                               ~~~~~~~~~~~~~~~~~~~~~^^^^^^^^^
  File "D:\353504_SVIDINSKY_19\IGI\LR5\.venv\Lib\site-packages\django\template\base.py", line 977, in render_annotated
    return self.render(context)
           ~~~~~~~~~~~^^^^^^^^^
  File "D:\353504_SVIDINSKY_19\IGI\LR5\.venv\Lib\site-packages\django\template\defaulttags.py", line 480, in render
    url = reverse(view_name, args=args, kwargs=kwargs, current_app=current_app)
  File "D:\353504_SVIDINSKY_19\IGI\LR5\.venv\Lib\site-packages\django\urls\base.py", line 98, in reverse
    resolved_url = resolver._reverse_with_prefix(view, prefix, *args, **kwargs)
  File "D:\353504_SVIDINSKY_19\IGI\LR5\.venv\Lib\site-packages\django\urls\resolvers.py", line 831, in _reverse_with_prefix
    raise NoReverseMatch(msg)
django.urls.exceptions.NoReverseMatch: Reverse for 'orders_list' not found. 'orders_list' is not a valid view function or pattern name.
[ERROR] 2025-05-26 19:11:01 "GET / HTTP/1.1" 500 165918
[INFO] 2025-05-26 19:12:50 D:\353504_SVIDINSKY_19\IGI\LR5\pizza\urls.py changed, reloading.
[INFO] 2025-05-26 19:12:51 Watching for file changes with StatReloader
[INFO] 2025-05-26 19:13:00 D:\353504_SVIDINSKY_19\IGI\LR5\pizza\views.py changed, reloading.
[INFO] 2025-05-26 19:13:01 Watching for file changes with StatReloader
[INFO] 2025-05-26 19:13:55 "GET / HTTP/1.1" 200 3294
[WARNING] 2025-05-26 19:13:55 "GET /static/css/style.css HTTP/1.1" 404 1853
[WARNING] 2025-05-26 19:13:55 "GET /static/js/main.js HTTP/1.1" 404 1844
[WARNING] 2025-05-26 19:13:55 "GET /static/js/form-validation.js HTTP/1.1" 404 1877
[INFO] 2025-05-26 19:13:59 "GET / HTTP/1.1" 200 2918
[WARNING] 2025-05-26 19:13:59 "GET /static/css/style.css HTTP/1.1" 404 1853
[WARNING] 2025-05-26 19:13:59 "GET /static/js/main.js HTTP/1.1" 404 1844
[WARNING] 2025-05-26 19:13:59 "GET /static/js/form-validation.js HTTP/1.1" 404 1877
[INFO] 2025-05-26 19:14:04 "GET /orders/my/ HTTP/1.1" 200 1664
[WARNING] 2025-05-26 19:14:04 "GET /static/css/style.css HTTP/1.1" 404 1853
[WARNING] 2025-05-26 19:14:04 "GET /static/js/main.js HTTP/1.1" 404 1844
[WARNING] 2025-05-26 19:14:04 "GET /static/js/form-validation.js HTTP/1.1" 404 1877
[DEBUG] 2025-05-26 19:14:06 Starting statistics calculation
[INFO] 2025-05-26 19:14:06 Statistics viewed by user pavel
[INFO] 2025-05-26 19:14:06 "GET /statistics/ HTTP/1.1" 200 102869
[WARNING] 2025-05-26 19:14:06 "GET /static/css/style.css HTTP/1.1" 404 1853
[WARNING] 2025-05-26 19:14:06 "GET /static/js/main.js HTTP/1.1" 404 1844
[WARNING] 2025-05-26 19:14:06 "GET /static/js/form-validation.js HTTP/1.1" 404 1877
[INFO] 2025-05-26 19:14:09 "GET /order/new/ HTTP/1.1" 200 33029
[WARNING] 2025-05-26 19:14:09 "GET /static/js/main.js HTTP/1.1" 404 1844
[WARNING] 2025-05-26 19:14:09 "GET /static/css/style.css HTTP/1.1" 404 1853
[WARNING] 2025-05-26 19:14:09 "GET /static/js/form-validation.js HTTP/1.1" 404 1877
[INFO] 2025-05-26 19:14:11 "GET /orders/ HTTP/1.1" 200 2652
[WARNING] 2025-05-26 19:14:11 "GET /static/css/style.css HTTP/1.1" 404 1853
[WARNING] 2025-05-26 19:14:11 "GET /static/js/main.js HTTP/1.1" 404 1844
[WARNING] 2025-05-26 19:14:11 "GET /static/js/form-validation.js HTTP/1.1" 404 1877
[DEBUG] 2025-05-26 19:14:21 Accessing promotions page
[INFO] 2025-05-26 19:14:21 User pavel viewed promotions
[INFO] 2025-05-26 19:14:21 "GET /promotions/ HTTP/1.1" 200 2923
[WARNING] 2025-05-26 19:14:21 "GET /static/css/style.css HTTP/1.1" 404 1853
[WARNING] 2025-05-26 19:14:21 "GET /static/js/main.js HTTP/1.1" 404 1844
[WARNING] 2025-05-26 19:14:21 "GET /static/js/form-validation.js HTTP/1.1" 404 1877
[INFO] 2025-05-26 19:14:34 User pavel applied promo code 6HGR7N
[INFO] 2025-05-26 19:14:34 "POST /promotions/apply/ HTTP/1.1" 302 0
[DEBUG] 2025-05-26 19:14:34 Accessing promotions page
[INFO] 2025-05-26 19:14:34 User pavel viewed promotions
[INFO] 2025-05-26 19:14:34 "GET /promotions/ HTTP/1.1" 200 3138
[WARNING] 2025-05-26 19:14:34 "GET /static/css/style.css HTTP/1.1" 404 1853
[WARNING] 2025-05-26 19:14:34 "GET /static/js/main.js HTTP/1.1" 404 1844
[WARNING] 2025-05-26 19:14:34 "GET /static/js/form-validation.js HTTP/1.1" 404 1877
[DEBUG] 2025-05-26 19:14:39 Menu filter params: category=None, sauce=None, is_vegan=None, price=None-None
[INFO] 2025-05-26 19:14:39 "GET /menu/ HTTP/1.1" 200 8821
[WARNING] 2025-05-26 19:14:40 "GET /static/js/main.js HTTP/1.1" 404 1844
[WARNING] 2025-05-26 19:14:40 "GET /static/css/style.css HTTP/1.1" 404 1853
[WARNING] 2025-05-26 19:14:40 "GET /static/js/form-validation.js HTTP/1.1" 404 1877
[INFO] 2025-05-26 19:14:45 "GET / HTTP/1.1" 200 2918
[WARNING] 2025-05-26 19:14:45 "GET /static/css/style.css HTTP/1.1" 404 1853
[WARNING] 2025-05-26 19:14:45 "GET /static/js/main.js HTTP/1.1" 404 1844
[WARNING] 2025-05-26 19:14:45 "GET /static/js/form-validation.js HTTP/1.1" 404 1877
[ERROR] 2025-05-26 19:14:52 Internal Server Error: /logout/
Traceback (most recent call last):
  File "D:\353504_SVIDINSKY_19\IGI\LR5\.venv\Lib\site-packages\django\core\handlers\exception.py", line 55, in inner
    response = get_response(request)
  File "D:\353504_SVIDINSKY_19\IGI\LR5\.venv\Lib\site-packages\django\core\handlers\base.py", line 197, in _get_response
    response = wrapped_callback(request, *callback_args, **callback_kwargs)
  File "D:\353504_SVIDINSKY_19\igi\lr5\pizza\views.py", line 256, in logout_view
    return redirect('pizza:pizza_list')
  File "D:\353504_SVIDINSKY_19\IGI\LR5\.venv\Lib\site-packages\django\shortcuts.py", line 51, in redirect
    resolve_url(to, *args, **kwargs),
    ~~~~~~~~~~~^^^^^^^^^^^^^^^^^^^^^
  File "D:\353504_SVIDINSKY_19\IGI\LR5\.venv\Lib\site-packages\django\shortcuts.py", line 184, in resolve_url
    return reverse(to, args=args, kwargs=kwargs)
  File "D:\353504_SVIDINSKY_19\IGI\LR5\.venv\Lib\site-packages\django\urls\base.py", line 98, in reverse
    resolved_url = resolver._reverse_with_prefix(view, prefix, *args, **kwargs)
  File "D:\353504_SVIDINSKY_19\IGI\LR5\.venv\Lib\site-packages\django\urls\resolvers.py", line 831, in _reverse_with_prefix
    raise NoReverseMatch(msg)
django.urls.exceptions.NoReverseMatch: Reverse for 'pizza_list' not found. 'pizza_list' is not a valid view function or pattern name.
[ERROR] 2025-05-26 19:14:52 "GET /logout/ HTTP/1.1" 500 89548
[ERROR] 2025-05-26 19:14:57 Internal Server Error: /logout/
Traceback (most recent call last):
  File "D:\353504_SVIDINSKY_19\IGI\LR5\.venv\Lib\site-packages\django\core\handlers\exception.py", line 55, in inner
    response = get_response(request)
  File "D:\353504_SVIDINSKY_19\IGI\LR5\.venv\Lib\site-packages\django\core\handlers\base.py", line 197, in _get_response
    response = wrapped_callback(request, *callback_args, **callback_kwargs)
  File "D:\353504_SVIDINSKY_19\igi\lr5\pizza\views.py", line 256, in logout_view
    return redirect('pizza:pizza_list')
  File "D:\353504_SVIDINSKY_19\IGI\LR5\.venv\Lib\site-packages\django\shortcuts.py", line 51, in redirect
    resolve_url(to, *args, **kwargs),
    ~~~~~~~~~~~^^^^^^^^^^^^^^^^^^^^^
  File "D:\353504_SVIDINSKY_19\IGI\LR5\.venv\Lib\site-packages\django\shortcuts.py", line 184, in resolve_url
    return reverse(to, args=args, kwargs=kwargs)
  File "D:\353504_SVIDINSKY_19\IGI\LR5\.venv\Lib\site-packages\django\urls\base.py", line 98, in reverse
    resolved_url = resolver._reverse_with_prefix(view, prefix, *args, **kwargs)
  File "D:\353504_SVIDINSKY_19\IGI\LR5\.venv\Lib\site-packages\django\urls\resolvers.py", line 831, in _reverse_with_prefix
    raise NoReverseMatch(msg)
django.urls.exceptions.NoReverseMatch: Reverse for 'pizza_list' not found. 'pizza_list' is not a valid view function or pattern name.
[ERROR] 2025-05-26 19:14:57 "GET /logout/ HTTP/1.1" 500 89536
[INFO] 2025-05-26 19:15:07 D:\353504_SVIDINSKY_19\IGI\LR5\pizza\views.py changed, reloading.
[INFO] 2025-05-26 19:15:09 Watching for file changes with StatReloader
[INFO] 2025-05-26 19:15:25 "GET / HTTP/1.1" 200 2615
[WARNING] 2025-05-26 19:15:25 "GET /static/css/style.css HTTP/1.1" 404 1853
[WARNING] 2025-05-26 19:15:25 "GET /static/js/form-validation.js HTTP/1.1" 404 1877
[WARNING] 2025-05-26 19:15:25 "GET /static/js/main.js HTTP/1.1" 404 1844
[DEBUG] 2025-05-26 19:15:29 Accessing promotions page
[INFO] 2025-05-26 19:15:29 User AnonymousUser viewed promotions
[INFO] 2025-05-26 19:15:29 "GET /promotions/ HTTP/1.1" 200 1750
[WARNING] 2025-05-26 19:15:29 "GET /static/css/style.css HTTP/1.1" 404 1853
[WARNING] 2025-05-26 19:15:29 "GET /static/js/main.js HTTP/1.1" 404 1844
[WARNING] 2025-05-26 19:15:29 "GET /static/js/form-validation.js HTTP/1.1" 404 1877
[DEBUG] 2025-05-26 19:15:30 Accessing promotions page
[INFO] 2025-05-26 19:15:30 User AnonymousUser viewed promotions
[INFO] 2025-05-26 19:15:30 "GET /promotions/ HTTP/1.1" 200 1750
[WARNING] 2025-05-26 19:15:30 "GET /static/js/form-validation.js HTTP/1.1" 404 1877
[WARNING] 2025-05-26 19:15:30 "GET /static/css/style.css HTTP/1.1" 404 1853
[WARNING] 2025-05-26 19:15:30 "GET /static/js/main.js HTTP/1.1" 404 1844
[DEBUG] 2025-05-26 19:15:31 Accessing promotions page
[INFO] 2025-05-26 19:15:31 User AnonymousUser viewed promotions
[INFO] 2025-05-26 19:15:31 "GET /promotions/ HTTP/1.1" 200 1750
[WARNING] 2025-05-26 19:15:31 "GET /static/css/style.css HTTP/1.1" 404 1853
[WARNING] 2025-05-26 19:15:31 "GET /static/js/main.js HTTP/1.1" 404 1844
[WARNING] 2025-05-26 19:15:31 "GET /static/js/form-validation.js HTTP/1.1" 404 1877
[INFO] 2025-05-26 19:15:32 "GET / HTTP/1.1" 200 2615
[WARNING] 2025-05-26 19:15:32 "GET /static/css/style.css HTTP/1.1" 404 1853
[WARNING] 2025-05-26 19:15:32 "GET /static/js/main.js HTTP/1.1" 404 1844
[WARNING] 2025-05-26 19:15:32 "GET /static/js/form-validation.js HTTP/1.1" 404 1877
[DEBUG] 2025-05-26 19:15:34 Accessing promotions page
[INFO] 2025-05-26 19:15:34 User AnonymousUser viewed promotions
[INFO] 2025-05-26 19:15:34 "GET /promotions/ HTTP/1.1" 200 1750
[WARNING] 2025-05-26 19:15:34 "GET /static/js/main.js HTTP/1.1" 404 1844
[WARNING] 2025-05-26 19:15:34 "GET /static/css/style.css HTTP/1.1" 404 1853
[WARNING] 2025-05-26 19:15:34 "GET /static/js/form-validation.js HTTP/1.1" 404 1877
[INFO] 2025-05-26 19:15:57 "GET /login/ HTTP/1.1" 200 1746
[WARNING] 2025-05-26 19:15:57 "GET /static/css/style.css HTTP/1.1" 404 1853
[WARNING] 2025-05-26 19:15:57 "GET /static/js/main.js HTTP/1.1" 404 1844
[WARNING] 2025-05-26 19:15:57 "GET /static/js/form-validation.js HTTP/1.1" 404 1877
[DEBUG] 2025-05-26 19:15:58 Menu filter params: category=None, sauce=None, is_vegan=None, price=None-None
[INFO] 2025-05-26 19:15:58 "GET /menu/ HTTP/1.1" 200 8512
[WARNING] 2025-05-26 19:15:58 "GET /static/css/style.css HTTP/1.1" 404 1853
[WARNING] 2025-05-26 19:15:58 "GET /static/js/main.js HTTP/1.1" 404 1844
[WARNING] 2025-05-26 19:15:58 "GET /static/js/form-validation.js HTTP/1.1" 404 1877
[INFO] 2025-05-26 19:15:59 "GET /login/ HTTP/1.1" 200 1746
[WARNING] 2025-05-26 19:15:59 "GET /static/css/style.css HTTP/1.1" 404 1853
[WARNING] 2025-05-26 19:15:59 "GET /static/js/main.js HTTP/1.1" 404 1844
[WARNING] 2025-05-26 19:15:59 "GET /static/js/form-validation.js HTTP/1.1" 404 1877
[ERROR] 2025-05-26 19:16:04 Internal Server Error: /login/
Traceback (most recent call last):
  File "D:\353504_SVIDINSKY_19\IGI\LR5\.venv\Lib\site-packages\django\core\handlers\exception.py", line 55, in inner
    response = get_response(request)
  File "D:\353504_SVIDINSKY_19\IGI\LR5\.venv\Lib\site-packages\django\core\handlers\base.py", line 197, in _get_response
    response = wrapped_callback(request, *callback_args, **callback_kwargs)
  File "D:\353504_SVIDINSKY_19\IGI\LR5\.venv\Lib\site-packages\django\views\generic\base.py", line 104, in view
    return self.dispatch(request, *args, **kwargs)
           ~~~~~~~~~~~~~^^^^^^^^^^^^^^^^^^^^^^^^^^
  File "D:\353504_SVIDINSKY_19\IGI\LR5\.venv\Lib\site-packages\django\utils\decorators.py", line 48, in _wrapper
    return bound_method(*args, **kwargs)
  File "D:\353504_SVIDINSKY_19\IGI\LR5\.venv\Lib\site-packages\django\utils\decorators.py", line 48, in _wrapper
    return bound_method(*args, **kwargs)
  File "D:\353504_SVIDINSKY_19\IGI\LR5\.venv\Lib\site-packages\django\views\decorators\debug.py", line 143, in sensitive_post_parameters_wrapper
    return view(request, *args, **kwargs)
  File "D:\353504_SVIDINSKY_19\IGI\LR5\.venv\Lib\site-packages\django\utils\decorators.py", line 48, in _wrapper
    return bound_method(*args, **kwargs)
  File "D:\353504_SVIDINSKY_19\IGI\LR5\.venv\Lib\site-packages\django\utils\decorators.py", line 192, in _view_wrapper
    result = _process_exception(request, e)
  File "D:\353504_SVIDINSKY_19\IGI\LR5\.venv\Lib\site-packages\django\utils\decorators.py", line 190, in _view_wrapper
    response = view_func(request, *args, **kwargs)
  File "D:\353504_SVIDINSKY_19\IGI\LR5\.venv\Lib\site-packages\django\utils\decorators.py", line 48, in _wrapper
    return bound_method(*args, **kwargs)
  File "D:\353504_SVIDINSKY_19\IGI\LR5\.venv\Lib\site-packages\django\views\decorators\cache.py", line 80, in _view_wrapper
    response = view_func(request, *args, **kwargs)
  File "D:\353504_SVIDINSKY_19\IGI\LR5\.venv\Lib\site-packages\django\contrib\auth\views.py", line 89, in dispatch
    return super().dispatch(request, *args, **kwargs)
           ~~~~~~~~~~~~~~~~^^^^^^^^^^^^^^^^^^^^^^^^^^
  File "D:\353504_SVIDINSKY_19\IGI\LR5\.venv\Lib\site-packages\django\views\generic\base.py", line 143, in dispatch
    return handler(request, *args, **kwargs)
  File "D:\353504_SVIDINSKY_19\IGI\LR5\.venv\Lib\site-packages\django\views\generic\edit.py", line 151, in post
    return self.form_valid(form)
           ~~~~~~~~~~~~~~~^^^^^^
  File "D:\353504_SVIDINSKY_19\IGI\LR5\.venv\Lib\site-packages\django\contrib\auth\views.py", line 109, in form_valid
    return HttpResponseRedirect(self.get_success_url())
                                ~~~~~~~~~~~~~~~~~~~~^^
  File "D:\353504_SVIDINSKY_19\IGI\LR5\.venv\Lib\site-packages\django\contrib\auth\views.py", line 41, in get_success_url
    return self.get_redirect_url() or self.get_default_redirect_url()
                                      ~~~~~~~~~~~~~~~~~~~~~~~~~~~~~^^
  File "D:\353504_SVIDINSKY_19\IGI\LR5\.venv\Lib\site-packages\django\contrib\auth\views.py", line 96, in get_default_redirect_url
    return resolve_url(settings.LOGIN_REDIRECT_URL)
  File "D:\353504_SVIDINSKY_19\IGI\LR5\.venv\Lib\site-packages\django\shortcuts.py", line 184, in resolve_url
    return reverse(to, args=args, kwargs=kwargs)
  File "D:\353504_SVIDINSKY_19\IGI\LR5\.venv\Lib\site-packages\django\urls\base.py", line 98, in reverse
    resolved_url = resolver._reverse_with_prefix(view, prefix, *args, **kwargs)
  File "D:\353504_SVIDINSKY_19\IGI\LR5\.venv\Lib\site-packages\django\urls\resolvers.py", line 831, in _reverse_with_prefix
    raise NoReverseMatch(msg)
django.urls.exceptions.NoReverseMatch: Reverse for 'pizza_list' not found. 'pizza_list' is not a valid view function or pattern name.
[ERROR] 2025-05-26 19:16:04 "POST /login/ HTTP/1.1" 500 153306
[INFO] 2025-05-26 19:16:19 "GET / HTTP/1.1" 200 2615
[WARNING] 2025-05-26 19:16:19 "GET /static/js/main.js HTTP/1.1" 404 1844
[WARNING] 2025-05-26 19:16:19 "GET /static/js/form-validation.js HTTP/1.1" 404 1877
[WARNING] 2025-05-26 19:16:19 "GET /static/css/style.css HTTP/1.1" 404 1853
[INFO] 2025-05-26 19:16:22 "GET /login/ HTTP/1.1" 200 1746
[WARNING] 2025-05-26 19:16:22 "GET /static/css/style.css HTTP/1.1" 404 1853
[WARNING] 2025-05-26 19:16:22 "GET /static/js/main.js HTTP/1.1" 404 1844
[WARNING] 2025-05-26 19:16:22 "GET /static/js/form-validation.js HTTP/1.1" 404 1877
[ERROR] 2025-05-26 19:16:26 Internal Server Error: /login/
Traceback (most recent call last):
  File "D:\353504_SVIDINSKY_19\IGI\LR5\.venv\Lib\site-packages\django\core\handlers\exception.py", line 55, in inner
    response = get_response(request)
  File "D:\353504_SVIDINSKY_19\IGI\LR5\.venv\Lib\site-packages\django\core\handlers\base.py", line 197, in _get_response
    response = wrapped_callback(request, *callback_args, **callback_kwargs)
  File "D:\353504_SVIDINSKY_19\IGI\LR5\.venv\Lib\site-packages\django\views\generic\base.py", line 104, in view
    return self.dispatch(request, *args, **kwargs)
           ~~~~~~~~~~~~~^^^^^^^^^^^^^^^^^^^^^^^^^^
  File "D:\353504_SVIDINSKY_19\IGI\LR5\.venv\Lib\site-packages\django\utils\decorators.py", line 48, in _wrapper
    return bound_method(*args, **kwargs)
  File "D:\353504_SVIDINSKY_19\IGI\LR5\.venv\Lib\site-packages\django\utils\decorators.py", line 48, in _wrapper
    return bound_method(*args, **kwargs)
  File "D:\353504_SVIDINSKY_19\IGI\LR5\.venv\Lib\site-packages\django\views\decorators\debug.py", line 143, in sensitive_post_parameters_wrapper
    return view(request, *args, **kwargs)
  File "D:\353504_SVIDINSKY_19\IGI\LR5\.venv\Lib\site-packages\django\utils\decorators.py", line 48, in _wrapper
    return bound_method(*args, **kwargs)
  File "D:\353504_SVIDINSKY_19\IGI\LR5\.venv\Lib\site-packages\django\utils\decorators.py", line 192, in _view_wrapper
    result = _process_exception(request, e)
  File "D:\353504_SVIDINSKY_19\IGI\LR5\.venv\Lib\site-packages\django\utils\decorators.py", line 190, in _view_wrapper
    response = view_func(request, *args, **kwargs)
  File "D:\353504_SVIDINSKY_19\IGI\LR5\.venv\Lib\site-packages\django\utils\decorators.py", line 48, in _wrapper
    return bound_method(*args, **kwargs)
  File "D:\353504_SVIDINSKY_19\IGI\LR5\.venv\Lib\site-packages\django\views\decorators\cache.py", line 80, in _view_wrapper
    response = view_func(request, *args, **kwargs)
  File "D:\353504_SVIDINSKY_19\IGI\LR5\.venv\Lib\site-packages\django\contrib\auth\views.py", line 89, in dispatch
    return super().dispatch(request, *args, **kwargs)
           ~~~~~~~~~~~~~~~~^^^^^^^^^^^^^^^^^^^^^^^^^^
  File "D:\353504_SVIDINSKY_19\IGI\LR5\.venv\Lib\site-packages\django\views\generic\base.py", line 143, in dispatch
    return handler(request, *args, **kwargs)
  File "D:\353504_SVIDINSKY_19\IGI\LR5\.venv\Lib\site-packages\django\views\generic\edit.py", line 151, in post
    return self.form_valid(form)
           ~~~~~~~~~~~~~~~^^^^^^
  File "D:\353504_SVIDINSKY_19\IGI\LR5\.venv\Lib\site-packages\django\contrib\auth\views.py", line 109, in form_valid
    return HttpResponseRedirect(self.get_success_url())
                                ~~~~~~~~~~~~~~~~~~~~^^
  File "D:\353504_SVIDINSKY_19\IGI\LR5\.venv\Lib\site-packages\django\contrib\auth\views.py", line 41, in get_success_url
    return self.get_redirect_url() or self.get_default_redirect_url()
                                      ~~~~~~~~~~~~~~~~~~~~~~~~~~~~~^^
  File "D:\353504_SVIDINSKY_19\IGI\LR5\.venv\Lib\site-packages\django\contrib\auth\views.py", line 96, in get_default_redirect_url
    return resolve_url(settings.LOGIN_REDIRECT_URL)
  File "D:\353504_SVIDINSKY_19\IGI\LR5\.venv\Lib\site-packages\django\shortcuts.py", line 184, in resolve_url
    return reverse(to, args=args, kwargs=kwargs)
  File "D:\353504_SVIDINSKY_19\IGI\LR5\.venv\Lib\site-packages\django\urls\base.py", line 98, in reverse
    resolved_url = resolver._reverse_with_prefix(view, prefix, *args, **kwargs)
  File "D:\353504_SVIDINSKY_19\IGI\LR5\.venv\Lib\site-packages\django\urls\resolvers.py", line 831, in _reverse_with_prefix
    raise NoReverseMatch(msg)
django.urls.exceptions.NoReverseMatch: Reverse for 'pizza_list' not found. 'pizza_list' is not a valid view function or pattern name.
[ERROR] 2025-05-26 19:16:26 "POST /login/ HTTP/1.1" 500 153306
[INFO] 2025-05-26 19:16:30 "GET / HTTP/1.1" 200 2615
[WARNING] 2025-05-26 19:16:30 "GET /static/css/style.css HTTP/1.1" 404 1853
[WARNING] 2025-05-26 19:16:30 "GET /static/js/main.js HTTP/1.1" 404 1844
[WARNING] 2025-05-26 19:16:30 "GET /static/js/form-validation.js HTTP/1.1" 404 1877
[INFO] 2025-05-26 19:17:14 D:\353504_SVIDINSKY_19\IGI\LR5\pizza\urls.py changed, reloading.
[INFO] 2025-05-26 19:17:14 Watching for file changes with StatReloader
[INFO] 2025-05-26 19:17:22 D:\353504_SVIDINSKY_19\IGI\LR5\pizza\views.py changed, reloading.
[INFO] 2025-05-26 19:17:22 Watching for file changes with StatReloader
[INFO] 2025-05-26 19:18:54 D:\353504_SVIDINSKY_19\IGI\LR5\pizza\urls.py changed, reloading.
[INFO] 2025-05-26 19:18:55 Watching for file changes with StatReloader
[INFO] 2025-05-26 19:19:05 Watching for file changes with StatReloader
[INFO] 2025-05-26 19:20:52 D:\353504_SVIDINSKY_19\IGI\LR5\pizza\urls.py changed, reloading.
[INFO] 2025-05-26 19:20:53 Watching for file changes with StatReloader
[INFO] 2025-05-26 19:21:04 D:\353504_SVIDINSKY_19\IGI\LR5\pizza\views.py changed, reloading.
[INFO] 2025-05-26 19:21:04 Watching for file changes with StatReloader
[INFO] 2025-05-26 19:21:24 D:\353504_SVIDINSKY_19\IGI\LR5\pizza\urls.py changed, reloading.
[INFO] 2025-05-26 19:21:25 Watching for file changes with StatReloader
[INFO] 2025-05-26 19:21:29 "GET / HTTP/1.1" 200 4376
[WARNING] 2025-05-26 19:21:29 "GET /static/js/main.js HTTP/1.1" 404 1844
[WARNING] 2025-05-26 19:21:29 "GET /static/js/form-validation.js HTTP/1.1" 404 1877
[WARNING] 2025-05-26 19:21:29 "GET /static/css/style.css HTTP/1.1" 404 1853
[DEBUG] 2025-05-26 19:21:43 Accessing promotions page
[INFO] 2025-05-26 19:21:43 User AnonymousUser viewed promotions
[INFO] 2025-05-26 19:21:43 "GET /promotions/ HTTP/1.1" 200 1750
[WARNING] 2025-05-26 19:21:43 "GET /static/css/style.css HTTP/1.1" 404 1853
[WARNING] 2025-05-26 19:21:43 "GET /static/js/main.js HTTP/1.1" 404 1844
[WARNING] 2025-05-26 19:21:43 "GET /static/js/form-validation.js HTTP/1.1" 404 1877
[DEBUG] 2025-05-26 19:21:44 Menu filter params: category=None, sauce=None, is_vegan=None, price=None-None
[INFO] 2025-05-26 19:21:44 "GET /menu/ HTTP/1.1" 200 8512
[WARNING] 2025-05-26 19:21:44 "GET /static/css/style.css HTTP/1.1" 404 1853
[WARNING] 2025-05-26 19:21:44 "GET /static/js/main.js HTTP/1.1" 404 1844
[WARNING] 2025-05-26 19:21:44 "GET /static/js/form-validation.js HTTP/1.1" 404 1877
[INFO] 2025-05-26 19:21:45 "GET / HTTP/1.1" 200 4376
[WARNING] 2025-05-26 19:21:45 "GET /static/js/main.js HTTP/1.1" 404 1844
[WARNING] 2025-05-26 19:21:45 "GET /static/css/style.css HTTP/1.1" 404 1853
[WARNING] 2025-05-26 19:21:45 "GET /static/js/form-validation.js HTTP/1.1" 404 1877
[DEBUG] 2025-05-26 19:21:46 Accessing promotions page
[INFO] 2025-05-26 19:21:46 User AnonymousUser viewed promotions
[INFO] 2025-05-26 19:21:46 "GET /promotions/ HTTP/1.1" 200 1750
[WARNING] 2025-05-26 19:21:46 "GET /static/css/style.css HTTP/1.1" 404 1853
[WARNING] 2025-05-26 19:21:46 "GET /static/js/main.js HTTP/1.1" 404 1844
[WARNING] 2025-05-26 19:21:46 "GET /static/js/form-validation.js HTTP/1.1" 404 1877
[DEBUG] 2025-05-26 19:22:12 Menu filter params: category=None, sauce=None, is_vegan=None, price=None-None
[INFO] 2025-05-26 19:22:12 "GET /menu/ HTTP/1.1" 200 8512
[WARNING] 2025-05-26 19:22:12 "GET /static/js/main.js HTTP/1.1" 404 1844
[WARNING] 2025-05-26 19:22:12 "GET /static/js/form-validation.js HTTP/1.1" 404 1877
[WARNING] 2025-05-26 19:22:12 "GET /static/css/style.css HTTP/1.1" 404 1853
[INFO] 2025-05-26 19:22:15 "GET / HTTP/1.1" 200 4376
[WARNING] 2025-05-26 19:22:15 "GET /static/css/style.css HTTP/1.1" 404 1853
[WARNING] 2025-05-26 19:22:15 "GET /static/js/form-validation.js HTTP/1.1" 404 1877
[WARNING] 2025-05-26 19:22:15 "GET /static/js/main.js HTTP/1.1" 404 1844
[DEBUG] 2025-05-26 19:22:16 Menu filter params: category=None, sauce=None, is_vegan=None, price=None-None
[INFO] 2025-05-26 19:22:16 "GET /menu/ HTTP/1.1" 200 8512
[WARNING] 2025-05-26 19:22:17 "GET /static/css/style.css HTTP/1.1" 404 1853
[WARNING] 2025-05-26 19:22:17 "GET /static/js/main.js HTTP/1.1" 404 1844
[WARNING] 2025-05-26 19:22:17 "GET /static/js/form-validation.js HTTP/1.1" 404 1877
[INFO] 2025-05-26 19:22:18 "GET /login/ HTTP/1.1" 200 1953
[WARNING] 2025-05-26 19:22:18 "GET /static/css/style.css HTTP/1.1" 404 1853
[WARNING] 2025-05-26 19:22:18 "GET /static/js/main.js HTTP/1.1" 404 1844
[WARNING] 2025-05-26 19:22:18 "GET /static/js/form-validation.js HTTP/1.1" 404 1877
[DEBUG] 2025-05-26 19:22:19 Menu filter params: category=None, sauce=None, is_vegan=None, price=None-None
[INFO] 2025-05-26 19:22:19 "GET /menu/ HTTP/1.1" 200 8512
[WARNING] 2025-05-26 19:22:20 "GET /static/css/style.css HTTP/1.1" 404 1853
[WARNING] 2025-05-26 19:22:20 "GET /static/js/main.js HTTP/1.1" 404 1844
[WARNING] 2025-05-26 19:22:20 "GET /static/js/form-validation.js HTTP/1.1" 404 1877
[ERROR] 2025-05-26 19:22:23 Internal Server Error: /pizza/1/
Traceback (most recent call last):
  File "D:\353504_SVIDINSKY_19\IGI\LR5\.venv\Lib\site-packages\django\core\handlers\exception.py", line 55, in inner
    response = get_response(request)
  File "D:\353504_SVIDINSKY_19\IGI\LR5\.venv\Lib\site-packages\django\core\handlers\base.py", line 220, in _get_response
    response = response.render()
  File "D:\353504_SVIDINSKY_19\IGI\LR5\.venv\Lib\site-packages\django\template\response.py", line 114, in render
    self.content = self.rendered_content
                   ^^^^^^^^^^^^^^^^^^^^^
  File "D:\353504_SVIDINSKY_19\IGI\LR5\.venv\Lib\site-packages\django\template\response.py", line 92, in rendered_content
    return template.render(context, self._request)
           ~~~~~~~~~~~~~~~^^^^^^^^^^^^^^^^^^^^^^^^
  File "D:\353504_SVIDINSKY_19\IGI\LR5\.venv\Lib\site-packages\django\template\backends\django.py", line 107, in render
    return self.template.render(context)
           ~~~~~~~~~~~~~~~~~~~~^^^^^^^^^
  File "D:\353504_SVIDINSKY_19\IGI\LR5\.venv\Lib\site-packages\django\template\base.py", line 171, in render
    return self._render(context)
           ~~~~~~~~~~~~^^^^^^^^^
  File "D:\353504_SVIDINSKY_19\IGI\LR5\.venv\Lib\site-packages\django\template\base.py", line 163, in _render
    return self.nodelist.render(context)
           ~~~~~~~~~~~~~~~~~~~~^^^^^^^^^
  File "D:\353504_SVIDINSKY_19\IGI\LR5\.venv\Lib\site-packages\django\template\base.py", line 1016, in render
    return SafeString("".join([node.render_annotated(context) for node in self]))
                               ~~~~~~~~~~~~~~~~~~~~~^^^^^^^^^
  File "D:\353504_SVIDINSKY_19\IGI\LR5\.venv\Lib\site-packages\django\template\base.py", line 977, in render_annotated
    return self.render(context)
           ~~~~~~~~~~~^^^^^^^^^
  File "D:\353504_SVIDINSKY_19\IGI\LR5\.venv\Lib\site-packages\django\template\loader_tags.py", line 159, in render
    return compiled_parent._render(context)
           ~~~~~~~~~~~~~~~~~~~~~~~^^^^^^^^^
  File "D:\353504_SVIDINSKY_19\IGI\LR5\.venv\Lib\site-packages\django\template\base.py", line 163, in _render
    return self.nodelist.render(context)
           ~~~~~~~~~~~~~~~~~~~~^^^^^^^^^
  File "D:\353504_SVIDINSKY_19\IGI\LR5\.venv\Lib\site-packages\django\template\base.py", line 1016, in render
    return SafeString("".join([node.render_annotated(context) for node in self]))
                               ~~~~~~~~~~~~~~~~~~~~~^^^^^^^^^
  File "D:\353504_SVIDINSKY_19\IGI\LR5\.venv\Lib\site-packages\django\template\base.py", line 977, in render_annotated
    return self.render(context)
           ~~~~~~~~~~~^^^^^^^^^
  File "D:\353504_SVIDINSKY_19\IGI\LR5\.venv\Lib\site-packages\django\template\loader_tags.py", line 65, in render
    result = block.nodelist.render(context)
  File "D:\353504_SVIDINSKY_19\IGI\LR5\.venv\Lib\site-packages\django\template\base.py", line 1016, in render
    return SafeString("".join([node.render_annotated(context) for node in self]))
                               ~~~~~~~~~~~~~~~~~~~~~^^^^^^^^^
  File "D:\353504_SVIDINSKY_19\IGI\LR5\.venv\Lib\site-packages\django\template\base.py", line 977, in render_annotated
    return self.render(context)
           ~~~~~~~~~~~^^^^^^^^^
  File "D:\353504_SVIDINSKY_19\IGI\LR5\.venv\Lib\site-packages\django\template\defaulttags.py", line 480, in render
    url = reverse(view_name, args=args, kwargs=kwargs, current_app=current_app)
  File "D:\353504_SVIDINSKY_19\IGI\LR5\.venv\Lib\site-packages\django\urls\base.py", line 98, in reverse
    resolved_url = resolver._reverse_with_prefix(view, prefix, *args, **kwargs)
  File "D:\353504_SVIDINSKY_19\IGI\LR5\.venv\Lib\site-packages\django\urls\resolvers.py", line 831, in _reverse_with_prefix
    raise NoReverseMatch(msg)
django.urls.exceptions.NoReverseMatch: Reverse for 'pizza_list' not found. 'pizza_list' is not a valid view function or pattern name.
[ERROR] 2025-05-26 19:22:23 "GET /pizza/1/ HTTP/1.1" 500 153613
[ERROR] 2025-05-26 19:22:27 Internal Server Error: /pizza/5/
Traceback (most recent call last):
  File "D:\353504_SVIDINSKY_19\IGI\LR5\.venv\Lib\site-packages\django\core\handlers\exception.py", line 55, in inner
    response = get_response(request)
  File "D:\353504_SVIDINSKY_19\IGI\LR5\.venv\Lib\site-packages\django\core\handlers\base.py", line 220, in _get_response
    response = response.render()
  File "D:\353504_SVIDINSKY_19\IGI\LR5\.venv\Lib\site-packages\django\template\response.py", line 114, in render
    self.content = self.rendered_content
                   ^^^^^^^^^^^^^^^^^^^^^
  File "D:\353504_SVIDINSKY_19\IGI\LR5\.venv\Lib\site-packages\django\template\response.py", line 92, in rendered_content
    return template.render(context, self._request)
           ~~~~~~~~~~~~~~~^^^^^^^^^^^^^^^^^^^^^^^^
  File "D:\353504_SVIDINSKY_19\IGI\LR5\.venv\Lib\site-packages\django\template\backends\django.py", line 107, in render
    return self.template.render(context)
           ~~~~~~~~~~~~~~~~~~~~^^^^^^^^^
  File "D:\353504_SVIDINSKY_19\IGI\LR5\.venv\Lib\site-packages\django\template\base.py", line 171, in render
    return self._render(context)
           ~~~~~~~~~~~~^^^^^^^^^
  File "D:\353504_SVIDINSKY_19\IGI\LR5\.venv\Lib\site-packages\django\template\base.py", line 163, in _render
    return self.nodelist.render(context)
           ~~~~~~~~~~~~~~~~~~~~^^^^^^^^^
  File "D:\353504_SVIDINSKY_19\IGI\LR5\.venv\Lib\site-packages\django\template\base.py", line 1016, in render
    return SafeString("".join([node.render_annotated(context) for node in self]))
                               ~~~~~~~~~~~~~~~~~~~~~^^^^^^^^^
  File "D:\353504_SVIDINSKY_19\IGI\LR5\.venv\Lib\site-packages\django\template\base.py", line 977, in render_annotated
    return self.render(context)
           ~~~~~~~~~~~^^^^^^^^^
  File "D:\353504_SVIDINSKY_19\IGI\LR5\.venv\Lib\site-packages\django\template\loader_tags.py", line 159, in render
    return compiled_parent._render(context)
           ~~~~~~~~~~~~~~~~~~~~~~~^^^^^^^^^
  File "D:\353504_SVIDINSKY_19\IGI\LR5\.venv\Lib\site-packages\django\template\base.py", line 163, in _render
    return self.nodelist.render(context)
           ~~~~~~~~~~~~~~~~~~~~^^^^^^^^^
  File "D:\353504_SVIDINSKY_19\IGI\LR5\.venv\Lib\site-packages\django\template\base.py", line 1016, in render
    return SafeString("".join([node.render_annotated(context) for node in self]))
                               ~~~~~~~~~~~~~~~~~~~~~^^^^^^^^^
  File "D:\353504_SVIDINSKY_19\IGI\LR5\.venv\Lib\site-packages\django\template\base.py", line 977, in render_annotated
    return self.render(context)
           ~~~~~~~~~~~^^^^^^^^^
  File "D:\353504_SVIDINSKY_19\IGI\LR5\.venv\Lib\site-packages\django\template\loader_tags.py", line 65, in render
    result = block.nodelist.render(context)
  File "D:\353504_SVIDINSKY_19\IGI\LR5\.venv\Lib\site-packages\django\template\base.py", line 1016, in render
    return SafeString("".join([node.render_annotated(context) for node in self]))
                               ~~~~~~~~~~~~~~~~~~~~~^^^^^^^^^
  File "D:\353504_SVIDINSKY_19\IGI\LR5\.venv\Lib\site-packages\django\template\base.py", line 977, in render_annotated
    return self.render(context)
           ~~~~~~~~~~~^^^^^^^^^
  File "D:\353504_SVIDINSKY_19\IGI\LR5\.venv\Lib\site-packages\django\template\defaulttags.py", line 480, in render
    url = reverse(view_name, args=args, kwargs=kwargs, current_app=current_app)
  File "D:\353504_SVIDINSKY_19\IGI\LR5\.venv\Lib\site-packages\django\urls\base.py", line 98, in reverse
    resolved_url = resolver._reverse_with_prefix(view, prefix, *args, **kwargs)
  File "D:\353504_SVIDINSKY_19\IGI\LR5\.venv\Lib\site-packages\django\urls\resolvers.py", line 831, in _reverse_with_prefix
    raise NoReverseMatch(msg)
django.urls.exceptions.NoReverseMatch: Reverse for 'pizza_list' not found. 'pizza_list' is not a valid view function or pattern name.
[ERROR] 2025-05-26 19:22:27 "GET /pizza/5/ HTTP/1.1" 500 153613
[ERROR] 2025-05-26 19:23:18 Internal Server Error: /pizza/1/
Traceback (most recent call last):
  File "D:\353504_SVIDINSKY_19\IGI\LR5\.venv\Lib\site-packages\django\core\handlers\exception.py", line 55, in inner
    response = get_response(request)
  File "D:\353504_SVIDINSKY_19\IGI\LR5\.venv\Lib\site-packages\django\core\handlers\base.py", line 220, in _get_response
    response = response.render()
  File "D:\353504_SVIDINSKY_19\IGI\LR5\.venv\Lib\site-packages\django\template\response.py", line 114, in render
    self.content = self.rendered_content
                   ^^^^^^^^^^^^^^^^^^^^^
  File "D:\353504_SVIDINSKY_19\IGI\LR5\.venv\Lib\site-packages\django\template\response.py", line 92, in rendered_content
    return template.render(context, self._request)
           ~~~~~~~~~~~~~~~^^^^^^^^^^^^^^^^^^^^^^^^
  File "D:\353504_SVIDINSKY_19\IGI\LR5\.venv\Lib\site-packages\django\template\backends\django.py", line 107, in render
    return self.template.render(context)
           ~~~~~~~~~~~~~~~~~~~~^^^^^^^^^
  File "D:\353504_SVIDINSKY_19\IGI\LR5\.venv\Lib\site-packages\django\template\base.py", line 171, in render
    return self._render(context)
           ~~~~~~~~~~~~^^^^^^^^^
  File "D:\353504_SVIDINSKY_19\IGI\LR5\.venv\Lib\site-packages\django\template\base.py", line 163, in _render
    return self.nodelist.render(context)
           ~~~~~~~~~~~~~~~~~~~~^^^^^^^^^
  File "D:\353504_SVIDINSKY_19\IGI\LR5\.venv\Lib\site-packages\django\template\base.py", line 1016, in render
    return SafeString("".join([node.render_annotated(context) for node in self]))
                               ~~~~~~~~~~~~~~~~~~~~~^^^^^^^^^
  File "D:\353504_SVIDINSKY_19\IGI\LR5\.venv\Lib\site-packages\django\template\base.py", line 977, in render_annotated
    return self.render(context)
           ~~~~~~~~~~~^^^^^^^^^
  File "D:\353504_SVIDINSKY_19\IGI\LR5\.venv\Lib\site-packages\django\template\loader_tags.py", line 159, in render
    return compiled_parent._render(context)
           ~~~~~~~~~~~~~~~~~~~~~~~^^^^^^^^^
  File "D:\353504_SVIDINSKY_19\IGI\LR5\.venv\Lib\site-packages\django\template\base.py", line 163, in _render
    return self.nodelist.render(context)
           ~~~~~~~~~~~~~~~~~~~~^^^^^^^^^
  File "D:\353504_SVIDINSKY_19\IGI\LR5\.venv\Lib\site-packages\django\template\base.py", line 1016, in render
    return SafeString("".join([node.render_annotated(context) for node in self]))
                               ~~~~~~~~~~~~~~~~~~~~~^^^^^^^^^
  File "D:\353504_SVIDINSKY_19\IGI\LR5\.venv\Lib\site-packages\django\template\base.py", line 977, in render_annotated
    return self.render(context)
           ~~~~~~~~~~~^^^^^^^^^
  File "D:\353504_SVIDINSKY_19\IGI\LR5\.venv\Lib\site-packages\django\template\loader_tags.py", line 65, in render
    result = block.nodelist.render(context)
  File "D:\353504_SVIDINSKY_19\IGI\LR5\.venv\Lib\site-packages\django\template\base.py", line 1016, in render
    return SafeString("".join([node.render_annotated(context) for node in self]))
                               ~~~~~~~~~~~~~~~~~~~~~^^^^^^^^^
  File "D:\353504_SVIDINSKY_19\IGI\LR5\.venv\Lib\site-packages\django\template\base.py", line 977, in render_annotated
    return self.render(context)
           ~~~~~~~~~~~^^^^^^^^^
  File "D:\353504_SVIDINSKY_19\IGI\LR5\.venv\Lib\site-packages\django\template\defaulttags.py", line 480, in render
    url = reverse(view_name, args=args, kwargs=kwargs, current_app=current_app)
  File "D:\353504_SVIDINSKY_19\IGI\LR5\.venv\Lib\site-packages\django\urls\base.py", line 98, in reverse
    resolved_url = resolver._reverse_with_prefix(view, prefix, *args, **kwargs)
  File "D:\353504_SVIDINSKY_19\IGI\LR5\.venv\Lib\site-packages\django\urls\resolvers.py", line 831, in _reverse_with_prefix
    raise NoReverseMatch(msg)
django.urls.exceptions.NoReverseMatch: Reverse for 'pizza_list' not found. 'pizza_list' is not a valid view function or pattern name.
[ERROR] 2025-05-26 19:23:18 "GET /pizza/1/ HTTP/1.1" 500 153613
[INFO] 2025-05-26 19:23:32 "GET /login/ HTTP/1.1" 200 1953
[WARNING] 2025-05-26 19:23:32 "GET /static/css/style.css HTTP/1.1" 404 1853
[WARNING] 2025-05-26 19:23:32 "GET /static/js/main.js HTTP/1.1" 404 1844
[WARNING] 2025-05-26 19:23:32 "GET /static/js/form-validation.js HTTP/1.1" 404 1877
[DEBUG] 2025-05-26 19:23:33 Accessing promotions page
[INFO] 2025-05-26 19:23:33 User AnonymousUser viewed promotions
[INFO] 2025-05-26 19:23:33 "GET /promotions/ HTTP/1.1" 200 1750
[WARNING] 2025-05-26 19:23:33 "GET /static/js/main.js HTTP/1.1" 404 1844
[WARNING] 2025-05-26 19:23:33 "GET /static/css/style.css HTTP/1.1" 404 1853
[WARNING] 2025-05-26 19:23:33 "GET /static/js/form-validation.js HTTP/1.1" 404 1877
[INFO] 2025-05-26 19:24:06 "GET /login/ HTTP/1.1" 200 1953
[WARNING] 2025-05-26 19:24:06 "GET /static/js/main.js HTTP/1.1" 404 1844
[WARNING] 2025-05-26 19:24:06 "GET /static/js/form-validation.js HTTP/1.1" 404 1877
[WARNING] 2025-05-26 19:24:06 "GET /static/css/style.css HTTP/1.1" 404 1853
[ERROR] 2025-05-26 19:24:08 Internal Server Error: /login/
Traceback (most recent call last):
  File "D:\353504_SVIDINSKY_19\IGI\LR5\.venv\Lib\site-packages\django\core\handlers\exception.py", line 55, in inner
    response = get_response(request)
  File "D:\353504_SVIDINSKY_19\IGI\LR5\.venv\Lib\site-packages\django\core\handlers\base.py", line 197, in _get_response
    response = wrapped_callback(request, *callback_args, **callback_kwargs)
  File "D:\353504_SVIDINSKY_19\IGI\LR5\.venv\Lib\site-packages\django\views\generic\base.py", line 104, in view
    return self.dispatch(request, *args, **kwargs)
           ~~~~~~~~~~~~~^^^^^^^^^^^^^^^^^^^^^^^^^^
  File "D:\353504_SVIDINSKY_19\IGI\LR5\.venv\Lib\site-packages\django\utils\decorators.py", line 48, in _wrapper
    return bound_method(*args, **kwargs)
  File "D:\353504_SVIDINSKY_19\IGI\LR5\.venv\Lib\site-packages\django\utils\decorators.py", line 48, in _wrapper
    return bound_method(*args, **kwargs)
  File "D:\353504_SVIDINSKY_19\IGI\LR5\.venv\Lib\site-packages\django\views\decorators\debug.py", line 143, in sensitive_post_parameters_wrapper
    return view(request, *args, **kwargs)
  File "D:\353504_SVIDINSKY_19\IGI\LR5\.venv\Lib\site-packages\django\utils\decorators.py", line 48, in _wrapper
    return bound_method(*args, **kwargs)
  File "D:\353504_SVIDINSKY_19\IGI\LR5\.venv\Lib\site-packages\django\utils\decorators.py", line 192, in _view_wrapper
    result = _process_exception(request, e)
  File "D:\353504_SVIDINSKY_19\IGI\LR5\.venv\Lib\site-packages\django\utils\decorators.py", line 190, in _view_wrapper
    response = view_func(request, *args, **kwargs)
  File "D:\353504_SVIDINSKY_19\IGI\LR5\.venv\Lib\site-packages\django\utils\decorators.py", line 48, in _wrapper
    return bound_method(*args, **kwargs)
  File "D:\353504_SVIDINSKY_19\IGI\LR5\.venv\Lib\site-packages\django\views\decorators\cache.py", line 80, in _view_wrapper
    response = view_func(request, *args, **kwargs)
  File "D:\353504_SVIDINSKY_19\IGI\LR5\.venv\Lib\site-packages\django\contrib\auth\views.py", line 89, in dispatch
    return super().dispatch(request, *args, **kwargs)
           ~~~~~~~~~~~~~~~~^^^^^^^^^^^^^^^^^^^^^^^^^^
  File "D:\353504_SVIDINSKY_19\IGI\LR5\.venv\Lib\site-packages\django\views\generic\base.py", line 143, in dispatch
    return handler(request, *args, **kwargs)
  File "D:\353504_SVIDINSKY_19\IGI\LR5\.venv\Lib\site-packages\django\views\generic\edit.py", line 151, in post
    return self.form_valid(form)
           ~~~~~~~~~~~~~~~^^^^^^
  File "D:\353504_SVIDINSKY_19\IGI\LR5\.venv\Lib\site-packages\django\contrib\auth\views.py", line 109, in form_valid
    return HttpResponseRedirect(self.get_success_url())
                                ~~~~~~~~~~~~~~~~~~~~^^
  File "D:\353504_SVIDINSKY_19\IGI\LR5\.venv\Lib\site-packages\django\contrib\auth\views.py", line 41, in get_success_url
    return self.get_redirect_url() or self.get_default_redirect_url()
                                      ~~~~~~~~~~~~~~~~~~~~~~~~~~~~~^^
  File "D:\353504_SVIDINSKY_19\IGI\LR5\.venv\Lib\site-packages\django\contrib\auth\views.py", line 94, in get_default_redirect_url
    return resolve_url(self.next_page)
  File "D:\353504_SVIDINSKY_19\IGI\LR5\.venv\Lib\site-packages\django\shortcuts.py", line 184, in resolve_url
    return reverse(to, args=args, kwargs=kwargs)
  File "D:\353504_SVIDINSKY_19\IGI\LR5\.venv\Lib\site-packages\django\urls\base.py", line 98, in reverse
    resolved_url = resolver._reverse_with_prefix(view, prefix, *args, **kwargs)
  File "D:\353504_SVIDINSKY_19\IGI\LR5\.venv\Lib\site-packages\django\urls\resolvers.py", line 831, in _reverse_with_prefix
    raise NoReverseMatch(msg)
django.urls.exceptions.NoReverseMatch: Reverse for 'pizza_list' not found. 'pizza_list' is not a valid view function or pattern name.
[ERROR] 2025-05-26 19:24:08 "POST /login/ HTTP/1.1" 500 153310
[INFO] 2025-05-26 19:24:23 "GET /login/ HTTP/1.1" 200 1953
[ERROR] 2025-05-26 19:24:27 Internal Server Error: /login/
Traceback (most recent call last):
  File "D:\353504_SVIDINSKY_19\IGI\LR5\.venv\Lib\site-packages\django\core\handlers\exception.py", line 55, in inner
    response = get_response(request)
  File "D:\353504_SVIDINSKY_19\IGI\LR5\.venv\Lib\site-packages\django\core\handlers\base.py", line 197, in _get_response
    response = wrapped_callback(request, *callback_args, **callback_kwargs)
  File "D:\353504_SVIDINSKY_19\IGI\LR5\.venv\Lib\site-packages\django\views\generic\base.py", line 104, in view
    return self.dispatch(request, *args, **kwargs)
           ~~~~~~~~~~~~~^^^^^^^^^^^^^^^^^^^^^^^^^^
  File "D:\353504_SVIDINSKY_19\IGI\LR5\.venv\Lib\site-packages\django\utils\decorators.py", line 48, in _wrapper
    return bound_method(*args, **kwargs)
  File "D:\353504_SVIDINSKY_19\IGI\LR5\.venv\Lib\site-packages\django\utils\decorators.py", line 48, in _wrapper
    return bound_method(*args, **kwargs)
  File "D:\353504_SVIDINSKY_19\IGI\LR5\.venv\Lib\site-packages\django\views\decorators\debug.py", line 143, in sensitive_post_parameters_wrapper
    return view(request, *args, **kwargs)
  File "D:\353504_SVIDINSKY_19\IGI\LR5\.venv\Lib\site-packages\django\utils\decorators.py", line 48, in _wrapper
    return bound_method(*args, **kwargs)
  File "D:\353504_SVIDINSKY_19\IGI\LR5\.venv\Lib\site-packages\django\utils\decorators.py", line 192, in _view_wrapper
    result = _process_exception(request, e)
  File "D:\353504_SVIDINSKY_19\IGI\LR5\.venv\Lib\site-packages\django\utils\decorators.py", line 190, in _view_wrapper
    response = view_func(request, *args, **kwargs)
  File "D:\353504_SVIDINSKY_19\IGI\LR5\.venv\Lib\site-packages\django\utils\decorators.py", line 48, in _wrapper
    return bound_method(*args, **kwargs)
  File "D:\353504_SVIDINSKY_19\IGI\LR5\.venv\Lib\site-packages\django\views\decorators\cache.py", line 80, in _view_wrapper
    response = view_func(request, *args, **kwargs)
  File "D:\353504_SVIDINSKY_19\IGI\LR5\.venv\Lib\site-packages\django\contrib\auth\views.py", line 89, in dispatch
    return super().dispatch(request, *args, **kwargs)
           ~~~~~~~~~~~~~~~~^^^^^^^^^^^^^^^^^^^^^^^^^^
  File "D:\353504_SVIDINSKY_19\IGI\LR5\.venv\Lib\site-packages\django\views\generic\base.py", line 143, in dispatch
    return handler(request, *args, **kwargs)
  File "D:\353504_SVIDINSKY_19\IGI\LR5\.venv\Lib\site-packages\django\views\generic\edit.py", line 151, in post
    return self.form_valid(form)
           ~~~~~~~~~~~~~~~^^^^^^
  File "D:\353504_SVIDINSKY_19\IGI\LR5\.venv\Lib\site-packages\django\contrib\auth\views.py", line 109, in form_valid
    return HttpResponseRedirect(self.get_success_url())
                                ~~~~~~~~~~~~~~~~~~~~^^
  File "D:\353504_SVIDINSKY_19\IGI\LR5\.venv\Lib\site-packages\django\contrib\auth\views.py", line 41, in get_success_url
    return self.get_redirect_url() or self.get_default_redirect_url()
                                      ~~~~~~~~~~~~~~~~~~~~~~~~~~~~~^^
  File "D:\353504_SVIDINSKY_19\IGI\LR5\.venv\Lib\site-packages\django\contrib\auth\views.py", line 94, in get_default_redirect_url
    return resolve_url(self.next_page)
  File "D:\353504_SVIDINSKY_19\IGI\LR5\.venv\Lib\site-packages\django\shortcuts.py", line 184, in resolve_url
    return reverse(to, args=args, kwargs=kwargs)
  File "D:\353504_SVIDINSKY_19\IGI\LR5\.venv\Lib\site-packages\django\urls\base.py", line 98, in reverse
    resolved_url = resolver._reverse_with_prefix(view, prefix, *args, **kwargs)
  File "D:\353504_SVIDINSKY_19\IGI\LR5\.venv\Lib\site-packages\django\urls\resolvers.py", line 831, in _reverse_with_prefix
    raise NoReverseMatch(msg)
django.urls.exceptions.NoReverseMatch: Reverse for 'pizza_list' not found. 'pizza_list' is not a valid view function or pattern name.
[ERROR] 2025-05-26 19:24:27 "POST /login/ HTTP/1.1" 500 153317
[INFO] 2025-05-26 19:24:31 "GET /login/ HTTP/1.1" 200 1953
[INFO] 2025-05-26 19:24:32 "GET / HTTP/1.1" 200 4376
[WARNING] 2025-05-26 19:24:32 "GET /static/css/style.css HTTP/1.1" 404 1853
[WARNING] 2025-05-26 19:24:32 "GET /static/js/main.js HTTP/1.1" 404 1844
[WARNING] 2025-05-26 19:24:32 "GET /static/js/form-validation.js HTTP/1.1" 404 1877
[INFO] 2025-05-26 19:24:36 "GET /admin/pizza/pizzacategory/ HTTP/1.1" 302 0
[INFO] 2025-05-26 19:24:36 "GET /admin/login/?next=/admin/pizza/pizzacategory/ HTTP/1.1" 200 4213
[INFO] 2025-05-26 19:24:38 "POST /admin/login/?next=/admin/pizza/pizzacategory/ HTTP/1.1" 302 0
[WARNING] 2025-05-26 19:24:38 Forbidden (Permission denied): /admin/pizza/pizzacategory/
Traceback (most recent call last):
  File "D:\353504_SVIDINSKY_19\IGI\LR5\.venv\Lib\site-packages\django\core\handlers\exception.py", line 55, in inner
    response = get_response(request)
  File "D:\353504_SVIDINSKY_19\IGI\LR5\.venv\Lib\site-packages\django\core\handlers\base.py", line 197, in _get_response
    response = wrapped_callback(request, *callback_args, **callback_kwargs)
  File "D:\353504_SVIDINSKY_19\IGI\LR5\.venv\Lib\site-packages\django\contrib\admin\options.py", line 719, in wrapper
    return self.admin_site.admin_view(view)(*args, **kwargs)
           ~~~~~~~~~~~~~~~~~~~~~~~~~~~~~~~~^^^^^^^^^^^^^^^^^
  File "D:\353504_SVIDINSKY_19\IGI\LR5\.venv\Lib\site-packages\django\utils\decorators.py", line 192, in _view_wrapper
    result = _process_exception(request, e)
  File "D:\353504_SVIDINSKY_19\IGI\LR5\.venv\Lib\site-packages\django\utils\decorators.py", line 190, in _view_wrapper
    response = view_func(request, *args, **kwargs)
  File "D:\353504_SVIDINSKY_19\IGI\LR5\.venv\Lib\site-packages\django\views\decorators\cache.py", line 80, in _view_wrapper
    response = view_func(request, *args, **kwargs)
  File "D:\353504_SVIDINSKY_19\IGI\LR5\.venv\Lib\site-packages\django\contrib\admin\sites.py", line 246, in inner
    return view(request, *args, **kwargs)
  File "D:\353504_SVIDINSKY_19\IGI\LR5\.venv\Lib\site-packages\django\utils\decorators.py", line 48, in _wrapper
    return bound_method(*args, **kwargs)
  File "D:\353504_SVIDINSKY_19\IGI\LR5\.venv\Lib\site-packages\django\utils\decorators.py", line 192, in _view_wrapper
    result = _process_exception(request, e)
  File "D:\353504_SVIDINSKY_19\IGI\LR5\.venv\Lib\site-packages\django\utils\decorators.py", line 190, in _view_wrapper
    response = view_func(request, *args, **kwargs)
  File "D:\353504_SVIDINSKY_19\IGI\LR5\.venv\Lib\site-packages\django\contrib\admin\options.py", line 2021, in changelist_view
    raise PermissionDenied
django.core.exceptions.PermissionDenied
[WARNING] 2025-05-26 19:24:38 "GET /admin/pizza/pizzacategory/ HTTP/1.1" 403 135
[INFO] 2025-05-26 19:24:39 "GET /admin/login/?next=/admin/pizza/pizzacategory/ HTTP/1.1" 302 0
[INFO] 2025-05-26 19:24:39 "GET /admin/ HTTP/1.1" 200 4519
[WARNING] 2025-05-26 19:24:47 Forbidden (Permission denied): /admin/pizza/order/
Traceback (most recent call last):
  File "D:\353504_SVIDINSKY_19\IGI\LR5\.venv\Lib\site-packages\django\core\handlers\exception.py", line 55, in inner
    response = get_response(request)
  File "D:\353504_SVIDINSKY_19\IGI\LR5\.venv\Lib\site-packages\django\core\handlers\base.py", line 197, in _get_response
    response = wrapped_callback(request, *callback_args, **callback_kwargs)
  File "D:\353504_SVIDINSKY_19\IGI\LR5\.venv\Lib\site-packages\django\contrib\admin\options.py", line 719, in wrapper
    return self.admin_site.admin_view(view)(*args, **kwargs)
           ~~~~~~~~~~~~~~~~~~~~~~~~~~~~~~~~^^^^^^^^^^^^^^^^^
  File "D:\353504_SVIDINSKY_19\IGI\LR5\.venv\Lib\site-packages\django\utils\decorators.py", line 192, in _view_wrapper
    result = _process_exception(request, e)
  File "D:\353504_SVIDINSKY_19\IGI\LR5\.venv\Lib\site-packages\django\utils\decorators.py", line 190, in _view_wrapper
    response = view_func(request, *args, **kwargs)
  File "D:\353504_SVIDINSKY_19\IGI\LR5\.venv\Lib\site-packages\django\views\decorators\cache.py", line 80, in _view_wrapper
    response = view_func(request, *args, **kwargs)
  File "D:\353504_SVIDINSKY_19\IGI\LR5\.venv\Lib\site-packages\django\contrib\admin\sites.py", line 246, in inner
    return view(request, *args, **kwargs)
  File "D:\353504_SVIDINSKY_19\IGI\LR5\.venv\Lib\site-packages\django\utils\decorators.py", line 48, in _wrapper
    return bound_method(*args, **kwargs)
  File "D:\353504_SVIDINSKY_19\IGI\LR5\.venv\Lib\site-packages\django\utils\decorators.py", line 192, in _view_wrapper
    result = _process_exception(request, e)
  File "D:\353504_SVIDINSKY_19\IGI\LR5\.venv\Lib\site-packages\django\utils\decorators.py", line 190, in _view_wrapper
    response = view_func(request, *args, **kwargs)
  File "D:\353504_SVIDINSKY_19\IGI\LR5\.venv\Lib\site-packages\django\contrib\admin\options.py", line 2021, in changelist_view
    raise PermissionDenied
django.core.exceptions.PermissionDenied
[WARNING] 2025-05-26 19:24:47 "GET /admin/pizza/order/ HTTP/1.1" 403 135
[WARNING] 2025-05-26 19:24:47 Forbidden (Permission denied): /admin/pizza/orderitem/
Traceback (most recent call last):
  File "D:\353504_SVIDINSKY_19\IGI\LR5\.venv\Lib\site-packages\django\core\handlers\exception.py", line 55, in inner
    response = get_response(request)
  File "D:\353504_SVIDINSKY_19\IGI\LR5\.venv\Lib\site-packages\django\core\handlers\base.py", line 197, in _get_response
    response = wrapped_callback(request, *callback_args, **callback_kwargs)
  File "D:\353504_SVIDINSKY_19\IGI\LR5\.venv\Lib\site-packages\django\contrib\admin\options.py", line 719, in wrapper
    return self.admin_site.admin_view(view)(*args, **kwargs)
           ~~~~~~~~~~~~~~~~~~~~~~~~~~~~~~~~^^^^^^^^^^^^^^^^^
  File "D:\353504_SVIDINSKY_19\IGI\LR5\.venv\Lib\site-packages\django\utils\decorators.py", line 192, in _view_wrapper
    result = _process_exception(request, e)
  File "D:\353504_SVIDINSKY_19\IGI\LR5\.venv\Lib\site-packages\django\utils\decorators.py", line 190, in _view_wrapper
    response = view_func(request, *args, **kwargs)
  File "D:\353504_SVIDINSKY_19\IGI\LR5\.venv\Lib\site-packages\django\views\decorators\cache.py", line 80, in _view_wrapper
    response = view_func(request, *args, **kwargs)
  File "D:\353504_SVIDINSKY_19\IGI\LR5\.venv\Lib\site-packages\django\contrib\admin\sites.py", line 246, in inner
    return view(request, *args, **kwargs)
  File "D:\353504_SVIDINSKY_19\IGI\LR5\.venv\Lib\site-packages\django\utils\decorators.py", line 48, in _wrapper
    return bound_method(*args, **kwargs)
  File "D:\353504_SVIDINSKY_19\IGI\LR5\.venv\Lib\site-packages\django\utils\decorators.py", line 192, in _view_wrapper
    result = _process_exception(request, e)
  File "D:\353504_SVIDINSKY_19\IGI\LR5\.venv\Lib\site-packages\django\utils\decorators.py", line 190, in _view_wrapper
    response = view_func(request, *args, **kwargs)
  File "D:\353504_SVIDINSKY_19\IGI\LR5\.venv\Lib\site-packages\django\contrib\admin\options.py", line 2021, in changelist_view
    raise PermissionDenied
django.core.exceptions.PermissionDenied
[WARNING] 2025-05-26 19:24:47 "GET /admin/pizza/orderitem/ HTTP/1.1" 403 135
[WARNING] 2025-05-26 19:24:48 Forbidden (Permission denied): /admin/pizza/ingredient/
Traceback (most recent call last):
  File "D:\353504_SVIDINSKY_19\IGI\LR5\.venv\Lib\site-packages\django\core\handlers\exception.py", line 55, in inner
    response = get_response(request)
  File "D:\353504_SVIDINSKY_19\IGI\LR5\.venv\Lib\site-packages\django\core\handlers\base.py", line 197, in _get_response
    response = wrapped_callback(request, *callback_args, **callback_kwargs)
  File "D:\353504_SVIDINSKY_19\IGI\LR5\.venv\Lib\site-packages\django\contrib\admin\options.py", line 719, in wrapper
    return self.admin_site.admin_view(view)(*args, **kwargs)
           ~~~~~~~~~~~~~~~~~~~~~~~~~~~~~~~~^^^^^^^^^^^^^^^^^
  File "D:\353504_SVIDINSKY_19\IGI\LR5\.venv\Lib\site-packages\django\utils\decorators.py", line 192, in _view_wrapper
    result = _process_exception(request, e)
  File "D:\353504_SVIDINSKY_19\IGI\LR5\.venv\Lib\site-packages\django\utils\decorators.py", line 190, in _view_wrapper
    response = view_func(request, *args, **kwargs)
  File "D:\353504_SVIDINSKY_19\IGI\LR5\.venv\Lib\site-packages\django\views\decorators\cache.py", line 80, in _view_wrapper
    response = view_func(request, *args, **kwargs)
  File "D:\353504_SVIDINSKY_19\IGI\LR5\.venv\Lib\site-packages\django\contrib\admin\sites.py", line 246, in inner
    return view(request, *args, **kwargs)
  File "D:\353504_SVIDINSKY_19\IGI\LR5\.venv\Lib\site-packages\django\utils\decorators.py", line 48, in _wrapper
    return bound_method(*args, **kwargs)
  File "D:\353504_SVIDINSKY_19\IGI\LR5\.venv\Lib\site-packages\django\utils\decorators.py", line 192, in _view_wrapper
    result = _process_exception(request, e)
  File "D:\353504_SVIDINSKY_19\IGI\LR5\.venv\Lib\site-packages\django\utils\decorators.py", line 190, in _view_wrapper
    response = view_func(request, *args, **kwargs)
  File "D:\353504_SVIDINSKY_19\IGI\LR5\.venv\Lib\site-packages\django\contrib\admin\options.py", line 2021, in changelist_view
    raise PermissionDenied
django.core.exceptions.PermissionDenied
[WARNING] 2025-05-26 19:24:48 "GET /admin/pizza/ingredient/ HTTP/1.1" 403 135
[INFO] 2025-05-26 19:24:50 "GET / HTTP/1.1" 200 4685
[WARNING] 2025-05-26 19:24:50 "GET /static/css/style.css HTTP/1.1" 404 1853
[WARNING] 2025-05-26 19:24:50 "GET /static/js/form-validation.js HTTP/1.1" 404 1877
[WARNING] 2025-05-26 19:24:50 "GET /static/js/main.js HTTP/1.1" 404 1844
[DEBUG] 2025-05-26 19:24:53 Accessing promotions page
[INFO] 2025-05-26 19:24:53 User pavel viewed promotions
[INFO] 2025-05-26 19:24:53 "GET /promotions/ HTTP/1.1" 200 2923
[WARNING] 2025-05-26 19:24:53 "GET /static/js/main.js HTTP/1.1" 404 1844
[WARNING] 2025-05-26 19:24:53 "GET /static/css/style.css HTTP/1.1" 404 1853
[WARNING] 2025-05-26 19:24:53 "GET /static/js/form-validation.js HTTP/1.1" 404 1877
[DEBUG] 2025-05-26 19:25:27 Menu filter params: category=None, sauce=None, is_vegan=None, price=None-None
[INFO] 2025-05-26 19:25:27 "GET /menu/ HTTP/1.1" 200 8821
[WARNING] 2025-05-26 19:25:27 "GET /static/css/style.css HTTP/1.1" 404 1853
[WARNING] 2025-05-26 19:25:27 "GET /static/js/main.js HTTP/1.1" 404 1844
[WARNING] 2025-05-26 19:25:27 "GET /static/js/form-validation.js HTTP/1.1" 404 1877
[ERROR] 2025-05-26 19:25:29 Internal Server Error: /pizza/1/
Traceback (most recent call last):
  File "D:\353504_SVIDINSKY_19\IGI\LR5\.venv\Lib\site-packages\django\core\handlers\exception.py", line 55, in inner
    response = get_response(request)
  File "D:\353504_SVIDINSKY_19\IGI\LR5\.venv\Lib\site-packages\django\core\handlers\base.py", line 220, in _get_response
    response = response.render()
  File "D:\353504_SVIDINSKY_19\IGI\LR5\.venv\Lib\site-packages\django\template\response.py", line 114, in render
    self.content = self.rendered_content
                   ^^^^^^^^^^^^^^^^^^^^^
  File "D:\353504_SVIDINSKY_19\IGI\LR5\.venv\Lib\site-packages\django\template\response.py", line 92, in rendered_content
    return template.render(context, self._request)
           ~~~~~~~~~~~~~~~^^^^^^^^^^^^^^^^^^^^^^^^
  File "D:\353504_SVIDINSKY_19\IGI\LR5\.venv\Lib\site-packages\django\template\backends\django.py", line 107, in render
    return self.template.render(context)
           ~~~~~~~~~~~~~~~~~~~~^^^^^^^^^
  File "D:\353504_SVIDINSKY_19\IGI\LR5\.venv\Lib\site-packages\django\template\base.py", line 171, in render
    return self._render(context)
           ~~~~~~~~~~~~^^^^^^^^^
  File "D:\353504_SVIDINSKY_19\IGI\LR5\.venv\Lib\site-packages\django\template\base.py", line 163, in _render
    return self.nodelist.render(context)
           ~~~~~~~~~~~~~~~~~~~~^^^^^^^^^
  File "D:\353504_SVIDINSKY_19\IGI\LR5\.venv\Lib\site-packages\django\template\base.py", line 1016, in render
    return SafeString("".join([node.render_annotated(context) for node in self]))
                               ~~~~~~~~~~~~~~~~~~~~~^^^^^^^^^
  File "D:\353504_SVIDINSKY_19\IGI\LR5\.venv\Lib\site-packages\django\template\base.py", line 977, in render_annotated
    return self.render(context)
           ~~~~~~~~~~~^^^^^^^^^
  File "D:\353504_SVIDINSKY_19\IGI\LR5\.venv\Lib\site-packages\django\template\loader_tags.py", line 159, in render
    return compiled_parent._render(context)
           ~~~~~~~~~~~~~~~~~~~~~~~^^^^^^^^^
  File "D:\353504_SVIDINSKY_19\IGI\LR5\.venv\Lib\site-packages\django\template\base.py", line 163, in _render
    return self.nodelist.render(context)
           ~~~~~~~~~~~~~~~~~~~~^^^^^^^^^
  File "D:\353504_SVIDINSKY_19\IGI\LR5\.venv\Lib\site-packages\django\template\base.py", line 1016, in render
    return SafeString("".join([node.render_annotated(context) for node in self]))
                               ~~~~~~~~~~~~~~~~~~~~~^^^^^^^^^
  File "D:\353504_SVIDINSKY_19\IGI\LR5\.venv\Lib\site-packages\django\template\base.py", line 977, in render_annotated
    return self.render(context)
           ~~~~~~~~~~~^^^^^^^^^
  File "D:\353504_SVIDINSKY_19\IGI\LR5\.venv\Lib\site-packages\django\template\loader_tags.py", line 65, in render
    result = block.nodelist.render(context)
  File "D:\353504_SVIDINSKY_19\IGI\LR5\.venv\Lib\site-packages\django\template\base.py", line 1016, in render
    return SafeString("".join([node.render_annotated(context) for node in self]))
                               ~~~~~~~~~~~~~~~~~~~~~^^^^^^^^^
  File "D:\353504_SVIDINSKY_19\IGI\LR5\.venv\Lib\site-packages\django\template\base.py", line 977, in render_annotated
    return self.render(context)
           ~~~~~~~~~~~^^^^^^^^^
  File "D:\353504_SVIDINSKY_19\IGI\LR5\.venv\Lib\site-packages\django\template\defaulttags.py", line 480, in render
    url = reverse(view_name, args=args, kwargs=kwargs, current_app=current_app)
  File "D:\353504_SVIDINSKY_19\IGI\LR5\.venv\Lib\site-packages\django\urls\base.py", line 98, in reverse
    resolved_url = resolver._reverse_with_prefix(view, prefix, *args, **kwargs)
  File "D:\353504_SVIDINSKY_19\IGI\LR5\.venv\Lib\site-packages\django\urls\resolvers.py", line 831, in _reverse_with_prefix
    raise NoReverseMatch(msg)
django.urls.exceptions.NoReverseMatch: Reverse for 'pizza_list' not found. 'pizza_list' is not a valid view function or pattern name.
[ERROR] 2025-05-26 19:25:29 "GET /pizza/1/ HTTP/1.1" 500 153754
[INFO] 2025-05-26 19:25:32 "GET /orders/ HTTP/1.1" 200 2652
[WARNING] 2025-05-26 19:25:32 "GET /static/js/main.js HTTP/1.1" 404 1844
[WARNING] 2025-05-26 19:25:32 "GET /static/css/style.css HTTP/1.1" 404 1853
[WARNING] 2025-05-26 19:25:32 "GET /static/js/form-validation.js HTTP/1.1" 404 1877
[DEBUG] 2025-05-26 19:26:23 Starting statistics calculation
[INFO] 2025-05-26 19:26:23 Statistics viewed by user pavel
[INFO] 2025-05-26 19:26:23 "GET /statistics/ HTTP/1.1" 200 102869
[WARNING] 2025-05-26 19:26:23 "GET /static/css/style.css HTTP/1.1" 404 1853
[WARNING] 2025-05-26 19:26:23 "GET /static/js/main.js HTTP/1.1" 404 1844
[WARNING] 2025-05-26 19:26:23 "GET /static/js/form-validation.js HTTP/1.1" 404 1877
[DEBUG] 2025-05-26 19:26:28 Menu filter params: category=None, sauce=None, is_vegan=None, price=None-None
[INFO] 2025-05-26 19:26:28 "GET /menu/ HTTP/1.1" 200 8821
[WARNING] 2025-05-26 19:26:28 "GET /static/js/main.js HTTP/1.1" 404 1844
[WARNING] 2025-05-26 19:26:28 "GET /static/js/form-validation.js HTTP/1.1" 404 1877
[WARNING] 2025-05-26 19:26:28 "GET /static/css/style.css HTTP/1.1" 404 1853
[DEBUG] 2025-05-26 19:26:32 Menu filter params: category=, sauce=Томатный, is_vegan=None, price=-
[INFO] 2025-05-26 19:26:32 "GET /menu/?category=&sauce=%D0%A2%D0%BE%D0%BC%D0%B0%D1%82%D0%BD%D1%8B%D0%B9&min_price=&max_price= HTTP/1.1" 200 7587
[WARNING] 2025-05-26 19:26:32 "GET /static/css/style.css HTTP/1.1" 404 1853
[WARNING] 2025-05-26 19:26:32 "GET /static/js/main.js HTTP/1.1" 404 1844
[WARNING] 2025-05-26 19:26:32 "GET /static/js/form-validation.js HTTP/1.1" 404 1877
[ERROR] 2025-05-26 19:26:39 Internal Server Error: /logout/
Traceback (most recent call last):
  File "D:\353504_SVIDINSKY_19\IGI\LR5\.venv\Lib\site-packages\django\core\handlers\exception.py", line 55, in inner
    response = get_response(request)
  File "D:\353504_SVIDINSKY_19\IGI\LR5\.venv\Lib\site-packages\django\core\handlers\base.py", line 197, in _get_response
    response = wrapped_callback(request, *callback_args, **callback_kwargs)
  File "D:\353504_SVIDINSKY_19\igi\lr5\pizza\views.py", line 259, in logout_view
    return redirect('pizza:pizza_list')  # используем правильное имя URL
  File "D:\353504_SVIDINSKY_19\IGI\LR5\.venv\Lib\site-packages\django\shortcuts.py", line 51, in redirect
    resolve_url(to, *args, **kwargs),
    ~~~~~~~~~~~^^^^^^^^^^^^^^^^^^^^^
  File "D:\353504_SVIDINSKY_19\IGI\LR5\.venv\Lib\site-packages\django\shortcuts.py", line 184, in resolve_url
    return reverse(to, args=args, kwargs=kwargs)
  File "D:\353504_SVIDINSKY_19\IGI\LR5\.venv\Lib\site-packages\django\urls\base.py", line 98, in reverse
    resolved_url = resolver._reverse_with_prefix(view, prefix, *args, **kwargs)
  File "D:\353504_SVIDINSKY_19\IGI\LR5\.venv\Lib\site-packages\django\urls\resolvers.py", line 831, in _reverse_with_prefix
    raise NoReverseMatch(msg)
django.urls.exceptions.NoReverseMatch: Reverse for 'pizza_list' not found. 'pizza_list' is not a valid view function or pattern name.
[ERROR] 2025-05-26 19:26:39 "GET /logout/ HTTP/1.1" 500 89744
[INFO] 2025-05-26 19:35:57 Watching for file changes with StatReloader
[DEBUG] 2025-05-26 19:36:03 Menu filter params: category=, sauce=Томатный, is_vegan=None, price=-
[INFO] 2025-05-26 19:36:03 "GET /menu/?category=&sauce=%D0%A2%D0%BE%D0%BC%D0%B0%D1%82%D0%BD%D1%8B%D0%B9&min_price=&max_price= HTTP/1.1" 200 7278
[WARNING] 2025-05-26 19:36:03 "GET /static/css/style.css HTTP/1.1" 404 1853
[WARNING] 2025-05-26 19:36:03 "GET /static/js/main.js HTTP/1.1" 404 1844
[WARNING] 2025-05-26 19:36:03 "GET /static/js/form-validation.js HTTP/1.1" 404 1877
[DEBUG] 2025-05-26 19:36:06 Accessing promotions page
[INFO] 2025-05-26 19:36:06 User AnonymousUser viewed promotions
[INFO] 2025-05-26 19:36:06 "GET /promotions/ HTTP/1.1" 200 1750
[WARNING] 2025-05-26 19:36:06 "GET /static/js/main.js HTTP/1.1" 404 1844
[WARNING] 2025-05-26 19:36:06 "GET /static/css/style.css HTTP/1.1" 404 1853
[WARNING] 2025-05-26 19:36:06 "GET /static/js/form-validation.js HTTP/1.1" 404 1877
[INFO] 2025-05-26 19:36:12 "GET / HTTP/1.1" 200 4376
[WARNING] 2025-05-26 19:36:12 "GET /static/js/form-validation.js HTTP/1.1" 404 1877
[WARNING] 2025-05-26 19:36:12 "GET /static/css/style.css HTTP/1.1" 404 1853
[WARNING] 2025-05-26 19:36:12 "GET /static/js/main.js HTTP/1.1" 404 1844
[DEBUG] 2025-05-26 19:36:17 Accessing promotions page
[INFO] 2025-05-26 19:36:17 User AnonymousUser viewed promotions
[INFO] 2025-05-26 19:36:17 "GET /promotions/ HTTP/1.1" 200 1750
[WARNING] 2025-05-26 19:36:17 "GET /static/css/style.css HTTP/1.1" 404 1853
[WARNING] 2025-05-26 19:36:17 "GET /static/js/main.js HTTP/1.1" 404 1844
[WARNING] 2025-05-26 19:36:17 "GET /static/js/form-validation.js HTTP/1.1" 404 1877
[DEBUG] 2025-05-26 19:36:18 Menu filter params: category=None, sauce=None, is_vegan=None, price=None-None
[INFO] 2025-05-26 19:36:18 "GET /menu/ HTTP/1.1" 200 8512
[WARNING] 2025-05-26 19:36:18 "GET /static/css/style.css HTTP/1.1" 404 1853
[WARNING] 2025-05-26 19:36:18 "GET /static/js/form-validation.js HTTP/1.1" 404 1877
[WARNING] 2025-05-26 19:36:18 "GET /static/js/main.js HTTP/1.1" 404 1844
[INFO] 2025-05-26 19:36:18 "GET / HTTP/1.1" 200 4376
[WARNING] 2025-05-26 19:36:18 "GET /static/css/style.css HTTP/1.1" 404 1853
[WARNING] 2025-05-26 19:36:18 "GET /static/js/main.js HTTP/1.1" 404 1844
[WARNING] 2025-05-26 19:36:18 "GET /static/js/form-validation.js HTTP/1.1" 404 1877
[INFO] 2025-05-26 19:36:19 "GET /login/ HTTP/1.1" 200 1953
[WARNING] 2025-05-26 19:36:19 "GET /static/css/style.css HTTP/1.1" 404 1853
[WARNING] 2025-05-26 19:36:19 "GET /static/js/main.js HTTP/1.1" 404 1844
[WARNING] 2025-05-26 19:36:19 "GET /static/js/form-validation.js HTTP/1.1" 404 1877
[INFO] 2025-05-26 19:36:21 "POST /login/ HTTP/1.1" 302 0
[DEBUG] 2025-05-26 19:36:21 Menu filter params: category=None, sauce=None, is_vegan=None, price=None-None
[INFO] 2025-05-26 19:36:21 "GET /menu/ HTTP/1.1" 200 8821
[WARNING] 2025-05-26 19:36:21 "GET /static/css/style.css HTTP/1.1" 404 1853
[WARNING] 2025-05-26 19:36:21 "GET /static/js/main.js HTTP/1.1" 404 1844
[WARNING] 2025-05-26 19:36:21 "GET /static/js/form-validation.js HTTP/1.1" 404 1877
[DEBUG] 2025-05-26 19:36:24 Accessing promotions page
[INFO] 2025-05-26 19:36:24 User pavel viewed promotions
[INFO] 2025-05-26 19:36:24 "GET /promotions/ HTTP/1.1" 200 2923
[WARNING] 2025-05-26 19:36:24 "GET /static/css/style.css HTTP/1.1" 404 1853
[WARNING] 2025-05-26 19:36:24 "GET /static/js/main.js HTTP/1.1" 404 1844
[WARNING] 2025-05-26 19:36:24 "GET /static/js/form-validation.js HTTP/1.1" 404 1877
[INFO] 2025-05-26 19:36:28 "GET /logout/ HTTP/1.1" 302 0
[DEBUG] 2025-05-26 19:36:28 Menu filter params: category=None, sauce=None, is_vegan=None, price=None-None
[INFO] 2025-05-26 19:36:28 "GET /menu/ HTTP/1.1" 200 8512
[WARNING] 2025-05-26 19:36:28 "GET /static/css/style.css HTTP/1.1" 404 1853
[WARNING] 2025-05-26 19:36:28 "GET /static/js/main.js HTTP/1.1" 404 1844
[WARNING] 2025-05-26 19:36:28 "GET /static/js/form-validation.js HTTP/1.1" 404 1877
[INFO] 2025-05-26 19:36:31 "GET /login/ HTTP/1.1" 200 1953
[WARNING] 2025-05-26 19:36:31 "GET /static/css/style.css HTTP/1.1" 404 1853
[WARNING] 2025-05-26 19:36:31 "GET /static/js/main.js HTTP/1.1" 404 1844
[WARNING] 2025-05-26 19:36:31 "GET /static/js/form-validation.js HTTP/1.1" 404 1877
[INFO] 2025-05-26 19:36:32 "POST /login/ HTTP/1.1" 302 0
[DEBUG] 2025-05-26 19:36:32 Menu filter params: category=None, sauce=None, is_vegan=None, price=None-None
[INFO] 2025-05-26 19:36:32 "GET /menu/ HTTP/1.1" 200 8821
[WARNING] 2025-05-26 19:36:32 "GET /static/css/style.css HTTP/1.1" 404 1853
[WARNING] 2025-05-26 19:36:32 "GET /static/js/main.js HTTP/1.1" 404 1844
[WARNING] 2025-05-26 19:36:32 "GET /static/js/form-validation.js HTTP/1.1" 404 1877
[INFO] 2025-05-26 19:36:42 "GET /pizza/1/ HTTP/1.1" 200 2878
[WARNING] 2025-05-26 19:36:42 "GET /static/css/style.css HTTP/1.1" 404 1853
[WARNING] 2025-05-26 19:36:42 "GET /static/js/main.js HTTP/1.1" 404 1844
[WARNING] 2025-05-26 19:36:42 "GET /static/js/form-validation.js HTTP/1.1" 404 1877
[DEBUG] 2025-05-26 19:36:56 Accessing promotions page
[INFO] 2025-05-26 19:36:56 User pavel viewed promotions
[INFO] 2025-05-26 19:36:56 "GET /promotions/ HTTP/1.1" 200 2923
[WARNING] 2025-05-26 19:36:56 "GET /static/css/style.css HTTP/1.1" 404 1853
[WARNING] 2025-05-26 19:36:56 "GET /static/js/main.js HTTP/1.1" 404 1844
[WARNING] 2025-05-26 19:36:56 "GET /static/js/form-validation.js HTTP/1.1" 404 1877
[DEBUG] 2025-05-26 19:37:11 Accessing promotions page
[INFO] 2025-05-26 19:37:11 User pavel viewed promotions
[INFO] 2025-05-26 19:37:11 "GET /promotions/ HTTP/1.1" 200 2923
[WARNING] 2025-05-26 19:37:11 "GET /static/js/main.js HTTP/1.1" 404 1844
[WARNING] 2025-05-26 19:37:11 "GET /static/css/style.css HTTP/1.1" 404 1853
[WARNING] 2025-05-26 19:37:11 "GET /static/js/form-validation.js HTTP/1.1" 404 1877
[INFO] 2025-05-26 19:37:18 "GET /logout/ HTTP/1.1" 302 0
[DEBUG] 2025-05-26 19:37:18 Menu filter params: category=None, sauce=None, is_vegan=None, price=None-None
[INFO] 2025-05-26 19:37:18 "GET /menu/ HTTP/1.1" 200 8512
[WARNING] 2025-05-26 19:37:18 "GET /static/css/style.css HTTP/1.1" 404 1853
[WARNING] 2025-05-26 19:37:18 "GET /static/js/form-validation.js HTTP/1.1" 404 1877
[WARNING] 2025-05-26 19:37:18 "GET /static/js/main.js HTTP/1.1" 404 1844
[INFO] 2025-05-26 19:37:19 "GET /login/ HTTP/1.1" 200 1953
[WARNING] 2025-05-26 19:37:19 "GET /static/css/style.css HTTP/1.1" 404 1853
[WARNING] 2025-05-26 19:37:19 "GET /static/js/main.js HTTP/1.1" 404 1844
[WARNING] 2025-05-26 19:37:19 "GET /static/js/form-validation.js HTTP/1.1" 404 1877
[INFO] 2025-05-26 19:37:25 "POST /login/ HTTP/1.1" 302 0
[DEBUG] 2025-05-26 19:37:25 Menu filter params: category=None, sauce=None, is_vegan=None, price=None-None
[INFO] 2025-05-26 19:37:25 "GET /menu/ HTTP/1.1" 200 9084
[WARNING] 2025-05-26 19:37:25 "GET /static/js/main.js HTTP/1.1" 404 1844
[WARNING] 2025-05-26 19:37:25 "GET /static/js/form-validation.js HTTP/1.1" 404 1877
[WARNING] 2025-05-26 19:37:25 "GET /static/css/style.css HTTP/1.1" 404 1853
[ERROR] 2025-05-26 19:37:28 Internal Server Error: /couriers/
Traceback (most recent call last):
  File "D:\353504_SVIDINSKY_19\IGI\LR5\.venv\Lib\site-packages\django\core\handlers\exception.py", line 55, in inner
    response = get_response(request)
  File "D:\353504_SVIDINSKY_19\IGI\LR5\.venv\Lib\site-packages\django\core\handlers\base.py", line 220, in _get_response
    response = response.render()
  File "D:\353504_SVIDINSKY_19\IGI\LR5\.venv\Lib\site-packages\django\template\response.py", line 114, in render
    self.content = self.rendered_content
                   ^^^^^^^^^^^^^^^^^^^^^
  File "D:\353504_SVIDINSKY_19\IGI\LR5\.venv\Lib\site-packages\django\template\response.py", line 90, in rendered_content
    template = self.resolve_template(self.template_name)
  File "D:\353504_SVIDINSKY_19\IGI\LR5\.venv\Lib\site-packages\django\template\response.py", line 72, in resolve_template
    return select_template(template, using=self.using)
  File "D:\353504_SVIDINSKY_19\IGI\LR5\.venv\Lib\site-packages\django\template\loader.py", line 47, in select_template
    raise TemplateDoesNotExist(", ".join(template_name_list), chain=chain)
django.template.exceptions.TemplateDoesNotExist: pizza/couriers_list.html, pizza/courier_list.html
[ERROR] 2025-05-26 19:37:28 "GET /couriers/ HTTP/1.1" 500 86232
[DEBUG] 2025-05-26 19:37:48 Accessing promotions page
[INFO] 2025-05-26 19:37:48 User alexander viewed promotions
[INFO] 2025-05-26 19:37:48 "GET /promotions/ HTTP/1.1" 200 3186
[WARNING] 2025-05-26 19:37:48 "GET /static/css/style.css HTTP/1.1" 404 1853
[WARNING] 2025-05-26 19:37:48 "GET /static/js/main.js HTTP/1.1" 404 1844
[WARNING] 2025-05-26 19:37:48 "GET /static/js/form-validation.js HTTP/1.1" 404 1877
[INFO] 2025-05-26 19:38:03 User alexander applied promo code 6HGR7N
[INFO] 2025-05-26 19:38:03 "POST /promotions/apply/ HTTP/1.1" 302 0
[DEBUG] 2025-05-26 19:38:03 Accessing promotions page
[INFO] 2025-05-26 19:38:03 User alexander viewed promotions
[INFO] 2025-05-26 19:38:03 "GET /promotions/ HTTP/1.1" 200 3401
[WARNING] 2025-05-26 19:38:03 "GET /static/css/style.css HTTP/1.1" 404 1853
[WARNING] 2025-05-26 19:38:03 "GET /static/js/main.js HTTP/1.1" 404 1844
[WARNING] 2025-05-26 19:38:03 "GET /static/js/form-validation.js HTTP/1.1" 404 1877
[INFO] 2025-05-26 19:38:06 User alexander applied promo code 6HGR7N
[INFO] 2025-05-26 19:38:06 "POST /promotions/apply/ HTTP/1.1" 302 0
[DEBUG] 2025-05-26 19:38:06 Accessing promotions page
[INFO] 2025-05-26 19:38:06 User alexander viewed promotions
[INFO] 2025-05-26 19:38:06 "GET /promotions/ HTTP/1.1" 200 3401
[WARNING] 2025-05-26 19:38:06 "GET /static/css/style.css HTTP/1.1" 404 1853
[WARNING] 2025-05-26 19:38:06 "GET /static/js/form-validation.js HTTP/1.1" 404 1877
[WARNING] 2025-05-26 19:38:06 "GET /static/js/main.js HTTP/1.1" 404 1844
[ERROR] 2025-05-26 19:38:10 Internal Server Error: /couriers/
Traceback (most recent call last):
  File "D:\353504_SVIDINSKY_19\IGI\LR5\.venv\Lib\site-packages\django\core\handlers\exception.py", line 55, in inner
    response = get_response(request)
  File "D:\353504_SVIDINSKY_19\IGI\LR5\.venv\Lib\site-packages\django\core\handlers\base.py", line 220, in _get_response
    response = response.render()
  File "D:\353504_SVIDINSKY_19\IGI\LR5\.venv\Lib\site-packages\django\template\response.py", line 114, in render
    self.content = self.rendered_content
                   ^^^^^^^^^^^^^^^^^^^^^
  File "D:\353504_SVIDINSKY_19\IGI\LR5\.venv\Lib\site-packages\django\template\response.py", line 90, in rendered_content
    template = self.resolve_template(self.template_name)
  File "D:\353504_SVIDINSKY_19\IGI\LR5\.venv\Lib\site-packages\django\template\response.py", line 72, in resolve_template
    return select_template(template, using=self.using)
  File "D:\353504_SVIDINSKY_19\IGI\LR5\.venv\Lib\site-packages\django\template\loader.py", line 47, in select_template
    raise TemplateDoesNotExist(", ".join(template_name_list), chain=chain)
django.template.exceptions.TemplateDoesNotExist: pizza/couriers_list.html, pizza/courier_list.html
[ERROR] 2025-05-26 19:38:10 "GET /couriers/ HTTP/1.1" 500 86238
[ERROR] 2025-05-26 19:38:36 Internal Server Error: /couriers/
Traceback (most recent call last):
  File "D:\353504_SVIDINSKY_19\IGI\LR5\.venv\Lib\site-packages\django\core\handlers\exception.py", line 55, in inner
    response = get_response(request)
  File "D:\353504_SVIDINSKY_19\IGI\LR5\.venv\Lib\site-packages\django\core\handlers\base.py", line 220, in _get_response
    response = response.render()
  File "D:\353504_SVIDINSKY_19\IGI\LR5\.venv\Lib\site-packages\django\template\response.py", line 114, in render
    self.content = self.rendered_content
                   ^^^^^^^^^^^^^^^^^^^^^
  File "D:\353504_SVIDINSKY_19\IGI\LR5\.venv\Lib\site-packages\django\template\response.py", line 90, in rendered_content
    template = self.resolve_template(self.template_name)
  File "D:\353504_SVIDINSKY_19\IGI\LR5\.venv\Lib\site-packages\django\template\response.py", line 72, in resolve_template
    return select_template(template, using=self.using)
  File "D:\353504_SVIDINSKY_19\IGI\LR5\.venv\Lib\site-packages\django\template\loader.py", line 47, in select_template
    raise TemplateDoesNotExist(", ".join(template_name_list), chain=chain)
django.template.exceptions.TemplateDoesNotExist: pizza/couriers_list.html, pizza/courier_list.html
[ERROR] 2025-05-26 19:38:36 "GET /couriers/ HTTP/1.1" 500 86238
[ERROR] 2025-05-26 19:38:40 Internal Server Error: /orders/
Traceback (most recent call last):
  File "D:\353504_SVIDINSKY_19\IGI\LR5\.venv\Lib\site-packages\django\core\handlers\exception.py", line 55, in inner
    response = get_response(request)
  File "D:\353504_SVIDINSKY_19\IGI\LR5\.venv\Lib\site-packages\django\core\handlers\base.py", line 220, in _get_response
    response = response.render()
  File "D:\353504_SVIDINSKY_19\IGI\LR5\.venv\Lib\site-packages\django\template\response.py", line 114, in render
    self.content = self.rendered_content
                   ^^^^^^^^^^^^^^^^^^^^^
  File "D:\353504_SVIDINSKY_19\IGI\LR5\.venv\Lib\site-packages\django\template\response.py", line 92, in rendered_content
    return template.render(context, self._request)
           ~~~~~~~~~~~~~~~^^^^^^^^^^^^^^^^^^^^^^^^
  File "D:\353504_SVIDINSKY_19\IGI\LR5\.venv\Lib\site-packages\django\template\backends\django.py", line 107, in render
    return self.template.render(context)
           ~~~~~~~~~~~~~~~~~~~~^^^^^^^^^
  File "D:\353504_SVIDINSKY_19\IGI\LR5\.venv\Lib\site-packages\django\template\base.py", line 171, in render
    return self._render(context)
           ~~~~~~~~~~~~^^^^^^^^^
  File "D:\353504_SVIDINSKY_19\IGI\LR5\.venv\Lib\site-packages\django\template\base.py", line 163, in _render
    return self.nodelist.render(context)
           ~~~~~~~~~~~~~~~~~~~~^^^^^^^^^
  File "D:\353504_SVIDINSKY_19\IGI\LR5\.venv\Lib\site-packages\django\template\base.py", line 1016, in render
    return SafeString("".join([node.render_annotated(context) for node in self]))
                               ~~~~~~~~~~~~~~~~~~~~~^^^^^^^^^
  File "D:\353504_SVIDINSKY_19\IGI\LR5\.venv\Lib\site-packages\django\template\base.py", line 977, in render_annotated
    return self.render(context)
           ~~~~~~~~~~~^^^^^^^^^
  File "D:\353504_SVIDINSKY_19\IGI\LR5\.venv\Lib\site-packages\django\template\loader_tags.py", line 159, in render
    return compiled_parent._render(context)
           ~~~~~~~~~~~~~~~~~~~~~~~^^^^^^^^^
  File "D:\353504_SVIDINSKY_19\IGI\LR5\.venv\Lib\site-packages\django\template\base.py", line 163, in _render
    return self.nodelist.render(context)
           ~~~~~~~~~~~~~~~~~~~~^^^^^^^^^
  File "D:\353504_SVIDINSKY_19\IGI\LR5\.venv\Lib\site-packages\django\template\base.py", line 1016, in render
    return SafeString("".join([node.render_annotated(context) for node in self]))
                               ~~~~~~~~~~~~~~~~~~~~~^^^^^^^^^
  File "D:\353504_SVIDINSKY_19\IGI\LR5\.venv\Lib\site-packages\django\template\base.py", line 977, in render_annotated
    return self.render(context)
           ~~~~~~~~~~~^^^^^^^^^
  File "D:\353504_SVIDINSKY_19\IGI\LR5\.venv\Lib\site-packages\django\template\loader_tags.py", line 65, in render
    result = block.nodelist.render(context)
  File "D:\353504_SVIDINSKY_19\IGI\LR5\.venv\Lib\site-packages\django\template\base.py", line 1016, in render
    return SafeString("".join([node.render_annotated(context) for node in self]))
                               ~~~~~~~~~~~~~~~~~~~~~^^^^^^^^^
  File "D:\353504_SVIDINSKY_19\IGI\LR5\.venv\Lib\site-packages\django\template\base.py", line 977, in render_annotated
    return self.render(context)
           ~~~~~~~~~~~^^^^^^^^^
  File "D:\353504_SVIDINSKY_19\IGI\LR5\.venv\Lib\site-packages\django\template\defaulttags.py", line 243, in render
    nodelist.append(node.render_annotated(context))
                    ~~~~~~~~~~~~~~~~~~~~~^^^^^^^^^
  File "D:\353504_SVIDINSKY_19\IGI\LR5\.venv\Lib\site-packages\django\template\base.py", line 977, in render_annotated
    return self.render(context)
           ~~~~~~~~~~~^^^^^^^^^
  File "D:\353504_SVIDINSKY_19\IGI\LR5\.venv\Lib\site-packages\django\template\defaulttags.py", line 480, in render
    url = reverse(view_name, args=args, kwargs=kwargs, current_app=current_app)
  File "D:\353504_SVIDINSKY_19\IGI\LR5\.venv\Lib\site-packages\django\urls\base.py", line 98, in reverse
    resolved_url = resolver._reverse_with_prefix(view, prefix, *args, **kwargs)
  File "D:\353504_SVIDINSKY_19\IGI\LR5\.venv\Lib\site-packages\django\urls\resolvers.py", line 831, in _reverse_with_prefix
    raise NoReverseMatch(msg)
django.urls.exceptions.NoReverseMatch: Reverse for 'update_order_status' not found. 'update_order_status' is not a valid view function or pattern name.
[ERROR] 2025-05-26 19:38:40 "GET /orders/ HTTP/1.1" 500 168854
[DEBUG] 2025-05-26 19:39:01 Starting statistics calculation
[INFO] 2025-05-26 19:39:01 Statistics viewed by user alexander
[INFO] 2025-05-26 19:39:01 "GET /statistics/ HTTP/1.1" 200 103132
[WARNING] 2025-05-26 19:39:01 "GET /static/css/style.css HTTP/1.1" 404 1853
[WARNING] 2025-05-26 19:39:01 "GET /static/js/main.js HTTP/1.1" 404 1844
[WARNING] 2025-05-26 19:39:01 "GET /static/js/form-validation.js HTTP/1.1" 404 1877
[ERROR] 2025-05-26 19:39:05 Internal Server Error: /couriers/
Traceback (most recent call last):
  File "D:\353504_SVIDINSKY_19\IGI\LR5\.venv\Lib\site-packages\django\core\handlers\exception.py", line 55, in inner
    response = get_response(request)
  File "D:\353504_SVIDINSKY_19\IGI\LR5\.venv\Lib\site-packages\django\core\handlers\base.py", line 220, in _get_response
    response = response.render()
  File "D:\353504_SVIDINSKY_19\IGI\LR5\.venv\Lib\site-packages\django\template\response.py", line 114, in render
    self.content = self.rendered_content
                   ^^^^^^^^^^^^^^^^^^^^^
  File "D:\353504_SVIDINSKY_19\IGI\LR5\.venv\Lib\site-packages\django\template\response.py", line 90, in rendered_content
    template = self.resolve_template(self.template_name)
  File "D:\353504_SVIDINSKY_19\IGI\LR5\.venv\Lib\site-packages\django\template\response.py", line 72, in resolve_template
    return select_template(template, using=self.using)
  File "D:\353504_SVIDINSKY_19\IGI\LR5\.venv\Lib\site-packages\django\template\loader.py", line 47, in select_template
    raise TemplateDoesNotExist(", ".join(template_name_list), chain=chain)
django.template.exceptions.TemplateDoesNotExist: pizza/couriers_list.html, pizza/courier_list.html
[ERROR] 2025-05-26 19:39:05 "GET /couriers/ HTTP/1.1" 500 86238
[ERROR] 2025-05-26 19:39:20 Internal Server Error: /orders/
Traceback (most recent call last):
  File "D:\353504_SVIDINSKY_19\IGI\LR5\.venv\Lib\site-packages\django\core\handlers\exception.py", line 55, in inner
    response = get_response(request)
  File "D:\353504_SVIDINSKY_19\IGI\LR5\.venv\Lib\site-packages\django\core\handlers\base.py", line 220, in _get_response
    response = response.render()
  File "D:\353504_SVIDINSKY_19\IGI\LR5\.venv\Lib\site-packages\django\template\response.py", line 114, in render
    self.content = self.rendered_content
                   ^^^^^^^^^^^^^^^^^^^^^
  File "D:\353504_SVIDINSKY_19\IGI\LR5\.venv\Lib\site-packages\django\template\response.py", line 92, in rendered_content
    return template.render(context, self._request)
           ~~~~~~~~~~~~~~~^^^^^^^^^^^^^^^^^^^^^^^^
  File "D:\353504_SVIDINSKY_19\IGI\LR5\.venv\Lib\site-packages\django\template\backends\django.py", line 107, in render
    return self.template.render(context)
           ~~~~~~~~~~~~~~~~~~~~^^^^^^^^^
  File "D:\353504_SVIDINSKY_19\IGI\LR5\.venv\Lib\site-packages\django\template\base.py", line 171, in render
    return self._render(context)
           ~~~~~~~~~~~~^^^^^^^^^
  File "D:\353504_SVIDINSKY_19\IGI\LR5\.venv\Lib\site-packages\django\template\base.py", line 163, in _render
    return self.nodelist.render(context)
           ~~~~~~~~~~~~~~~~~~~~^^^^^^^^^
  File "D:\353504_SVIDINSKY_19\IGI\LR5\.venv\Lib\site-packages\django\template\base.py", line 1016, in render
    return SafeString("".join([node.render_annotated(context) for node in self]))
                               ~~~~~~~~~~~~~~~~~~~~~^^^^^^^^^
  File "D:\353504_SVIDINSKY_19\IGI\LR5\.venv\Lib\site-packages\django\template\base.py", line 977, in render_annotated
    return self.render(context)
           ~~~~~~~~~~~^^^^^^^^^
  File "D:\353504_SVIDINSKY_19\IGI\LR5\.venv\Lib\site-packages\django\template\loader_tags.py", line 159, in render
    return compiled_parent._render(context)
           ~~~~~~~~~~~~~~~~~~~~~~~^^^^^^^^^
  File "D:\353504_SVIDINSKY_19\IGI\LR5\.venv\Lib\site-packages\django\template\base.py", line 163, in _render
    return self.nodelist.render(context)
           ~~~~~~~~~~~~~~~~~~~~^^^^^^^^^
  File "D:\353504_SVIDINSKY_19\IGI\LR5\.venv\Lib\site-packages\django\template\base.py", line 1016, in render
    return SafeString("".join([node.render_annotated(context) for node in self]))
                               ~~~~~~~~~~~~~~~~~~~~~^^^^^^^^^
  File "D:\353504_SVIDINSKY_19\IGI\LR5\.venv\Lib\site-packages\django\template\base.py", line 977, in render_annotated
    return self.render(context)
           ~~~~~~~~~~~^^^^^^^^^
  File "D:\353504_SVIDINSKY_19\IGI\LR5\.venv\Lib\site-packages\django\template\loader_tags.py", line 65, in render
    result = block.nodelist.render(context)
  File "D:\353504_SVIDINSKY_19\IGI\LR5\.venv\Lib\site-packages\django\template\base.py", line 1016, in render
    return SafeString("".join([node.render_annotated(context) for node in self]))
                               ~~~~~~~~~~~~~~~~~~~~~^^^^^^^^^
  File "D:\353504_SVIDINSKY_19\IGI\LR5\.venv\Lib\site-packages\django\template\base.py", line 977, in render_annotated
    return self.render(context)
           ~~~~~~~~~~~^^^^^^^^^
  File "D:\353504_SVIDINSKY_19\IGI\LR5\.venv\Lib\site-packages\django\template\defaulttags.py", line 243, in render
    nodelist.append(node.render_annotated(context))
                    ~~~~~~~~~~~~~~~~~~~~~^^^^^^^^^
  File "D:\353504_SVIDINSKY_19\IGI\LR5\.venv\Lib\site-packages\django\template\base.py", line 977, in render_annotated
    return self.render(context)
           ~~~~~~~~~~~^^^^^^^^^
  File "D:\353504_SVIDINSKY_19\IGI\LR5\.venv\Lib\site-packages\django\template\defaulttags.py", line 480, in render
    url = reverse(view_name, args=args, kwargs=kwargs, current_app=current_app)
  File "D:\353504_SVIDINSKY_19\IGI\LR5\.venv\Lib\site-packages\django\urls\base.py", line 98, in reverse
    resolved_url = resolver._reverse_with_prefix(view, prefix, *args, **kwargs)
  File "D:\353504_SVIDINSKY_19\IGI\LR5\.venv\Lib\site-packages\django\urls\resolvers.py", line 831, in _reverse_with_prefix
    raise NoReverseMatch(msg)
django.urls.exceptions.NoReverseMatch: Reverse for 'update_order_status' not found. 'update_order_status' is not a valid view function or pattern name.
[ERROR] 2025-05-26 19:39:20 "GET /orders/ HTTP/1.1" 500 168854
[INFO] 2025-05-26 19:41:06 D:\353504_SVIDINSKY_19\IGI\LR5\pizza\urls.py changed, reloading.
[INFO] 2025-05-26 19:41:08 Watching for file changes with StatReloader
[INFO] 2025-05-26 19:41:33 "GET /orders/ HTTP/1.1" 200 8356
[WARNING] 2025-05-26 19:41:33 "GET /static/js/main.js HTTP/1.1" 404 1844
[WARNING] 2025-05-26 19:41:33 "GET /static/css/style.css HTTP/1.1" 404 1853
[WARNING] 2025-05-26 19:41:33 "GET /static/js/form-validation.js HTTP/1.1" 404 1877
[INFO] 2025-05-26 19:41:41 "GET /couriers/ HTTP/1.1" 200 2276
[WARNING] 2025-05-26 19:41:41 "GET /static/js/form-validation.js HTTP/1.1" 404 1877
[WARNING] 2025-05-26 19:41:41 "GET /static/js/main.js HTTP/1.1" 404 1844
[WARNING] 2025-05-26 19:41:41 "GET /static/css/style.css HTTP/1.1" 404 1853
[INFO] 2025-05-26 19:41:44 "GET /orders/ HTTP/1.1" 200 8356
[WARNING] 2025-05-26 19:41:44 "GET /static/js/main.js HTTP/1.1" 404 1844
[WARNING] 2025-05-26 19:41:44 "GET /static/css/style.css HTTP/1.1" 404 1853
[WARNING] 2025-05-26 19:41:44 "GET /static/js/form-validation.js HTTP/1.1" 404 1877
[INFO] 2025-05-26 19:41:48 Order 4 status updated to delivering by alexander
[INFO] 2025-05-26 19:41:48 "POST /order/4/update-status/ HTTP/1.1" 200 21
[INFO] 2025-05-26 19:41:56 Order 4 status updated to delivering by alexander
[INFO] 2025-05-26 19:41:56 "POST /order/4/update-status/ HTTP/1.1" 200 21
[INFO] 2025-05-26 19:42:02 "GET /orders/ HTTP/1.1" 200 8359
[WARNING] 2025-05-26 19:42:02 "GET /static/js/main.js HTTP/1.1" 404 1844
[WARNING] 2025-05-26 19:42:02 "GET /static/css/style.css HTTP/1.1" 404 1853
[WARNING] 2025-05-26 19:42:02 "GET /static/js/form-validation.js HTTP/1.1" 404 1877
[INFO] 2025-05-26 19:42:14 D:\353504_SVIDINSKY_19\IGI\LR5\pizza\views.py changed, reloading.
[INFO] 2025-05-26 19:42:15 Watching for file changes with StatReloader
[INFO] 2025-05-26 19:42:38 Order 4 status updated to completed by alexander
[INFO] 2025-05-26 19:42:38 "POST /order/4/update-status/ HTTP/1.1" 200 21
[DEBUG] 2025-05-26 19:43:08 Accessing promotions page
[INFO] 2025-05-26 19:43:08 User alexander viewed promotions
[INFO] 2025-05-26 19:43:08 "GET /promotions/ HTTP/1.1" 200 3186
[WARNING] 2025-05-26 19:43:08 "GET /static/css/style.css HTTP/1.1" 404 1853
[WARNING] 2025-05-26 19:43:08 "GET /static/js/main.js HTTP/1.1" 404 1844
[WARNING] 2025-05-26 19:43:08 "GET /static/js/form-validation.js HTTP/1.1" 404 1877
[DEBUG] 2025-05-26 19:44:21 Menu filter params: category=None, sauce=None, is_vegan=None, price=None-None
[INFO] 2025-05-26 19:44:21 "GET /menu/ HTTP/1.1" 200 9084
[WARNING] 2025-05-26 19:44:21 "GET /static/css/style.css HTTP/1.1" 404 1853
[WARNING] 2025-05-26 19:44:21 "GET /static/js/form-validation.js HTTP/1.1" 404 1877
[WARNING] 2025-05-26 19:44:21 "GET /static/js/main.js HTTP/1.1" 404 1844
[INFO] 2025-05-26 19:44:22 "GET /logout/ HTTP/1.1" 302 0
[DEBUG] 2025-05-26 19:44:22 Menu filter params: category=None, sauce=None, is_vegan=None, price=None-None
[INFO] 2025-05-26 19:44:22 "GET /menu/ HTTP/1.1" 200 8512
[WARNING] 2025-05-26 19:44:22 "GET /static/css/style.css HTTP/1.1" 404 1853
[WARNING] 2025-05-26 19:44:22 "GET /static/js/main.js HTTP/1.1" 404 1844
[WARNING] 2025-05-26 19:44:22 "GET /static/js/form-validation.js HTTP/1.1" 404 1877
[INFO] 2025-05-26 19:44:25 "GET / HTTP/1.1" 200 4376
[WARNING] 2025-05-26 19:44:25 "GET /static/css/style.css HTTP/1.1" 404 1853
[WARNING] 2025-05-26 19:44:25 "GET /static/js/main.js HTTP/1.1" 404 1844
[WARNING] 2025-05-26 19:44:25 "GET /static/js/form-validation.js HTTP/1.1" 404 1877
[DEBUG] 2025-05-26 19:44:28 Accessing promotions page
[INFO] 2025-05-26 19:44:28 User AnonymousUser viewed promotions
[INFO] 2025-05-26 19:44:28 "GET /promotions/ HTTP/1.1" 200 1750
[WARNING] 2025-05-26 19:44:28 "GET /static/css/style.css HTTP/1.1" 404 1853
[WARNING] 2025-05-26 19:44:28 "GET /static/js/form-validation.js HTTP/1.1" 404 1877
[WARNING] 2025-05-26 19:44:28 "GET /static/js/main.js HTTP/1.1" 404 1844
[INFO] 2025-05-26 19:45:44 "GET / HTTP/1.1" 200 4376
[WARNING] 2025-05-26 19:45:44 "GET /static/css/style.css HTTP/1.1" 404 1853
[WARNING] 2025-05-26 19:45:44 "GET /static/js/main.js HTTP/1.1" 404 1844
[WARNING] 2025-05-26 19:45:44 "GET /static/js/form-validation.js HTTP/1.1" 404 1877
[WARNING] 2025-05-26 19:45:45 Not Found: /news
[WARNING] 2025-05-26 19:45:45 "GET /news HTTP/1.1" 404 9723
[INFO] 2025-05-26 19:46:14 D:\353504_SVIDINSKY_19\IGI\LR5\pizza\models.py changed, reloading.
[INFO] 2025-05-26 19:46:15 Watching for file changes with StatReloader
[INFO] 2025-05-26 19:46:17 D:\353504_SVIDINSKY_19\IGI\LR5\pizza\views.py changed, reloading.
[INFO] 2025-05-26 19:46:18 Watching for file changes with StatReloader
[INFO] 2025-05-26 19:46:53 D:\353504_SVIDINSKY_19\IGI\LR5\pizza\views.py changed, reloading.
[INFO] 2025-05-26 19:46:54 Watching for file changes with StatReloader
[INFO] 2025-05-26 19:58:46 Watching for file changes with StatReloader
[WARNING] 2025-05-26 19:58:50 Not Found: /ad'
[WARNING] 2025-05-26 19:58:50 "GET /ad' HTTP/1.1" 404 9735
[INFO] 2025-05-26 19:58:53 "GET / HTTP/1.1" 200 4376
[WARNING] 2025-05-26 19:58:54 "GET /static/css/style.css HTTP/1.1" 404 1853
[WARNING] 2025-05-26 19:58:54 "GET /static/js/main.js HTTP/1.1" 404 1844
[WARNING] 2025-05-26 19:58:54 "GET /static/js/form-validation.js HTTP/1.1" 404 1877
[INFO] 2025-05-26 19:58:57 "GET /promotions/ HTTP/1.1" 200 2036
[WARNING] 2025-05-26 19:58:57 "GET /static/css/style.css HTTP/1.1" 404 1853
[WARNING] 2025-05-26 19:58:57 "GET /static/js/main.js HTTP/1.1" 404 1844
[WARNING] 2025-05-26 19:58:57 "GET /static/js/form-validation.js HTTP/1.1" 404 1877
[INFO] 2025-05-26 19:59:08 "GET /login/ HTTP/1.1" 200 1953
[WARNING] 2025-05-26 19:59:08 "GET /static/css/style.css HTTP/1.1" 404 1853
[WARNING] 2025-05-26 19:59:08 "GET /static/js/main.js HTTP/1.1" 404 1844
[WARNING] 2025-05-26 19:59:08 "GET /static/js/form-validation.js HTTP/1.1" 404 1877
[INFO] 2025-05-26 19:59:10 "POST /login/ HTTP/1.1" 302 0
[DEBUG] 2025-05-26 19:59:10 Menu filter params: category=None, sauce=None, is_vegan=None, price=None-None
[INFO] 2025-05-26 19:59:10 "GET /menu/ HTTP/1.1" 200 9084
[WARNING] 2025-05-26 19:59:10 "GET /static/css/style.css HTTP/1.1" 404 1853
[WARNING] 2025-05-26 19:59:10 "GET /static/js/main.js HTTP/1.1" 404 1844
[WARNING] 2025-05-26 19:59:10 "GET /static/js/form-validation.js HTTP/1.1" 404 1877
[DEBUG] 2025-05-26 19:59:11 Starting statistics calculation
[INFO] 2025-05-26 19:59:12 Statistics viewed by user alexander
[INFO] 2025-05-26 19:59:12 "GET /statistics/ HTTP/1.1" 200 103132
[WARNING] 2025-05-26 19:59:12 "GET /static/js/main.js HTTP/1.1" 404 1844
[WARNING] 2025-05-26 19:59:12 "GET /static/css/style.css HTTP/1.1" 404 1853
[WARNING] 2025-05-26 19:59:12 "GET /static/js/form-validation.js HTTP/1.1" 404 1877
[INFO] 2025-05-26 19:59:14 "GET /couriers/ HTTP/1.1" 200 2276
[WARNING] 2025-05-26 19:59:14 "GET /static/css/style.css HTTP/1.1" 404 1853
[WARNING] 2025-05-26 19:59:14 "GET /static/js/main.js HTTP/1.1" 404 1844
[WARNING] 2025-05-26 19:59:14 "GET /static/js/form-validation.js HTTP/1.1" 404 1877
[INFO] 2025-05-26 19:59:22 "GET /order/new/ HTTP/1.1" 200 33336
[WARNING] 2025-05-26 19:59:22 "GET /static/js/main.js HTTP/1.1" 404 1844
[WARNING] 2025-05-26 19:59:22 "GET /static/css/style.css HTTP/1.1" 404 1853
[WARNING] 2025-05-26 19:59:22 "GET /static/js/form-validation.js HTTP/1.1" 404 1877
[INFO] 2025-05-26 19:59:25 "GET /orders/my/ HTTP/1.1" 200 3644
[WARNING] 2025-05-26 19:59:25 "GET /static/js/main.js HTTP/1.1" 404 1844
[WARNING] 2025-05-26 19:59:25 "GET /static/js/form-validation.js HTTP/1.1" 404 1877
[WARNING] 2025-05-26 19:59:25 "GET /static/css/style.css HTTP/1.1" 404 1853
[INFO] 2025-05-26 19:59:28 "GET /orders/ HTTP/1.1" 200 8358
[WARNING] 2025-05-26 19:59:28 "GET /static/css/style.css HTTP/1.1" 404 1853
[WARNING] 2025-05-26 19:59:28 "GET /static/js/main.js HTTP/1.1" 404 1844
[WARNING] 2025-05-26 19:59:28 "GET /static/js/form-validation.js HTTP/1.1" 404 1877
[WARNING] 2025-05-26 19:59:32 Bad Request: /order/4/update-status/
[WARNING] 2025-05-26 19:59:32 "POST /order/4/update-status/ HTTP/1.1" 400 19
[INFO] 2025-05-26 19:59:39 "GET /orders/ HTTP/1.1" 200 8358
[WARNING] 2025-05-26 19:59:39 "GET /static/css/style.css HTTP/1.1" 404 1853
[WARNING] 2025-05-26 19:59:39 "GET /static/js/main.js HTTP/1.1" 404 1844
[WARNING] 2025-05-26 19:59:39 "GET /static/js/form-validation.js HTTP/1.1" 404 1877
[WARNING] 2025-05-26 19:59:44 Invalid request method for assign_courier: POST
[WARNING] 2025-05-26 19:59:44 Bad Request: /order/3/assign-courier/
[WARNING] 2025-05-26 19:59:44 "POST /order/3/assign-courier/ HTTP/1.1" 400 49
[WARNING] 2025-05-26 19:59:48 Bad Request: /order/3/update-status/
[WARNING] 2025-05-26 19:59:48 "POST /order/3/update-status/ HTTP/1.1" 400 19
[WARNING] 2025-05-26 19:59:52 Bad Request: /order/3/update-status/
[WARNING] 2025-05-26 19:59:52 "POST /order/3/update-status/ HTTP/1.1" 400 19
[INFO] 2025-05-26 19:59:56 "GET /orders/ HTTP/1.1" 200 8358
[WARNING] 2025-05-26 19:59:56 "GET /static/js/main.js HTTP/1.1" 404 1844
[WARNING] 2025-05-26 19:59:56 "GET /static/css/style.css HTTP/1.1" 404 1853
[WARNING] 2025-05-26 19:59:56 "GET /static/js/form-validation.js HTTP/1.1" 404 1877
[WARNING] 2025-05-26 19:59:59 Bad Request: /order/3/update-status/
[WARNING] 2025-05-26 19:59:59 "POST /order/3/update-status/ HTTP/1.1" 400 19
[INFO] 2025-05-26 20:00:01 "GET /orders/ HTTP/1.1" 200 8358
[WARNING] 2025-05-26 20:00:01 "GET /static/js/main.js HTTP/1.1" 404 1844
[WARNING] 2025-05-26 20:00:01 "GET /static/css/style.css HTTP/1.1" 404 1853
[WARNING] 2025-05-26 20:00:01 "GET /static/js/form-validation.js HTTP/1.1" 404 1877
[INFO] 2025-05-26 20:00:03 "GET /promotions/ HTTP/1.1" 200 3266
[WARNING] 2025-05-26 20:00:03 "GET /static/css/style.css HTTP/1.1" 404 1853
[WARNING] 2025-05-26 20:00:03 "GET /static/js/main.js HTTP/1.1" 404 1844
[WARNING] 2025-05-26 20:00:03 "GET /static/js/form-validation.js HTTP/1.1" 404 1877
[INFO] 2025-05-26 20:00:10 "POST /promotions/apply/ HTTP/1.1" 302 0
[INFO] 2025-05-26 20:00:10 "GET /promotions/ HTTP/1.1" 200 3472
[WARNING] 2025-05-26 20:00:10 "GET /static/css/style.css HTTP/1.1" 404 1853
[WARNING] 2025-05-26 20:00:10 "GET /static/js/form-validation.js HTTP/1.1" 404 1877
[WARNING] 2025-05-26 20:00:10 "GET /static/js/main.js HTTP/1.1" 404 1844
[INFO] 2025-05-26 20:00:19 "GET /admin/ HTTP/1.1" 200 20658
[INFO] 2025-05-26 20:00:22 "GET /admin/pizza/promo/ HTTP/1.1" 200 18679
[INFO] 2025-05-26 20:00:22 "GET /admin/jsi18n/ HTTP/1.1" 200 3342
[INFO] 2025-05-26 20:00:28 "GET /admin/pizza/promo/1/change/ HTTP/1.1" 200 22083
[INFO] 2025-05-26 20:00:28 "GET /admin/jsi18n/ HTTP/1.1" 200 3342
[INFO] 2025-05-26 20:00:32 "GET /admin/pizza/promo/ HTTP/1.1" 200 18679
[INFO] 2025-05-26 20:00:34 "GET /admin/pizza/promo/add/ HTTP/1.1" 200 21779
[INFO] 2025-05-26 20:00:34 "GET /admin/jsi18n/ HTTP/1.1" 200 3342
[INFO] 2025-05-26 20:01:19 "GET /admin/pizza/customer/add/?_to_field=id&_popup=1 HTTP/1.1" 200 8568
[INFO] 2025-05-26 20:01:19 "GET /admin/jsi18n/ HTTP/1.1" 200 3342
[INFO] 2025-05-26 20:01:22 "POST /admin/pizza/promo/add/ HTTP/1.1" 200 22321
[INFO] 2025-05-26 20:01:22 "GET /admin/jsi18n/ HTTP/1.1" 200 3342
[INFO] 2025-05-26 20:01:27 "POST /admin/pizza/promo/add/ HTTP/1.1" 302 0
[INFO] 2025-05-26 20:01:27 "GET /admin/pizza/promo/ HTTP/1.1" 200 19377
[INFO] 2025-05-26 20:01:27 "GET /admin/jsi18n/ HTTP/1.1" 200 3342
[INFO] 2025-05-26 20:01:29 "GET /admin/pizza/promo/add/ HTTP/1.1" 200 21779
[INFO] 2025-05-26 20:01:30 "GET /admin/pizza/promo/ HTTP/1.1" 200 19183
[INFO] 2025-05-26 20:01:30 "GET /admin/ HTTP/1.1" 200 20998
[INFO] 2025-05-26 20:01:33 "GET /promotions/ HTTP/1.1" 200 3642
[WARNING] 2025-05-26 20:01:33 "GET /static/css/style.css HTTP/1.1" 404 1853
[WARNING] 2025-05-26 20:01:33 "GET /static/js/main.js HTTP/1.1" 404 1844
[WARNING] 2025-05-26 20:01:33 "GET /static/js/form-validation.js HTTP/1.1" 404 1877
[INFO] 2025-05-26 20:01:38 "GET /promotions/ HTTP/1.1" 200 3642
[WARNING] 2025-05-26 20:01:38 "GET /static/js/main.js HTTP/1.1" 404 1844
[WARNING] 2025-05-26 20:01:38 "GET /static/css/style.css HTTP/1.1" 404 1853
[WARNING] 2025-05-26 20:01:38 "GET /static/js/form-validation.js HTTP/1.1" 404 1877
[INFO] 2025-05-26 20:01:52 "GET /couriers/ HTTP/1.1" 200 2276
[WARNING] 2025-05-26 20:01:52 "GET /static/css/style.css HTTP/1.1" 404 1853
[WARNING] 2025-05-26 20:01:52 "GET /static/js/main.js HTTP/1.1" 404 1844
[WARNING] 2025-05-26 20:01:52 "GET /static/js/form-validation.js HTTP/1.1" 404 1877
[INFO] 2025-05-26 20:01:54 "GET /orders/ HTTP/1.1" 200 8358
[WARNING] 2025-05-26 20:01:54 "GET /static/css/style.css HTTP/1.1" 404 1853
[WARNING] 2025-05-26 20:01:54 "GET /static/js/main.js HTTP/1.1" 404 1844
[WARNING] 2025-05-26 20:01:54 "GET /static/js/form-validation.js HTTP/1.1" 404 1877
[INFO] 2025-05-26 20:02:25 "GET /promotions/ HTTP/1.1" 200 3642
[WARNING] 2025-05-26 20:02:25 "GET /static/js/main.js HTTP/1.1" 404 1844
[WARNING] 2025-05-26 20:02:25 "GET /static/css/style.css HTTP/1.1" 404 1853
[WARNING] 2025-05-26 20:02:25 "GET /static/js/form-validation.js HTTP/1.1" 404 1877
[INFO] 2025-05-26 20:02:45 "GET / HTTP/1.1" 200 5131
[WARNING] 2025-05-26 20:02:45 "GET /static/css/style.css HTTP/1.1" 404 1853
[WARNING] 2025-05-26 20:02:45 "GET /static/js/main.js HTTP/1.1" 404 1844
[WARNING] 2025-05-26 20:02:45 "GET /static/js/form-validation.js HTTP/1.1" 404 1877
[INFO] 2025-05-26 20:02:46 "GET /admin/ HTTP/1.1" 200 20998
[INFO] 2025-05-26 20:02:46 "GET /static/admin/css/base.css HTTP/1.1" 304 0
[INFO] 2025-05-26 20:02:46 "GET /static/admin/js/theme.js HTTP/1.1" 304 0
[INFO] 2025-05-26 20:02:46 "GET /static/admin/css/dark_mode.css HTTP/1.1" 304 0
[INFO] 2025-05-26 20:02:46 "GET /static/admin/css/nav_sidebar.css HTTP/1.1" 304 0
[INFO] 2025-05-26 20:02:46 "GET /static/admin/css/dashboard.css HTTP/1.1" 304 0
[INFO] 2025-05-26 20:02:46 "GET /static/admin/css/responsive.css HTTP/1.1" 304 0
[INFO] 2025-05-26 20:02:46 "GET /static/admin/js/nav_sidebar.js HTTP/1.1" 304 0
[INFO] 2025-05-26 20:02:46 "GET /static/admin/img/icon-changelink.svg HTTP/1.1" 304 0
[INFO] 2025-05-26 20:02:46 "GET /static/admin/img/icon-addlink.svg HTTP/1.1" 304 0
[INFO] 2025-05-26 20:02:49 "GET /admin/pizza/promo/ HTTP/1.1" 200 19183
[INFO] 2025-05-26 20:02:49 "GET /static/admin/css/changelists.css HTTP/1.1" 304 0
[INFO] 2025-05-26 20:02:49 "GET /static/admin/js/core.js HTTP/1.1" 304 0
[INFO] 2025-05-26 20:02:49 "GET /static/admin/js/jquery.init.js HTTP/1.1" 304 0
[INFO] 2025-05-26 20:02:49 "GET /static/admin/js/vendor/jquery/jquery.js HTTP/1.1" 304 0
[INFO] 2025-05-26 20:02:49 "GET /static/admin/js/admin/RelatedObjectLookups.js HTTP/1.1" 304 0
[INFO] 2025-05-26 20:02:49 "GET /static/admin/js/urlify.js HTTP/1.1" 304 0
[INFO] 2025-05-26 20:02:49 "GET /static/admin/js/actions.js HTTP/1.1" 304 0
[INFO] 2025-05-26 20:02:49 "GET /static/admin/js/vendor/xregexp/xregexp.js HTTP/1.1" 304 0
[INFO] 2025-05-26 20:02:49 "GET /static/admin/js/prepopulate.js HTTP/1.1" 304 0
[INFO] 2025-05-26 20:02:49 "GET /admin/jsi18n/ HTTP/1.1" 200 3342
[INFO] 2025-05-26 20:02:49 "GET /static/admin/img/search.svg HTTP/1.1" 304 0
[INFO] 2025-05-26 20:02:49 "GET /static/admin/js/filters.js HTTP/1.1" 304 0
[INFO] 2025-05-26 20:02:49 "GET /static/admin/img/tooltag-add.svg HTTP/1.1" 304 0
[INFO] 2025-05-26 20:02:49 "GET /static/admin/img/icon-viewlink.svg HTTP/1.1" 304 0
[INFO] 2025-05-26 20:02:53 "GET /admin/pizza/promo/2/change/ HTTP/1.1" 200 22195
[INFO] 2025-05-26 20:02:53 "GET /static/admin/css/forms.css HTTP/1.1" 304 0
[INFO] 2025-05-26 20:02:53 "GET /static/admin/js/prepopulate_init.js HTTP/1.1" 304 0
[INFO] 2025-05-26 20:02:53 "GET /admin/jsi18n/ HTTP/1.1" 200 3342
[INFO] 2025-05-26 20:02:53 "GET /static/admin/css/widgets.css HTTP/1.1" 304 0
[INFO] 2025-05-26 20:02:53 "GET /static/admin/js/change_form.js HTTP/1.1" 304 0
[INFO] 2025-05-26 20:05:16 "GET /admin/pizza/promo/ HTTP/1.1" 200 19183
[INFO] 2025-05-26 20:05:17 "GET /admin/ HTTP/1.1" 200 20998
[INFO] 2025-05-26 20:05:19 "GET /promotions/ HTTP/1.1" 200 4682
[WARNING] 2025-05-26 20:05:19 "GET /static/css/style.css HTTP/1.1" 404 1853
[WARNING] 2025-05-26 20:05:19 "GET /static/js/form-validation.js HTTP/1.1" 404 1877
[WARNING] 2025-05-26 20:05:19 "GET /static/js/main.js HTTP/1.1" 404 1844
[INFO] 2025-05-26 20:05:33 "POST /promotions/apply/ HTTP/1.1" 302 0
[INFO] 2025-05-26 20:05:33 "GET /promotions/ HTTP/1.1" 200 5263
[WARNING] 2025-05-26 20:05:33 "GET /static/css/style.css HTTP/1.1" 404 1853
[WARNING] 2025-05-26 20:05:33 "GET /static/js/main.js HTTP/1.1" 404 1844
[WARNING] 2025-05-26 20:05:33 "GET /static/js/form-validation.js HTTP/1.1" 404 1877
[INFO] 2025-05-26 20:05:40 "GET /orders/ HTTP/1.1" 200 13252
[WARNING] 2025-05-26 20:05:40 "GET /static/css/style.css HTTP/1.1" 404 1853
[WARNING] 2025-05-26 20:05:40 "GET /static/js/main.js HTTP/1.1" 404 1844
[WARNING] 2025-05-26 20:05:40 "GET /static/js/form-validation.js HTTP/1.1" 404 1877
[INFO] 2025-05-26 20:05:50 "GET /couriers/ HTTP/1.1" 200 2276
[WARNING] 2025-05-26 20:05:50 "GET /static/css/style.css HTTP/1.1" 404 1853
[WARNING] 2025-05-26 20:05:50 "GET /static/js/main.js HTTP/1.1" 404 1844
[WARNING] 2025-05-26 20:05:50 "GET /static/js/form-validation.js HTTP/1.1" 404 1877
[INFO] 2025-05-26 20:06:12 "GET /orders/ HTTP/1.1" 200 13252
[WARNING] 2025-05-26 20:06:12 "GET /static/js/main.js HTTP/1.1" 404 1844
[WARNING] 2025-05-26 20:06:12 "GET /static/js/form-validation.js HTTP/1.1" 404 1877
[WARNING] 2025-05-26 20:06:12 "GET /static/css/style.css HTTP/1.1" 404 1853
[WARNING] 2025-05-26 20:06:20 Method Not Allowed (POST): /orders/
[WARNING] 2025-05-26 20:06:20 Method Not Allowed: /orders/
[WARNING] 2025-05-26 20:06:20 "POST /orders/ HTTP/1.1" 405 0
[WARNING] 2025-05-26 20:06:25 Method Not Allowed (POST): /orders/
[WARNING] 2025-05-26 20:06:25 Method Not Allowed: /orders/
[WARNING] 2025-05-26 20:06:25 "POST /orders/ HTTP/1.1" 405 0
[INFO] 2025-05-26 20:06:28 "GET /orders/ HTTP/1.1" 200 13252
[WARNING] 2025-05-26 20:06:28 "GET /static/css/style.css HTTP/1.1" 404 1853
[WARNING] 2025-05-26 20:06:28 "GET /static/js/main.js HTTP/1.1" 404 1844
[WARNING] 2025-05-26 20:06:28 "GET /static/js/form-validation.js HTTP/1.1" 404 1877
[WARNING] 2025-05-26 20:06:39 Method Not Allowed (POST): /orders/
[WARNING] 2025-05-26 20:06:39 Method Not Allowed: /orders/
[WARNING] 2025-05-26 20:06:39 "POST /orders/ HTTP/1.1" 405 0
[INFO] 2025-05-26 20:07:20 "GET /orders/my/ HTTP/1.1" 200 3644
[WARNING] 2025-05-26 20:07:20 "GET /static/js/form-validation.js HTTP/1.1" 404 1877
[WARNING] 2025-05-26 20:07:20 "GET /static/css/style.css HTTP/1.1" 404 1853
[WARNING] 2025-05-26 20:07:20 "GET /static/js/main.js HTTP/1.1" 404 1844
[INFO] 2025-05-26 20:07:21 "GET /admin/ HTTP/1.1" 200 20998
[INFO] 2025-05-26 20:07:25 "GET /order/new/ HTTP/1.1" 200 33278
[WARNING] 2025-05-26 20:07:25 "GET /static/css/style.css HTTP/1.1" 404 1853
[WARNING] 2025-05-26 20:07:25 "GET /static/js/main.js HTTP/1.1" 404 1844
[WARNING] 2025-05-26 20:07:25 "GET /static/js/form-validation.js HTTP/1.1" 404 1877
[DEBUG] 2025-05-26 20:07:26 Menu filter params: category=None, sauce=None, is_vegan=None, price=None-None
[INFO] 2025-05-26 20:07:26 "GET /menu/ HTTP/1.1" 200 9084
[WARNING] 2025-05-26 20:07:26 "GET /static/css/style.css HTTP/1.1" 404 1853
[WARNING] 2025-05-26 20:07:26 "GET /static/js/main.js HTTP/1.1" 404 1844
[WARNING] 2025-05-26 20:07:26 "GET /static/js/form-validation.js HTTP/1.1" 404 1877
[INFO] 2025-05-26 20:10:41 Watching for file changes with StatReloader
[DEBUG] 2025-05-26 20:10:45 Menu filter params: category=None, sauce=None, is_vegan=None, price=None-None
[ERROR] 2025-05-26 20:10:45 Internal Server Error: /menu/
Traceback (most recent call last):
  File "D:\353504_SVIDINSKY_19\IGI\LR5\.venv\Lib\site-packages\django\core\handlers\exception.py", line 55, in inner
    response = get_response(request)
  File "D:\353504_SVIDINSKY_19\IGI\LR5\.venv\Lib\site-packages\django\core\handlers\base.py", line 220, in _get_response
    response = response.render()
  File "D:\353504_SVIDINSKY_19\IGI\LR5\.venv\Lib\site-packages\django\template\response.py", line 114, in render
    self.content = self.rendered_content
                   ^^^^^^^^^^^^^^^^^^^^^
  File "D:\353504_SVIDINSKY_19\IGI\LR5\.venv\Lib\site-packages\django\template\response.py", line 92, in rendered_content
    return template.render(context, self._request)
           ~~~~~~~~~~~~~~~^^^^^^^^^^^^^^^^^^^^^^^^
  File "D:\353504_SVIDINSKY_19\IGI\LR5\.venv\Lib\site-packages\django\template\backends\django.py", line 107, in render
    return self.template.render(context)
           ~~~~~~~~~~~~~~~~~~~~^^^^^^^^^
  File "D:\353504_SVIDINSKY_19\IGI\LR5\.venv\Lib\site-packages\django\template\base.py", line 171, in render
    return self._render(context)
           ~~~~~~~~~~~~^^^^^^^^^
  File "D:\353504_SVIDINSKY_19\IGI\LR5\.venv\Lib\site-packages\django\template\base.py", line 163, in _render
    return self.nodelist.render(context)
           ~~~~~~~~~~~~~~~~~~~~^^^^^^^^^
  File "D:\353504_SVIDINSKY_19\IGI\LR5\.venv\Lib\site-packages\django\template\base.py", line 1016, in render
    return SafeString("".join([node.render_annotated(context) for node in self]))
                               ~~~~~~~~~~~~~~~~~~~~~^^^^^^^^^
  File "D:\353504_SVIDINSKY_19\IGI\LR5\.venv\Lib\site-packages\django\template\base.py", line 977, in render_annotated
    return self.render(context)
           ~~~~~~~~~~~^^^^^^^^^
  File "D:\353504_SVIDINSKY_19\IGI\LR5\.venv\Lib\site-packages\django\template\loader_tags.py", line 159, in render
    return compiled_parent._render(context)
           ~~~~~~~~~~~~~~~~~~~~~~~^^^^^^^^^
  File "D:\353504_SVIDINSKY_19\IGI\LR5\.venv\Lib\site-packages\django\template\base.py", line 163, in _render
    return self.nodelist.render(context)
           ~~~~~~~~~~~~~~~~~~~~^^^^^^^^^
  File "D:\353504_SVIDINSKY_19\IGI\LR5\.venv\Lib\site-packages\django\template\base.py", line 1016, in render
    return SafeString("".join([node.render_annotated(context) for node in self]))
                               ~~~~~~~~~~~~~~~~~~~~~^^^^^^^^^
  File "D:\353504_SVIDINSKY_19\IGI\LR5\.venv\Lib\site-packages\django\template\base.py", line 977, in render_annotated
    return self.render(context)
           ~~~~~~~~~~~^^^^^^^^^
  File "D:\353504_SVIDINSKY_19\IGI\LR5\.venv\Lib\site-packages\django\template\defaulttags.py", line 327, in render
    return nodelist.render(context)
           ~~~~~~~~~~~~~~~^^^^^^^^^
  File "D:\353504_SVIDINSKY_19\IGI\LR5\.venv\Lib\site-packages\django\template\base.py", line 1016, in render
    return SafeString("".join([node.render_annotated(context) for node in self]))
                               ~~~~~~~~~~~~~~~~~~~~~^^^^^^^^^
  File "D:\353504_SVIDINSKY_19\IGI\LR5\.venv\Lib\site-packages\django\template\base.py", line 977, in render_annotated
    return self.render(context)
           ~~~~~~~~~~~^^^^^^^^^
  File "D:\353504_SVIDINSKY_19\IGI\LR5\.venv\Lib\site-packages\django\template\defaulttags.py", line 327, in render
    return nodelist.render(context)
           ~~~~~~~~~~~~~~~^^^^^^^^^
  File "D:\353504_SVIDINSKY_19\IGI\LR5\.venv\Lib\site-packages\django\template\base.py", line 1016, in render
    return SafeString("".join([node.render_annotated(context) for node in self]))
                               ~~~~~~~~~~~~~~~~~~~~~^^^^^^^^^
  File "D:\353504_SVIDINSKY_19\IGI\LR5\.venv\Lib\site-packages\django\template\base.py", line 977, in render_annotated
    return self.render(context)
           ~~~~~~~~~~~^^^^^^^^^
  File "D:\353504_SVIDINSKY_19\IGI\LR5\.venv\Lib\site-packages\django\template\defaulttags.py", line 480, in render
    url = reverse(view_name, args=args, kwargs=kwargs, current_app=current_app)
  File "D:\353504_SVIDINSKY_19\IGI\LR5\.venv\Lib\site-packages\django\urls\base.py", line 98, in reverse
    resolved_url = resolver._reverse_with_prefix(view, prefix, *args, **kwargs)
  File "D:\353504_SVIDINSKY_19\IGI\LR5\.venv\Lib\site-packages\django\urls\resolvers.py", line 831, in _reverse_with_prefix
    raise NoReverseMatch(msg)
django.urls.exceptions.NoReverseMatch: Reverse for 'couriers_list' not found. 'couriers_list' is not a valid view function or pattern name.
[ERROR] 2025-05-26 20:10:45 "GET /menu/ HTTP/1.1" 500 189532
[DEBUG] 2025-05-26 20:10:48 Menu filter params: category=None, sauce=None, is_vegan=None, price=None-None
[ERROR] 2025-05-26 20:10:48 Internal Server Error: /menu/
Traceback (most recent call last):
  File "D:\353504_SVIDINSKY_19\IGI\LR5\.venv\Lib\site-packages\django\core\handlers\exception.py", line 55, in inner
    response = get_response(request)
  File "D:\353504_SVIDINSKY_19\IGI\LR5\.venv\Lib\site-packages\django\core\handlers\base.py", line 220, in _get_response
    response = response.render()
  File "D:\353504_SVIDINSKY_19\IGI\LR5\.venv\Lib\site-packages\django\template\response.py", line 114, in render
    self.content = self.rendered_content
                   ^^^^^^^^^^^^^^^^^^^^^
  File "D:\353504_SVIDINSKY_19\IGI\LR5\.venv\Lib\site-packages\django\template\response.py", line 92, in rendered_content
    return template.render(context, self._request)
           ~~~~~~~~~~~~~~~^^^^^^^^^^^^^^^^^^^^^^^^
  File "D:\353504_SVIDINSKY_19\IGI\LR5\.venv\Lib\site-packages\django\template\backends\django.py", line 107, in render
    return self.template.render(context)
           ~~~~~~~~~~~~~~~~~~~~^^^^^^^^^
  File "D:\353504_SVIDINSKY_19\IGI\LR5\.venv\Lib\site-packages\django\template\base.py", line 171, in render
    return self._render(context)
           ~~~~~~~~~~~~^^^^^^^^^
  File "D:\353504_SVIDINSKY_19\IGI\LR5\.venv\Lib\site-packages\django\template\base.py", line 163, in _render
    return self.nodelist.render(context)
           ~~~~~~~~~~~~~~~~~~~~^^^^^^^^^
  File "D:\353504_SVIDINSKY_19\IGI\LR5\.venv\Lib\site-packages\django\template\base.py", line 1016, in render
    return SafeString("".join([node.render_annotated(context) for node in self]))
                               ~~~~~~~~~~~~~~~~~~~~~^^^^^^^^^
  File "D:\353504_SVIDINSKY_19\IGI\LR5\.venv\Lib\site-packages\django\template\base.py", line 977, in render_annotated
    return self.render(context)
           ~~~~~~~~~~~^^^^^^^^^
  File "D:\353504_SVIDINSKY_19\IGI\LR5\.venv\Lib\site-packages\django\template\loader_tags.py", line 159, in render
    return compiled_parent._render(context)
           ~~~~~~~~~~~~~~~~~~~~~~~^^^^^^^^^
  File "D:\353504_SVIDINSKY_19\IGI\LR5\.venv\Lib\site-packages\django\template\base.py", line 163, in _render
    return self.nodelist.render(context)
           ~~~~~~~~~~~~~~~~~~~~^^^^^^^^^
  File "D:\353504_SVIDINSKY_19\IGI\LR5\.venv\Lib\site-packages\django\template\base.py", line 1016, in render
    return SafeString("".join([node.render_annotated(context) for node in self]))
                               ~~~~~~~~~~~~~~~~~~~~~^^^^^^^^^
  File "D:\353504_SVIDINSKY_19\IGI\LR5\.venv\Lib\site-packages\django\template\base.py", line 977, in render_annotated
    return self.render(context)
           ~~~~~~~~~~~^^^^^^^^^
  File "D:\353504_SVIDINSKY_19\IGI\LR5\.venv\Lib\site-packages\django\template\defaulttags.py", line 327, in render
    return nodelist.render(context)
           ~~~~~~~~~~~~~~~^^^^^^^^^
  File "D:\353504_SVIDINSKY_19\IGI\LR5\.venv\Lib\site-packages\django\template\base.py", line 1016, in render
    return SafeString("".join([node.render_annotated(context) for node in self]))
                               ~~~~~~~~~~~~~~~~~~~~~^^^^^^^^^
  File "D:\353504_SVIDINSKY_19\IGI\LR5\.venv\Lib\site-packages\django\template\base.py", line 977, in render_annotated
    return self.render(context)
           ~~~~~~~~~~~^^^^^^^^^
  File "D:\353504_SVIDINSKY_19\IGI\LR5\.venv\Lib\site-packages\django\template\defaulttags.py", line 327, in render
    return nodelist.render(context)
           ~~~~~~~~~~~~~~~^^^^^^^^^
  File "D:\353504_SVIDINSKY_19\IGI\LR5\.venv\Lib\site-packages\django\template\base.py", line 1016, in render
    return SafeString("".join([node.render_annotated(context) for node in self]))
                               ~~~~~~~~~~~~~~~~~~~~~^^^^^^^^^
  File "D:\353504_SVIDINSKY_19\IGI\LR5\.venv\Lib\site-packages\django\template\base.py", line 977, in render_annotated
    return self.render(context)
           ~~~~~~~~~~~^^^^^^^^^
  File "D:\353504_SVIDINSKY_19\IGI\LR5\.venv\Lib\site-packages\django\template\defaulttags.py", line 480, in render
    url = reverse(view_name, args=args, kwargs=kwargs, current_app=current_app)
  File "D:\353504_SVIDINSKY_19\IGI\LR5\.venv\Lib\site-packages\django\urls\base.py", line 98, in reverse
    resolved_url = resolver._reverse_with_prefix(view, prefix, *args, **kwargs)
  File "D:\353504_SVIDINSKY_19\IGI\LR5\.venv\Lib\site-packages\django\urls\resolvers.py", line 831, in _reverse_with_prefix
    raise NoReverseMatch(msg)
django.urls.exceptions.NoReverseMatch: Reverse for 'couriers_list' not found. 'couriers_list' is not a valid view function or pattern name.
[ERROR] 2025-05-26 20:10:48 "GET /menu/ HTTP/1.1" 500 189532
[ERROR] 2025-05-26 20:10:50 Internal Server Error: /
Traceback (most recent call last):
  File "D:\353504_SVIDINSKY_19\IGI\LR5\.venv\Lib\site-packages\django\core\handlers\exception.py", line 55, in inner
    response = get_response(request)
  File "D:\353504_SVIDINSKY_19\IGI\LR5\.venv\Lib\site-packages\django\core\handlers\base.py", line 220, in _get_response
    response = response.render()
  File "D:\353504_SVIDINSKY_19\IGI\LR5\.venv\Lib\site-packages\django\template\response.py", line 114, in render
    self.content = self.rendered_content
                   ^^^^^^^^^^^^^^^^^^^^^
  File "D:\353504_SVIDINSKY_19\IGI\LR5\.venv\Lib\site-packages\django\template\response.py", line 92, in rendered_content
    return template.render(context, self._request)
           ~~~~~~~~~~~~~~~^^^^^^^^^^^^^^^^^^^^^^^^
  File "D:\353504_SVIDINSKY_19\IGI\LR5\.venv\Lib\site-packages\django\template\backends\django.py", line 107, in render
    return self.template.render(context)
           ~~~~~~~~~~~~~~~~~~~~^^^^^^^^^
  File "D:\353504_SVIDINSKY_19\IGI\LR5\.venv\Lib\site-packages\django\template\base.py", line 171, in render
    return self._render(context)
           ~~~~~~~~~~~~^^^^^^^^^
  File "D:\353504_SVIDINSKY_19\IGI\LR5\.venv\Lib\site-packages\django\template\base.py", line 163, in _render
    return self.nodelist.render(context)
           ~~~~~~~~~~~~~~~~~~~~^^^^^^^^^
  File "D:\353504_SVIDINSKY_19\IGI\LR5\.venv\Lib\site-packages\django\template\base.py", line 1016, in render
    return SafeString("".join([node.render_annotated(context) for node in self]))
                               ~~~~~~~~~~~~~~~~~~~~~^^^^^^^^^
  File "D:\353504_SVIDINSKY_19\IGI\LR5\.venv\Lib\site-packages\django\template\base.py", line 977, in render_annotated
    return self.render(context)
           ~~~~~~~~~~~^^^^^^^^^
  File "D:\353504_SVIDINSKY_19\IGI\LR5\.venv\Lib\site-packages\django\template\loader_tags.py", line 159, in render
    return compiled_parent._render(context)
           ~~~~~~~~~~~~~~~~~~~~~~~^^^^^^^^^
  File "D:\353504_SVIDINSKY_19\IGI\LR5\.venv\Lib\site-packages\django\template\base.py", line 163, in _render
    return self.nodelist.render(context)
           ~~~~~~~~~~~~~~~~~~~~^^^^^^^^^
  File "D:\353504_SVIDINSKY_19\IGI\LR5\.venv\Lib\site-packages\django\template\base.py", line 1016, in render
    return SafeString("".join([node.render_annotated(context) for node in self]))
                               ~~~~~~~~~~~~~~~~~~~~~^^^^^^^^^
  File "D:\353504_SVIDINSKY_19\IGI\LR5\.venv\Lib\site-packages\django\template\base.py", line 977, in render_annotated
    return self.render(context)
           ~~~~~~~~~~~^^^^^^^^^
  File "D:\353504_SVIDINSKY_19\IGI\LR5\.venv\Lib\site-packages\django\template\defaulttags.py", line 327, in render
    return nodelist.render(context)
           ~~~~~~~~~~~~~~~^^^^^^^^^
  File "D:\353504_SVIDINSKY_19\IGI\LR5\.venv\Lib\site-packages\django\template\base.py", line 1016, in render
    return SafeString("".join([node.render_annotated(context) for node in self]))
                               ~~~~~~~~~~~~~~~~~~~~~^^^^^^^^^
  File "D:\353504_SVIDINSKY_19\IGI\LR5\.venv\Lib\site-packages\django\template\base.py", line 977, in render_annotated
    return self.render(context)
           ~~~~~~~~~~~^^^^^^^^^
  File "D:\353504_SVIDINSKY_19\IGI\LR5\.venv\Lib\site-packages\django\template\defaulttags.py", line 327, in render
    return nodelist.render(context)
           ~~~~~~~~~~~~~~~^^^^^^^^^
  File "D:\353504_SVIDINSKY_19\IGI\LR5\.venv\Lib\site-packages\django\template\base.py", line 1016, in render
    return SafeString("".join([node.render_annotated(context) for node in self]))
                               ~~~~~~~~~~~~~~~~~~~~~^^^^^^^^^
  File "D:\353504_SVIDINSKY_19\IGI\LR5\.venv\Lib\site-packages\django\template\base.py", line 977, in render_annotated
    return self.render(context)
           ~~~~~~~~~~~^^^^^^^^^
  File "D:\353504_SVIDINSKY_19\IGI\LR5\.venv\Lib\site-packages\django\template\defaulttags.py", line 480, in render
    url = reverse(view_name, args=args, kwargs=kwargs, current_app=current_app)
  File "D:\353504_SVIDINSKY_19\IGI\LR5\.venv\Lib\site-packages\django\urls\base.py", line 98, in reverse
    resolved_url = resolver._reverse_with_prefix(view, prefix, *args, **kwargs)
  File "D:\353504_SVIDINSKY_19\IGI\LR5\.venv\Lib\site-packages\django\urls\resolvers.py", line 831, in _reverse_with_prefix
    raise NoReverseMatch(msg)
django.urls.exceptions.NoReverseMatch: Reverse for 'couriers_list' not found. 'couriers_list' is not a valid view function or pattern name.
[ERROR] 2025-05-26 20:10:50 "GET / HTTP/1.1" 500 171406
[ERROR] 2025-05-26 20:10:51 Internal Server Error: /
Traceback (most recent call last):
  File "D:\353504_SVIDINSKY_19\IGI\LR5\.venv\Lib\site-packages\django\core\handlers\exception.py", line 55, in inner
    response = get_response(request)
  File "D:\353504_SVIDINSKY_19\IGI\LR5\.venv\Lib\site-packages\django\core\handlers\base.py", line 220, in _get_response
    response = response.render()
  File "D:\353504_SVIDINSKY_19\IGI\LR5\.venv\Lib\site-packages\django\template\response.py", line 114, in render
    self.content = self.rendered_content
                   ^^^^^^^^^^^^^^^^^^^^^
  File "D:\353504_SVIDINSKY_19\IGI\LR5\.venv\Lib\site-packages\django\template\response.py", line 92, in rendered_content
    return template.render(context, self._request)
           ~~~~~~~~~~~~~~~^^^^^^^^^^^^^^^^^^^^^^^^
  File "D:\353504_SVIDINSKY_19\IGI\LR5\.venv\Lib\site-packages\django\template\backends\django.py", line 107, in render
    return self.template.render(context)
           ~~~~~~~~~~~~~~~~~~~~^^^^^^^^^
  File "D:\353504_SVIDINSKY_19\IGI\LR5\.venv\Lib\site-packages\django\template\base.py", line 171, in render
    return self._render(context)
           ~~~~~~~~~~~~^^^^^^^^^
  File "D:\353504_SVIDINSKY_19\IGI\LR5\.venv\Lib\site-packages\django\template\base.py", line 163, in _render
    return self.nodelist.render(context)
           ~~~~~~~~~~~~~~~~~~~~^^^^^^^^^
  File "D:\353504_SVIDINSKY_19\IGI\LR5\.venv\Lib\site-packages\django\template\base.py", line 1016, in render
    return SafeString("".join([node.render_annotated(context) for node in self]))
                               ~~~~~~~~~~~~~~~~~~~~~^^^^^^^^^
  File "D:\353504_SVIDINSKY_19\IGI\LR5\.venv\Lib\site-packages\django\template\base.py", line 977, in render_annotated
    return self.render(context)
           ~~~~~~~~~~~^^^^^^^^^
  File "D:\353504_SVIDINSKY_19\IGI\LR5\.venv\Lib\site-packages\django\template\loader_tags.py", line 159, in render
    return compiled_parent._render(context)
           ~~~~~~~~~~~~~~~~~~~~~~~^^^^^^^^^
  File "D:\353504_SVIDINSKY_19\IGI\LR5\.venv\Lib\site-packages\django\template\base.py", line 163, in _render
    return self.nodelist.render(context)
           ~~~~~~~~~~~~~~~~~~~~^^^^^^^^^
  File "D:\353504_SVIDINSKY_19\IGI\LR5\.venv\Lib\site-packages\django\template\base.py", line 1016, in render
    return SafeString("".join([node.render_annotated(context) for node in self]))
                               ~~~~~~~~~~~~~~~~~~~~~^^^^^^^^^
  File "D:\353504_SVIDINSKY_19\IGI\LR5\.venv\Lib\site-packages\django\template\base.py", line 977, in render_annotated
    return self.render(context)
           ~~~~~~~~~~~^^^^^^^^^
  File "D:\353504_SVIDINSKY_19\IGI\LR5\.venv\Lib\site-packages\django\template\defaulttags.py", line 327, in render
    return nodelist.render(context)
           ~~~~~~~~~~~~~~~^^^^^^^^^
  File "D:\353504_SVIDINSKY_19\IGI\LR5\.venv\Lib\site-packages\django\template\base.py", line 1016, in render
    return SafeString("".join([node.render_annotated(context) for node in self]))
                               ~~~~~~~~~~~~~~~~~~~~~^^^^^^^^^
  File "D:\353504_SVIDINSKY_19\IGI\LR5\.venv\Lib\site-packages\django\template\base.py", line 977, in render_annotated
    return self.render(context)
           ~~~~~~~~~~~^^^^^^^^^
  File "D:\353504_SVIDINSKY_19\IGI\LR5\.venv\Lib\site-packages\django\template\defaulttags.py", line 327, in render
    return nodelist.render(context)
           ~~~~~~~~~~~~~~~^^^^^^^^^
  File "D:\353504_SVIDINSKY_19\IGI\LR5\.venv\Lib\site-packages\django\template\base.py", line 1016, in render
    return SafeString("".join([node.render_annotated(context) for node in self]))
                               ~~~~~~~~~~~~~~~~~~~~~^^^^^^^^^
  File "D:\353504_SVIDINSKY_19\IGI\LR5\.venv\Lib\site-packages\django\template\base.py", line 977, in render_annotated
    return self.render(context)
           ~~~~~~~~~~~^^^^^^^^^
  File "D:\353504_SVIDINSKY_19\IGI\LR5\.venv\Lib\site-packages\django\template\defaulttags.py", line 480, in render
    url = reverse(view_name, args=args, kwargs=kwargs, current_app=current_app)
  File "D:\353504_SVIDINSKY_19\IGI\LR5\.venv\Lib\site-packages\django\urls\base.py", line 98, in reverse
    resolved_url = resolver._reverse_with_prefix(view, prefix, *args, **kwargs)
  File "D:\353504_SVIDINSKY_19\IGI\LR5\.venv\Lib\site-packages\django\urls\resolvers.py", line 831, in _reverse_with_prefix
    raise NoReverseMatch(msg)
django.urls.exceptions.NoReverseMatch: Reverse for 'couriers_list' not found. 'couriers_list' is not a valid view function or pattern name.
[ERROR] 2025-05-26 20:10:51 "GET / HTTP/1.1" 500 171543
[ERROR] 2025-05-26 20:10:52 Internal Server Error: /
Traceback (most recent call last):
  File "D:\353504_SVIDINSKY_19\IGI\LR5\.venv\Lib\site-packages\django\core\handlers\exception.py", line 55, in inner
    response = get_response(request)
  File "D:\353504_SVIDINSKY_19\IGI\LR5\.venv\Lib\site-packages\django\core\handlers\base.py", line 220, in _get_response
    response = response.render()
  File "D:\353504_SVIDINSKY_19\IGI\LR5\.venv\Lib\site-packages\django\template\response.py", line 114, in render
    self.content = self.rendered_content
                   ^^^^^^^^^^^^^^^^^^^^^
  File "D:\353504_SVIDINSKY_19\IGI\LR5\.venv\Lib\site-packages\django\template\response.py", line 92, in rendered_content
    return template.render(context, self._request)
           ~~~~~~~~~~~~~~~^^^^^^^^^^^^^^^^^^^^^^^^
  File "D:\353504_SVIDINSKY_19\IGI\LR5\.venv\Lib\site-packages\django\template\backends\django.py", line 107, in render
    return self.template.render(context)
           ~~~~~~~~~~~~~~~~~~~~^^^^^^^^^
  File "D:\353504_SVIDINSKY_19\IGI\LR5\.venv\Lib\site-packages\django\template\base.py", line 171, in render
    return self._render(context)
           ~~~~~~~~~~~~^^^^^^^^^
  File "D:\353504_SVIDINSKY_19\IGI\LR5\.venv\Lib\site-packages\django\template\base.py", line 163, in _render
    return self.nodelist.render(context)
           ~~~~~~~~~~~~~~~~~~~~^^^^^^^^^
  File "D:\353504_SVIDINSKY_19\IGI\LR5\.venv\Lib\site-packages\django\template\base.py", line 1016, in render
    return SafeString("".join([node.render_annotated(context) for node in self]))
                               ~~~~~~~~~~~~~~~~~~~~~^^^^^^^^^
  File "D:\353504_SVIDINSKY_19\IGI\LR5\.venv\Lib\site-packages\django\template\base.py", line 977, in render_annotated
    return self.render(context)
           ~~~~~~~~~~~^^^^^^^^^
  File "D:\353504_SVIDINSKY_19\IGI\LR5\.venv\Lib\site-packages\django\template\loader_tags.py", line 159, in render
    return compiled_parent._render(context)
           ~~~~~~~~~~~~~~~~~~~~~~~^^^^^^^^^
  File "D:\353504_SVIDINSKY_19\IGI\LR5\.venv\Lib\site-packages\django\template\base.py", line 163, in _render
    return self.nodelist.render(context)
           ~~~~~~~~~~~~~~~~~~~~^^^^^^^^^
  File "D:\353504_SVIDINSKY_19\IGI\LR5\.venv\Lib\site-packages\django\template\base.py", line 1016, in render
    return SafeString("".join([node.render_annotated(context) for node in self]))
                               ~~~~~~~~~~~~~~~~~~~~~^^^^^^^^^
  File "D:\353504_SVIDINSKY_19\IGI\LR5\.venv\Lib\site-packages\django\template\base.py", line 977, in render_annotated
    return self.render(context)
           ~~~~~~~~~~~^^^^^^^^^
  File "D:\353504_SVIDINSKY_19\IGI\LR5\.venv\Lib\site-packages\django\template\defaulttags.py", line 327, in render
    return nodelist.render(context)
           ~~~~~~~~~~~~~~~^^^^^^^^^
  File "D:\353504_SVIDINSKY_19\IGI\LR5\.venv\Lib\site-packages\django\template\base.py", line 1016, in render
    return SafeString("".join([node.render_annotated(context) for node in self]))
                               ~~~~~~~~~~~~~~~~~~~~~^^^^^^^^^
  File "D:\353504_SVIDINSKY_19\IGI\LR5\.venv\Lib\site-packages\django\template\base.py", line 977, in render_annotated
    return self.render(context)
           ~~~~~~~~~~~^^^^^^^^^
  File "D:\353504_SVIDINSKY_19\IGI\LR5\.venv\Lib\site-packages\django\template\defaulttags.py", line 327, in render
    return nodelist.render(context)
           ~~~~~~~~~~~~~~~^^^^^^^^^
  File "D:\353504_SVIDINSKY_19\IGI\LR5\.venv\Lib\site-packages\django\template\base.py", line 1016, in render
    return SafeString("".join([node.render_annotated(context) for node in self]))
                               ~~~~~~~~~~~~~~~~~~~~~^^^^^^^^^
  File "D:\353504_SVIDINSKY_19\IGI\LR5\.venv\Lib\site-packages\django\template\base.py", line 977, in render_annotated
    return self.render(context)
           ~~~~~~~~~~~^^^^^^^^^
  File "D:\353504_SVIDINSKY_19\IGI\LR5\.venv\Lib\site-packages\django\template\defaulttags.py", line 480, in render
    url = reverse(view_name, args=args, kwargs=kwargs, current_app=current_app)
  File "D:\353504_SVIDINSKY_19\IGI\LR5\.venv\Lib\site-packages\django\urls\base.py", line 98, in reverse
    resolved_url = resolver._reverse_with_prefix(view, prefix, *args, **kwargs)
  File "D:\353504_SVIDINSKY_19\IGI\LR5\.venv\Lib\site-packages\django\urls\resolvers.py", line 831, in _reverse_with_prefix
    raise NoReverseMatch(msg)
django.urls.exceptions.NoReverseMatch: Reverse for 'couriers_list' not found. 'couriers_list' is not a valid view function or pattern name.
[ERROR] 2025-05-26 20:10:52 "GET / HTTP/1.1" 500 171543
[ERROR] 2025-05-26 20:10:52 Internal Server Error: /
Traceback (most recent call last):
  File "D:\353504_SVIDINSKY_19\IGI\LR5\.venv\Lib\site-packages\django\core\handlers\exception.py", line 55, in inner
    response = get_response(request)
  File "D:\353504_SVIDINSKY_19\IGI\LR5\.venv\Lib\site-packages\django\core\handlers\base.py", line 220, in _get_response
    response = response.render()
  File "D:\353504_SVIDINSKY_19\IGI\LR5\.venv\Lib\site-packages\django\template\response.py", line 114, in render
    self.content = self.rendered_content
                   ^^^^^^^^^^^^^^^^^^^^^
  File "D:\353504_SVIDINSKY_19\IGI\LR5\.venv\Lib\site-packages\django\template\response.py", line 92, in rendered_content
    return template.render(context, self._request)
           ~~~~~~~~~~~~~~~^^^^^^^^^^^^^^^^^^^^^^^^
  File "D:\353504_SVIDINSKY_19\IGI\LR5\.venv\Lib\site-packages\django\template\backends\django.py", line 107, in render
    return self.template.render(context)
           ~~~~~~~~~~~~~~~~~~~~^^^^^^^^^
  File "D:\353504_SVIDINSKY_19\IGI\LR5\.venv\Lib\site-packages\django\template\base.py", line 171, in render
    return self._render(context)
           ~~~~~~~~~~~~^^^^^^^^^
  File "D:\353504_SVIDINSKY_19\IGI\LR5\.venv\Lib\site-packages\django\template\base.py", line 163, in _render
    return self.nodelist.render(context)
           ~~~~~~~~~~~~~~~~~~~~^^^^^^^^^
  File "D:\353504_SVIDINSKY_19\IGI\LR5\.venv\Lib\site-packages\django\template\base.py", line 1016, in render
    return SafeString("".join([node.render_annotated(context) for node in self]))
                               ~~~~~~~~~~~~~~~~~~~~~^^^^^^^^^
  File "D:\353504_SVIDINSKY_19\IGI\LR5\.venv\Lib\site-packages\django\template\base.py", line 977, in render_annotated
    return self.render(context)
           ~~~~~~~~~~~^^^^^^^^^
  File "D:\353504_SVIDINSKY_19\IGI\LR5\.venv\Lib\site-packages\django\template\loader_tags.py", line 159, in render
    return compiled_parent._render(context)
           ~~~~~~~~~~~~~~~~~~~~~~~^^^^^^^^^
  File "D:\353504_SVIDINSKY_19\IGI\LR5\.venv\Lib\site-packages\django\template\base.py", line 163, in _render
    return self.nodelist.render(context)
           ~~~~~~~~~~~~~~~~~~~~^^^^^^^^^
  File "D:\353504_SVIDINSKY_19\IGI\LR5\.venv\Lib\site-packages\django\template\base.py", line 1016, in render
    return SafeString("".join([node.render_annotated(context) for node in self]))
                               ~~~~~~~~~~~~~~~~~~~~~^^^^^^^^^
  File "D:\353504_SVIDINSKY_19\IGI\LR5\.venv\Lib\site-packages\django\template\base.py", line 977, in render_annotated
    return self.render(context)
           ~~~~~~~~~~~^^^^^^^^^
  File "D:\353504_SVIDINSKY_19\IGI\LR5\.venv\Lib\site-packages\django\template\defaulttags.py", line 327, in render
    return nodelist.render(context)
           ~~~~~~~~~~~~~~~^^^^^^^^^
  File "D:\353504_SVIDINSKY_19\IGI\LR5\.venv\Lib\site-packages\django\template\base.py", line 1016, in render
    return SafeString("".join([node.render_annotated(context) for node in self]))
                               ~~~~~~~~~~~~~~~~~~~~~^^^^^^^^^
  File "D:\353504_SVIDINSKY_19\IGI\LR5\.venv\Lib\site-packages\django\template\base.py", line 977, in render_annotated
    return self.render(context)
           ~~~~~~~~~~~^^^^^^^^^
  File "D:\353504_SVIDINSKY_19\IGI\LR5\.venv\Lib\site-packages\django\template\defaulttags.py", line 327, in render
    return nodelist.render(context)
           ~~~~~~~~~~~~~~~^^^^^^^^^
  File "D:\353504_SVIDINSKY_19\IGI\LR5\.venv\Lib\site-packages\django\template\base.py", line 1016, in render
    return SafeString("".join([node.render_annotated(context) for node in self]))
                               ~~~~~~~~~~~~~~~~~~~~~^^^^^^^^^
  File "D:\353504_SVIDINSKY_19\IGI\LR5\.venv\Lib\site-packages\django\template\base.py", line 977, in render_annotated
    return self.render(context)
           ~~~~~~~~~~~^^^^^^^^^
  File "D:\353504_SVIDINSKY_19\IGI\LR5\.venv\Lib\site-packages\django\template\defaulttags.py", line 480, in render
    url = reverse(view_name, args=args, kwargs=kwargs, current_app=current_app)
  File "D:\353504_SVIDINSKY_19\IGI\LR5\.venv\Lib\site-packages\django\urls\base.py", line 98, in reverse
    resolved_url = resolver._reverse_with_prefix(view, prefix, *args, **kwargs)
  File "D:\353504_SVIDINSKY_19\IGI\LR5\.venv\Lib\site-packages\django\urls\resolvers.py", line 831, in _reverse_with_prefix
    raise NoReverseMatch(msg)
django.urls.exceptions.NoReverseMatch: Reverse for 'couriers_list' not found. 'couriers_list' is not a valid view function or pattern name.
[ERROR] 2025-05-26 20:10:52 "GET / HTTP/1.1" 500 171543
[INFO] 2025-05-26 20:11:03 "GET /admin/ HTTP/1.1" 200 20998
[INFO] 2025-05-26 20:11:08 "GET /admin/pizza/courier/ HTTP/1.1" 200 16867
[INFO] 2025-05-26 20:11:08 "GET /admin/jsi18n/ HTTP/1.1" 200 3342
[INFO] 2025-05-26 20:11:10 "GET /admin/pizza/courier/add/ HTTP/1.1" 200 21303
[INFO] 2025-05-26 20:11:10 "GET /admin/jsi18n/ HTTP/1.1" 200 3342
[INFO] 2025-05-26 20:11:12 "GET /admin/auth/user/add/?_to_field=id&_popup=1 HTTP/1.1" 200 8107
[INFO] 2025-05-26 20:11:12 "GET /admin/jsi18n/ HTTP/1.1" 200 3342
[INFO] 2025-05-26 20:11:12 "GET /static/admin/js/unusable_password_field.js HTTP/1.1" 200 1480
[INFO] 2025-05-26 20:11:12 "GET /static/admin/css/unusable_password_field.css HTTP/1.1" 200 663
[INFO] 2025-05-26 20:11:36 "POST /admin/auth/user/add/?_to_field=id&_popup=1 HTTP/1.1" 200 325
[INFO] 2025-05-26 20:11:36 "GET /static/admin/js/popup_response.js HTTP/1.1" 200 532
[INFO] 2025-05-26 20:11:59 "POST /admin/pizza/courier/add/ HTTP/1.1" 302 0
[INFO] 2025-05-26 20:11:59 "GET /admin/pizza/courier/ HTTP/1.1" 200 17325
[INFO] 2025-05-26 20:11:59 "GET /admin/jsi18n/ HTTP/1.1" 200 3342
[INFO] 2025-05-26 20:12:01 "GET /admin/pizza/courier/add/ HTTP/1.1" 200 21339
[INFO] 2025-05-26 20:12:02 "GET /admin/pizza/courier/ HTTP/1.1" 200 17127
[INFO] 2025-05-26 20:12:02 "GET /admin/ HTTP/1.1" 200 20978
[INFO] 2025-05-26 20:12:03 "GET /admin/ HTTP/1.1" 200 20978
[ERROR] 2025-05-26 20:12:05 Internal Server Error: /
Traceback (most recent call last):
  File "D:\353504_SVIDINSKY_19\IGI\LR5\.venv\Lib\site-packages\django\core\handlers\exception.py", line 55, in inner
    response = get_response(request)
  File "D:\353504_SVIDINSKY_19\IGI\LR5\.venv\Lib\site-packages\django\core\handlers\base.py", line 220, in _get_response
    response = response.render()
  File "D:\353504_SVIDINSKY_19\IGI\LR5\.venv\Lib\site-packages\django\template\response.py", line 114, in render
    self.content = self.rendered_content
                   ^^^^^^^^^^^^^^^^^^^^^
  File "D:\353504_SVIDINSKY_19\IGI\LR5\.venv\Lib\site-packages\django\template\response.py", line 92, in rendered_content
    return template.render(context, self._request)
           ~~~~~~~~~~~~~~~^^^^^^^^^^^^^^^^^^^^^^^^
  File "D:\353504_SVIDINSKY_19\IGI\LR5\.venv\Lib\site-packages\django\template\backends\django.py", line 107, in render
    return self.template.render(context)
           ~~~~~~~~~~~~~~~~~~~~^^^^^^^^^
  File "D:\353504_SVIDINSKY_19\IGI\LR5\.venv\Lib\site-packages\django\template\base.py", line 171, in render
    return self._render(context)
           ~~~~~~~~~~~~^^^^^^^^^
  File "D:\353504_SVIDINSKY_19\IGI\LR5\.venv\Lib\site-packages\django\template\base.py", line 163, in _render
    return self.nodelist.render(context)
           ~~~~~~~~~~~~~~~~~~~~^^^^^^^^^
  File "D:\353504_SVIDINSKY_19\IGI\LR5\.venv\Lib\site-packages\django\template\base.py", line 1016, in render
    return SafeString("".join([node.render_annotated(context) for node in self]))
                               ~~~~~~~~~~~~~~~~~~~~~^^^^^^^^^
  File "D:\353504_SVIDINSKY_19\IGI\LR5\.venv\Lib\site-packages\django\template\base.py", line 977, in render_annotated
    return self.render(context)
           ~~~~~~~~~~~^^^^^^^^^
  File "D:\353504_SVIDINSKY_19\IGI\LR5\.venv\Lib\site-packages\django\template\loader_tags.py", line 159, in render
    return compiled_parent._render(context)
           ~~~~~~~~~~~~~~~~~~~~~~~^^^^^^^^^
  File "D:\353504_SVIDINSKY_19\IGI\LR5\.venv\Lib\site-packages\django\template\base.py", line 163, in _render
    return self.nodelist.render(context)
           ~~~~~~~~~~~~~~~~~~~~^^^^^^^^^
  File "D:\353504_SVIDINSKY_19\IGI\LR5\.venv\Lib\site-packages\django\template\base.py", line 1016, in render
    return SafeString("".join([node.render_annotated(context) for node in self]))
                               ~~~~~~~~~~~~~~~~~~~~~^^^^^^^^^
  File "D:\353504_SVIDINSKY_19\IGI\LR5\.venv\Lib\site-packages\django\template\base.py", line 977, in render_annotated
    return self.render(context)
           ~~~~~~~~~~~^^^^^^^^^
  File "D:\353504_SVIDINSKY_19\IGI\LR5\.venv\Lib\site-packages\django\template\defaulttags.py", line 327, in render
    return nodelist.render(context)
           ~~~~~~~~~~~~~~~^^^^^^^^^
  File "D:\353504_SVIDINSKY_19\IGI\LR5\.venv\Lib\site-packages\django\template\base.py", line 1016, in render
    return SafeString("".join([node.render_annotated(context) for node in self]))
                               ~~~~~~~~~~~~~~~~~~~~~^^^^^^^^^
  File "D:\353504_SVIDINSKY_19\IGI\LR5\.venv\Lib\site-packages\django\template\base.py", line 977, in render_annotated
    return self.render(context)
           ~~~~~~~~~~~^^^^^^^^^
  File "D:\353504_SVIDINSKY_19\IGI\LR5\.venv\Lib\site-packages\django\template\defaulttags.py", line 327, in render
    return nodelist.render(context)
           ~~~~~~~~~~~~~~~^^^^^^^^^
  File "D:\353504_SVIDINSKY_19\IGI\LR5\.venv\Lib\site-packages\django\template\base.py", line 1016, in render
    return SafeString("".join([node.render_annotated(context) for node in self]))
                               ~~~~~~~~~~~~~~~~~~~~~^^^^^^^^^
  File "D:\353504_SVIDINSKY_19\IGI\LR5\.venv\Lib\site-packages\django\template\base.py", line 977, in render_annotated
    return self.render(context)
           ~~~~~~~~~~~^^^^^^^^^
  File "D:\353504_SVIDINSKY_19\IGI\LR5\.venv\Lib\site-packages\django\template\defaulttags.py", line 480, in render
    url = reverse(view_name, args=args, kwargs=kwargs, current_app=current_app)
  File "D:\353504_SVIDINSKY_19\IGI\LR5\.venv\Lib\site-packages\django\urls\base.py", line 98, in reverse
    resolved_url = resolver._reverse_with_prefix(view, prefix, *args, **kwargs)
  File "D:\353504_SVIDINSKY_19\IGI\LR5\.venv\Lib\site-packages\django\urls\resolvers.py", line 831, in _reverse_with_prefix
    raise NoReverseMatch(msg)
django.urls.exceptions.NoReverseMatch: Reverse for 'couriers_list' not found. 'couriers_list' is not a valid view function or pattern name.
[ERROR] 2025-05-26 20:12:05 "GET / HTTP/1.1" 500 171519
[ERROR] 2025-05-26 20:12:06 Internal Server Error: /
Traceback (most recent call last):
  File "D:\353504_SVIDINSKY_19\IGI\LR5\.venv\Lib\site-packages\django\core\handlers\exception.py", line 55, in inner
    response = get_response(request)
  File "D:\353504_SVIDINSKY_19\IGI\LR5\.venv\Lib\site-packages\django\core\handlers\base.py", line 220, in _get_response
    response = response.render()
  File "D:\353504_SVIDINSKY_19\IGI\LR5\.venv\Lib\site-packages\django\template\response.py", line 114, in render
    self.content = self.rendered_content
                   ^^^^^^^^^^^^^^^^^^^^^
  File "D:\353504_SVIDINSKY_19\IGI\LR5\.venv\Lib\site-packages\django\template\response.py", line 92, in rendered_content
    return template.render(context, self._request)
           ~~~~~~~~~~~~~~~^^^^^^^^^^^^^^^^^^^^^^^^
  File "D:\353504_SVIDINSKY_19\IGI\LR5\.venv\Lib\site-packages\django\template\backends\django.py", line 107, in render
    return self.template.render(context)
           ~~~~~~~~~~~~~~~~~~~~^^^^^^^^^
  File "D:\353504_SVIDINSKY_19\IGI\LR5\.venv\Lib\site-packages\django\template\base.py", line 171, in render
    return self._render(context)
           ~~~~~~~~~~~~^^^^^^^^^
  File "D:\353504_SVIDINSKY_19\IGI\LR5\.venv\Lib\site-packages\django\template\base.py", line 163, in _render
    return self.nodelist.render(context)
           ~~~~~~~~~~~~~~~~~~~~^^^^^^^^^
  File "D:\353504_SVIDINSKY_19\IGI\LR5\.venv\Lib\site-packages\django\template\base.py", line 1016, in render
    return SafeString("".join([node.render_annotated(context) for node in self]))
                               ~~~~~~~~~~~~~~~~~~~~~^^^^^^^^^
  File "D:\353504_SVIDINSKY_19\IGI\LR5\.venv\Lib\site-packages\django\template\base.py", line 977, in render_annotated
    return self.render(context)
           ~~~~~~~~~~~^^^^^^^^^
  File "D:\353504_SVIDINSKY_19\IGI\LR5\.venv\Lib\site-packages\django\template\loader_tags.py", line 159, in render
    return compiled_parent._render(context)
           ~~~~~~~~~~~~~~~~~~~~~~~^^^^^^^^^
  File "D:\353504_SVIDINSKY_19\IGI\LR5\.venv\Lib\site-packages\django\template\base.py", line 163, in _render
    return self.nodelist.render(context)
           ~~~~~~~~~~~~~~~~~~~~^^^^^^^^^
  File "D:\353504_SVIDINSKY_19\IGI\LR5\.venv\Lib\site-packages\django\template\base.py", line 1016, in render
    return SafeString("".join([node.render_annotated(context) for node in self]))
                               ~~~~~~~~~~~~~~~~~~~~~^^^^^^^^^
  File "D:\353504_SVIDINSKY_19\IGI\LR5\.venv\Lib\site-packages\django\template\base.py", line 977, in render_annotated
    return self.render(context)
           ~~~~~~~~~~~^^^^^^^^^
  File "D:\353504_SVIDINSKY_19\IGI\LR5\.venv\Lib\site-packages\django\template\defaulttags.py", line 327, in render
    return nodelist.render(context)
           ~~~~~~~~~~~~~~~^^^^^^^^^
  File "D:\353504_SVIDINSKY_19\IGI\LR5\.venv\Lib\site-packages\django\template\base.py", line 1016, in render
    return SafeString("".join([node.render_annotated(context) for node in self]))
                               ~~~~~~~~~~~~~~~~~~~~~^^^^^^^^^
  File "D:\353504_SVIDINSKY_19\IGI\LR5\.venv\Lib\site-packages\django\template\base.py", line 977, in render_annotated
    return self.render(context)
           ~~~~~~~~~~~^^^^^^^^^
  File "D:\353504_SVIDINSKY_19\IGI\LR5\.venv\Lib\site-packages\django\template\defaulttags.py", line 327, in render
    return nodelist.render(context)
           ~~~~~~~~~~~~~~~^^^^^^^^^
  File "D:\353504_SVIDINSKY_19\IGI\LR5\.venv\Lib\site-packages\django\template\base.py", line 1016, in render
    return SafeString("".join([node.render_annotated(context) for node in self]))
                               ~~~~~~~~~~~~~~~~~~~~~^^^^^^^^^
  File "D:\353504_SVIDINSKY_19\IGI\LR5\.venv\Lib\site-packages\django\template\base.py", line 977, in render_annotated
    return self.render(context)
           ~~~~~~~~~~~^^^^^^^^^
  File "D:\353504_SVIDINSKY_19\IGI\LR5\.venv\Lib\site-packages\django\template\defaulttags.py", line 480, in render
    url = reverse(view_name, args=args, kwargs=kwargs, current_app=current_app)
  File "D:\353504_SVIDINSKY_19\IGI\LR5\.venv\Lib\site-packages\django\urls\base.py", line 98, in reverse
    resolved_url = resolver._reverse_with_prefix(view, prefix, *args, **kwargs)
  File "D:\353504_SVIDINSKY_19\IGI\LR5\.venv\Lib\site-packages\django\urls\resolvers.py", line 831, in _reverse_with_prefix
    raise NoReverseMatch(msg)
django.urls.exceptions.NoReverseMatch: Reverse for 'couriers_list' not found. 'couriers_list' is not a valid view function or pattern name.
[ERROR] 2025-05-26 20:12:06 "GET / HTTP/1.1" 500 171245
[INFO] 2025-05-26 20:13:48 D:\353504_SVIDINSKY_19\IGI\LR5\pizza\urls.py changed, reloading.
[INFO] 2025-05-26 20:13:48 Watching for file changes with StatReloader
[INFO] 2025-05-26 20:13:55 D:\353504_SVIDINSKY_19\IGI\LR5\pizza\views.py changed, reloading.
[INFO] 2025-05-26 20:13:55 Watching for file changes with StatReloader
[INFO] 2025-05-26 20:14:50 D:\353504_SVIDINSKY_19\IGI\LR5\pizza\urls.py changed, reloading.
[INFO] 2025-05-26 20:14:51 Watching for file changes with StatReloader
[ERROR] 2025-05-26 20:14:54 Internal Server Error: /
Traceback (most recent call last):
  File "D:\353504_SVIDINSKY_19\IGI\LR5\.venv\Lib\site-packages\django\core\handlers\exception.py", line 55, in inner
    response = get_response(request)
  File "D:\353504_SVIDINSKY_19\IGI\LR5\.venv\Lib\site-packages\django\core\handlers\base.py", line 220, in _get_response
    response = response.render()
  File "D:\353504_SVIDINSKY_19\IGI\LR5\.venv\Lib\site-packages\django\template\response.py", line 114, in render
    self.content = self.rendered_content
                   ^^^^^^^^^^^^^^^^^^^^^
  File "D:\353504_SVIDINSKY_19\IGI\LR5\.venv\Lib\site-packages\django\template\response.py", line 92, in rendered_content
    return template.render(context, self._request)
           ~~~~~~~~~~~~~~~^^^^^^^^^^^^^^^^^^^^^^^^
  File "D:\353504_SVIDINSKY_19\IGI\LR5\.venv\Lib\site-packages\django\template\backends\django.py", line 107, in render
    return self.template.render(context)
           ~~~~~~~~~~~~~~~~~~~~^^^^^^^^^
  File "D:\353504_SVIDINSKY_19\IGI\LR5\.venv\Lib\site-packages\django\template\base.py", line 171, in render
    return self._render(context)
           ~~~~~~~~~~~~^^^^^^^^^
  File "D:\353504_SVIDINSKY_19\IGI\LR5\.venv\Lib\site-packages\django\template\base.py", line 163, in _render
    return self.nodelist.render(context)
           ~~~~~~~~~~~~~~~~~~~~^^^^^^^^^
  File "D:\353504_SVIDINSKY_19\IGI\LR5\.venv\Lib\site-packages\django\template\base.py", line 1016, in render
    return SafeString("".join([node.render_annotated(context) for node in self]))
                               ~~~~~~~~~~~~~~~~~~~~~^^^^^^^^^
  File "D:\353504_SVIDINSKY_19\IGI\LR5\.venv\Lib\site-packages\django\template\base.py", line 977, in render_annotated
    return self.render(context)
           ~~~~~~~~~~~^^^^^^^^^
  File "D:\353504_SVIDINSKY_19\IGI\LR5\.venv\Lib\site-packages\django\template\loader_tags.py", line 159, in render
    return compiled_parent._render(context)
           ~~~~~~~~~~~~~~~~~~~~~~~^^^^^^^^^
  File "D:\353504_SVIDINSKY_19\IGI\LR5\.venv\Lib\site-packages\django\template\base.py", line 163, in _render
    return self.nodelist.render(context)
           ~~~~~~~~~~~~~~~~~~~~^^^^^^^^^
  File "D:\353504_SVIDINSKY_19\IGI\LR5\.venv\Lib\site-packages\django\template\base.py", line 1016, in render
    return SafeString("".join([node.render_annotated(context) for node in self]))
                               ~~~~~~~~~~~~~~~~~~~~~^^^^^^^^^
  File "D:\353504_SVIDINSKY_19\IGI\LR5\.venv\Lib\site-packages\django\template\base.py", line 977, in render_annotated
    return self.render(context)
           ~~~~~~~~~~~^^^^^^^^^
  File "D:\353504_SVIDINSKY_19\IGI\LR5\.venv\Lib\site-packages\django\template\defaulttags.py", line 327, in render
    return nodelist.render(context)
           ~~~~~~~~~~~~~~~^^^^^^^^^
  File "D:\353504_SVIDINSKY_19\IGI\LR5\.venv\Lib\site-packages\django\template\base.py", line 1016, in render
    return SafeString("".join([node.render_annotated(context) for node in self]))
                               ~~~~~~~~~~~~~~~~~~~~~^^^^^^^^^
  File "D:\353504_SVIDINSKY_19\IGI\LR5\.venv\Lib\site-packages\django\template\base.py", line 977, in render_annotated
    return self.render(context)
           ~~~~~~~~~~~^^^^^^^^^
  File "D:\353504_SVIDINSKY_19\IGI\LR5\.venv\Lib\site-packages\django\template\defaulttags.py", line 480, in render
    url = reverse(view_name, args=args, kwargs=kwargs, current_app=current_app)
  File "D:\353504_SVIDINSKY_19\IGI\LR5\.venv\Lib\site-packages\django\urls\base.py", line 98, in reverse
    resolved_url = resolver._reverse_with_prefix(view, prefix, *args, **kwargs)
  File "D:\353504_SVIDINSKY_19\IGI\LR5\.venv\Lib\site-packages\django\urls\resolvers.py", line 831, in _reverse_with_prefix
    raise NoReverseMatch(msg)
django.urls.exceptions.NoReverseMatch: Reverse for 'my_orders' not found. 'my_orders' is not a valid view function or pattern name.
[ERROR] 2025-05-26 20:14:54 "GET / HTTP/1.1" 500 155995
[ERROR] 2025-05-26 20:14:55 Internal Server Error: /
Traceback (most recent call last):
  File "D:\353504_SVIDINSKY_19\IGI\LR5\.venv\Lib\site-packages\django\core\handlers\exception.py", line 55, in inner
    response = get_response(request)
  File "D:\353504_SVIDINSKY_19\IGI\LR5\.venv\Lib\site-packages\django\core\handlers\base.py", line 220, in _get_response
    response = response.render()
  File "D:\353504_SVIDINSKY_19\IGI\LR5\.venv\Lib\site-packages\django\template\response.py", line 114, in render
    self.content = self.rendered_content
                   ^^^^^^^^^^^^^^^^^^^^^
  File "D:\353504_SVIDINSKY_19\IGI\LR5\.venv\Lib\site-packages\django\template\response.py", line 92, in rendered_content
    return template.render(context, self._request)
           ~~~~~~~~~~~~~~~^^^^^^^^^^^^^^^^^^^^^^^^
  File "D:\353504_SVIDINSKY_19\IGI\LR5\.venv\Lib\site-packages\django\template\backends\django.py", line 107, in render
    return self.template.render(context)
           ~~~~~~~~~~~~~~~~~~~~^^^^^^^^^
  File "D:\353504_SVIDINSKY_19\IGI\LR5\.venv\Lib\site-packages\django\template\base.py", line 171, in render
    return self._render(context)
           ~~~~~~~~~~~~^^^^^^^^^
  File "D:\353504_SVIDINSKY_19\IGI\LR5\.venv\Lib\site-packages\django\template\base.py", line 163, in _render
    return self.nodelist.render(context)
           ~~~~~~~~~~~~~~~~~~~~^^^^^^^^^
  File "D:\353504_SVIDINSKY_19\IGI\LR5\.venv\Lib\site-packages\django\template\base.py", line 1016, in render
    return SafeString("".join([node.render_annotated(context) for node in self]))
                               ~~~~~~~~~~~~~~~~~~~~~^^^^^^^^^
  File "D:\353504_SVIDINSKY_19\IGI\LR5\.venv\Lib\site-packages\django\template\base.py", line 977, in render_annotated
    return self.render(context)
           ~~~~~~~~~~~^^^^^^^^^
  File "D:\353504_SVIDINSKY_19\IGI\LR5\.venv\Lib\site-packages\django\template\loader_tags.py", line 159, in render
    return compiled_parent._render(context)
           ~~~~~~~~~~~~~~~~~~~~~~~^^^^^^^^^
  File "D:\353504_SVIDINSKY_19\IGI\LR5\.venv\Lib\site-packages\django\template\base.py", line 163, in _render
    return self.nodelist.render(context)
           ~~~~~~~~~~~~~~~~~~~~^^^^^^^^^
  File "D:\353504_SVIDINSKY_19\IGI\LR5\.venv\Lib\site-packages\django\template\base.py", line 1016, in render
    return SafeString("".join([node.render_annotated(context) for node in self]))
                               ~~~~~~~~~~~~~~~~~~~~~^^^^^^^^^
  File "D:\353504_SVIDINSKY_19\IGI\LR5\.venv\Lib\site-packages\django\template\base.py", line 977, in render_annotated
    return self.render(context)
           ~~~~~~~~~~~^^^^^^^^^
  File "D:\353504_SVIDINSKY_19\IGI\LR5\.venv\Lib\site-packages\django\template\defaulttags.py", line 327, in render
    return nodelist.render(context)
           ~~~~~~~~~~~~~~~^^^^^^^^^
  File "D:\353504_SVIDINSKY_19\IGI\LR5\.venv\Lib\site-packages\django\template\base.py", line 1016, in render
    return SafeString("".join([node.render_annotated(context) for node in self]))
                               ~~~~~~~~~~~~~~~~~~~~~^^^^^^^^^
  File "D:\353504_SVIDINSKY_19\IGI\LR5\.venv\Lib\site-packages\django\template\base.py", line 977, in render_annotated
    return self.render(context)
           ~~~~~~~~~~~^^^^^^^^^
  File "D:\353504_SVIDINSKY_19\IGI\LR5\.venv\Lib\site-packages\django\template\defaulttags.py", line 480, in render
    url = reverse(view_name, args=args, kwargs=kwargs, current_app=current_app)
  File "D:\353504_SVIDINSKY_19\IGI\LR5\.venv\Lib\site-packages\django\urls\base.py", line 98, in reverse
    resolved_url = resolver._reverse_with_prefix(view, prefix, *args, **kwargs)
  File "D:\353504_SVIDINSKY_19\IGI\LR5\.venv\Lib\site-packages\django\urls\resolvers.py", line 831, in _reverse_with_prefix
    raise NoReverseMatch(msg)
django.urls.exceptions.NoReverseMatch: Reverse for 'my_orders' not found. 'my_orders' is not a valid view function or pattern name.
[ERROR] 2025-05-26 20:14:55 "GET / HTTP/1.1" 500 155995
[ERROR] 2025-05-26 20:14:56 Internal Server Error: /
Traceback (most recent call last):
  File "D:\353504_SVIDINSKY_19\IGI\LR5\.venv\Lib\site-packages\django\core\handlers\exception.py", line 55, in inner
    response = get_response(request)
  File "D:\353504_SVIDINSKY_19\IGI\LR5\.venv\Lib\site-packages\django\core\handlers\base.py", line 220, in _get_response
    response = response.render()
  File "D:\353504_SVIDINSKY_19\IGI\LR5\.venv\Lib\site-packages\django\template\response.py", line 114, in render
    self.content = self.rendered_content
                   ^^^^^^^^^^^^^^^^^^^^^
  File "D:\353504_SVIDINSKY_19\IGI\LR5\.venv\Lib\site-packages\django\template\response.py", line 92, in rendered_content
    return template.render(context, self._request)
           ~~~~~~~~~~~~~~~^^^^^^^^^^^^^^^^^^^^^^^^
  File "D:\353504_SVIDINSKY_19\IGI\LR5\.venv\Lib\site-packages\django\template\backends\django.py", line 107, in render
    return self.template.render(context)
           ~~~~~~~~~~~~~~~~~~~~^^^^^^^^^
  File "D:\353504_SVIDINSKY_19\IGI\LR5\.venv\Lib\site-packages\django\template\base.py", line 171, in render
    return self._render(context)
           ~~~~~~~~~~~~^^^^^^^^^
  File "D:\353504_SVIDINSKY_19\IGI\LR5\.venv\Lib\site-packages\django\template\base.py", line 163, in _render
    return self.nodelist.render(context)
           ~~~~~~~~~~~~~~~~~~~~^^^^^^^^^
  File "D:\353504_SVIDINSKY_19\IGI\LR5\.venv\Lib\site-packages\django\template\base.py", line 1016, in render
    return SafeString("".join([node.render_annotated(context) for node in self]))
                               ~~~~~~~~~~~~~~~~~~~~~^^^^^^^^^
  File "D:\353504_SVIDINSKY_19\IGI\LR5\.venv\Lib\site-packages\django\template\base.py", line 977, in render_annotated
    return self.render(context)
           ~~~~~~~~~~~^^^^^^^^^
  File "D:\353504_SVIDINSKY_19\IGI\LR5\.venv\Lib\site-packages\django\template\loader_tags.py", line 159, in render
    return compiled_parent._render(context)
           ~~~~~~~~~~~~~~~~~~~~~~~^^^^^^^^^
  File "D:\353504_SVIDINSKY_19\IGI\LR5\.venv\Lib\site-packages\django\template\base.py", line 163, in _render
    return self.nodelist.render(context)
           ~~~~~~~~~~~~~~~~~~~~^^^^^^^^^
  File "D:\353504_SVIDINSKY_19\IGI\LR5\.venv\Lib\site-packages\django\template\base.py", line 1016, in render
    return SafeString("".join([node.render_annotated(context) for node in self]))
                               ~~~~~~~~~~~~~~~~~~~~~^^^^^^^^^
  File "D:\353504_SVIDINSKY_19\IGI\LR5\.venv\Lib\site-packages\django\template\base.py", line 977, in render_annotated
    return self.render(context)
           ~~~~~~~~~~~^^^^^^^^^
  File "D:\353504_SVIDINSKY_19\IGI\LR5\.venv\Lib\site-packages\django\template\defaulttags.py", line 327, in render
    return nodelist.render(context)
           ~~~~~~~~~~~~~~~^^^^^^^^^
  File "D:\353504_SVIDINSKY_19\IGI\LR5\.venv\Lib\site-packages\django\template\base.py", line 1016, in render
    return SafeString("".join([node.render_annotated(context) for node in self]))
                               ~~~~~~~~~~~~~~~~~~~~~^^^^^^^^^
  File "D:\353504_SVIDINSKY_19\IGI\LR5\.venv\Lib\site-packages\django\template\base.py", line 977, in render_annotated
    return self.render(context)
           ~~~~~~~~~~~^^^^^^^^^
  File "D:\353504_SVIDINSKY_19\IGI\LR5\.venv\Lib\site-packages\django\template\defaulttags.py", line 480, in render
    url = reverse(view_name, args=args, kwargs=kwargs, current_app=current_app)
  File "D:\353504_SVIDINSKY_19\IGI\LR5\.venv\Lib\site-packages\django\urls\base.py", line 98, in reverse
    resolved_url = resolver._reverse_with_prefix(view, prefix, *args, **kwargs)
  File "D:\353504_SVIDINSKY_19\IGI\LR5\.venv\Lib\site-packages\django\urls\resolvers.py", line 831, in _reverse_with_prefix
    raise NoReverseMatch(msg)
django.urls.exceptions.NoReverseMatch: Reverse for 'my_orders' not found. 'my_orders' is not a valid view function or pattern name.
[ERROR] 2025-05-26 20:14:56 "GET / HTTP/1.1" 500 155995
[ERROR] 2025-05-26 20:14:56 Internal Server Error: /
Traceback (most recent call last):
  File "D:\353504_SVIDINSKY_19\IGI\LR5\.venv\Lib\site-packages\django\core\handlers\exception.py", line 55, in inner
    response = get_response(request)
  File "D:\353504_SVIDINSKY_19\IGI\LR5\.venv\Lib\site-packages\django\core\handlers\base.py", line 220, in _get_response
    response = response.render()
  File "D:\353504_SVIDINSKY_19\IGI\LR5\.venv\Lib\site-packages\django\template\response.py", line 114, in render
    self.content = self.rendered_content
                   ^^^^^^^^^^^^^^^^^^^^^
  File "D:\353504_SVIDINSKY_19\IGI\LR5\.venv\Lib\site-packages\django\template\response.py", line 92, in rendered_content
    return template.render(context, self._request)
           ~~~~~~~~~~~~~~~^^^^^^^^^^^^^^^^^^^^^^^^
  File "D:\353504_SVIDINSKY_19\IGI\LR5\.venv\Lib\site-packages\django\template\backends\django.py", line 107, in render
    return self.template.render(context)
           ~~~~~~~~~~~~~~~~~~~~^^^^^^^^^
  File "D:\353504_SVIDINSKY_19\IGI\LR5\.venv\Lib\site-packages\django\template\base.py", line 171, in render
    return self._render(context)
           ~~~~~~~~~~~~^^^^^^^^^
  File "D:\353504_SVIDINSKY_19\IGI\LR5\.venv\Lib\site-packages\django\template\base.py", line 163, in _render
    return self.nodelist.render(context)
           ~~~~~~~~~~~~~~~~~~~~^^^^^^^^^
  File "D:\353504_SVIDINSKY_19\IGI\LR5\.venv\Lib\site-packages\django\template\base.py", line 1016, in render
    return SafeString("".join([node.render_annotated(context) for node in self]))
                               ~~~~~~~~~~~~~~~~~~~~~^^^^^^^^^
  File "D:\353504_SVIDINSKY_19\IGI\LR5\.venv\Lib\site-packages\django\template\base.py", line 977, in render_annotated
    return self.render(context)
           ~~~~~~~~~~~^^^^^^^^^
  File "D:\353504_SVIDINSKY_19\IGI\LR5\.venv\Lib\site-packages\django\template\loader_tags.py", line 159, in render
    return compiled_parent._render(context)
           ~~~~~~~~~~~~~~~~~~~~~~~^^^^^^^^^
  File "D:\353504_SVIDINSKY_19\IGI\LR5\.venv\Lib\site-packages\django\template\base.py", line 163, in _render
    return self.nodelist.render(context)
           ~~~~~~~~~~~~~~~~~~~~^^^^^^^^^
  File "D:\353504_SVIDINSKY_19\IGI\LR5\.venv\Lib\site-packages\django\template\base.py", line 1016, in render
    return SafeString("".join([node.render_annotated(context) for node in self]))
                               ~~~~~~~~~~~~~~~~~~~~~^^^^^^^^^
  File "D:\353504_SVIDINSKY_19\IGI\LR5\.venv\Lib\site-packages\django\template\base.py", line 977, in render_annotated
    return self.render(context)
           ~~~~~~~~~~~^^^^^^^^^
  File "D:\353504_SVIDINSKY_19\IGI\LR5\.venv\Lib\site-packages\django\template\defaulttags.py", line 327, in render
    return nodelist.render(context)
           ~~~~~~~~~~~~~~~^^^^^^^^^
  File "D:\353504_SVIDINSKY_19\IGI\LR5\.venv\Lib\site-packages\django\template\base.py", line 1016, in render
    return SafeString("".join([node.render_annotated(context) for node in self]))
                               ~~~~~~~~~~~~~~~~~~~~~^^^^^^^^^
  File "D:\353504_SVIDINSKY_19\IGI\LR5\.venv\Lib\site-packages\django\template\base.py", line 977, in render_annotated
    return self.render(context)
           ~~~~~~~~~~~^^^^^^^^^
  File "D:\353504_SVIDINSKY_19\IGI\LR5\.venv\Lib\site-packages\django\template\defaulttags.py", line 480, in render
    url = reverse(view_name, args=args, kwargs=kwargs, current_app=current_app)
  File "D:\353504_SVIDINSKY_19\IGI\LR5\.venv\Lib\site-packages\django\urls\base.py", line 98, in reverse
    resolved_url = resolver._reverse_with_prefix(view, prefix, *args, **kwargs)
  File "D:\353504_SVIDINSKY_19\IGI\LR5\.venv\Lib\site-packages\django\urls\resolvers.py", line 831, in _reverse_with_prefix
    raise NoReverseMatch(msg)
django.urls.exceptions.NoReverseMatch: Reverse for 'my_orders' not found. 'my_orders' is not a valid view function or pattern name.
[ERROR] 2025-05-26 20:14:56 "GET / HTTP/1.1" 500 155995
[ERROR] 2025-05-26 20:14:56 Internal Server Error: /
Traceback (most recent call last):
  File "D:\353504_SVIDINSKY_19\IGI\LR5\.venv\Lib\site-packages\django\core\handlers\exception.py", line 55, in inner
    response = get_response(request)
  File "D:\353504_SVIDINSKY_19\IGI\LR5\.venv\Lib\site-packages\django\core\handlers\base.py", line 220, in _get_response
    response = response.render()
  File "D:\353504_SVIDINSKY_19\IGI\LR5\.venv\Lib\site-packages\django\template\response.py", line 114, in render
    self.content = self.rendered_content
                   ^^^^^^^^^^^^^^^^^^^^^
  File "D:\353504_SVIDINSKY_19\IGI\LR5\.venv\Lib\site-packages\django\template\response.py", line 92, in rendered_content
    return template.render(context, self._request)
           ~~~~~~~~~~~~~~~^^^^^^^^^^^^^^^^^^^^^^^^
  File "D:\353504_SVIDINSKY_19\IGI\LR5\.venv\Lib\site-packages\django\template\backends\django.py", line 107, in render
    return self.template.render(context)
           ~~~~~~~~~~~~~~~~~~~~^^^^^^^^^
  File "D:\353504_SVIDINSKY_19\IGI\LR5\.venv\Lib\site-packages\django\template\base.py", line 171, in render
    return self._render(context)
           ~~~~~~~~~~~~^^^^^^^^^
  File "D:\353504_SVIDINSKY_19\IGI\LR5\.venv\Lib\site-packages\django\template\base.py", line 163, in _render
    return self.nodelist.render(context)
           ~~~~~~~~~~~~~~~~~~~~^^^^^^^^^
  File "D:\353504_SVIDINSKY_19\IGI\LR5\.venv\Lib\site-packages\django\template\base.py", line 1016, in render
    return SafeString("".join([node.render_annotated(context) for node in self]))
                               ~~~~~~~~~~~~~~~~~~~~~^^^^^^^^^
  File "D:\353504_SVIDINSKY_19\IGI\LR5\.venv\Lib\site-packages\django\template\base.py", line 977, in render_annotated
    return self.render(context)
           ~~~~~~~~~~~^^^^^^^^^
  File "D:\353504_SVIDINSKY_19\IGI\LR5\.venv\Lib\site-packages\django\template\loader_tags.py", line 159, in render
    return compiled_parent._render(context)
           ~~~~~~~~~~~~~~~~~~~~~~~^^^^^^^^^
  File "D:\353504_SVIDINSKY_19\IGI\LR5\.venv\Lib\site-packages\django\template\base.py", line 163, in _render
    return self.nodelist.render(context)
           ~~~~~~~~~~~~~~~~~~~~^^^^^^^^^
  File "D:\353504_SVIDINSKY_19\IGI\LR5\.venv\Lib\site-packages\django\template\base.py", line 1016, in render
    return SafeString("".join([node.render_annotated(context) for node in self]))
                               ~~~~~~~~~~~~~~~~~~~~~^^^^^^^^^
  File "D:\353504_SVIDINSKY_19\IGI\LR5\.venv\Lib\site-packages\django\template\base.py", line 977, in render_annotated
    return self.render(context)
           ~~~~~~~~~~~^^^^^^^^^
  File "D:\353504_SVIDINSKY_19\IGI\LR5\.venv\Lib\site-packages\django\template\defaulttags.py", line 327, in render
    return nodelist.render(context)
           ~~~~~~~~~~~~~~~^^^^^^^^^
  File "D:\353504_SVIDINSKY_19\IGI\LR5\.venv\Lib\site-packages\django\template\base.py", line 1016, in render
    return SafeString("".join([node.render_annotated(context) for node in self]))
                               ~~~~~~~~~~~~~~~~~~~~~^^^^^^^^^
  File "D:\353504_SVIDINSKY_19\IGI\LR5\.venv\Lib\site-packages\django\template\base.py", line 977, in render_annotated
    return self.render(context)
           ~~~~~~~~~~~^^^^^^^^^
  File "D:\353504_SVIDINSKY_19\IGI\LR5\.venv\Lib\site-packages\django\template\defaulttags.py", line 480, in render
    url = reverse(view_name, args=args, kwargs=kwargs, current_app=current_app)
  File "D:\353504_SVIDINSKY_19\IGI\LR5\.venv\Lib\site-packages\django\urls\base.py", line 98, in reverse
    resolved_url = resolver._reverse_with_prefix(view, prefix, *args, **kwargs)
  File "D:\353504_SVIDINSKY_19\IGI\LR5\.venv\Lib\site-packages\django\urls\resolvers.py", line 831, in _reverse_with_prefix
    raise NoReverseMatch(msg)
django.urls.exceptions.NoReverseMatch: Reverse for 'my_orders' not found. 'my_orders' is not a valid view function or pattern name.
[ERROR] 2025-05-26 20:14:56 "GET / HTTP/1.1" 500 155995
[INFO] 2025-05-26 20:15:08 Watching for file changes with StatReloader
[ERROR] 2025-05-26 20:15:11 Internal Server Error: /
Traceback (most recent call last):
  File "D:\353504_SVIDINSKY_19\IGI\LR5\.venv\Lib\site-packages\django\core\handlers\exception.py", line 55, in inner
    response = get_response(request)
  File "D:\353504_SVIDINSKY_19\IGI\LR5\.venv\Lib\site-packages\django\core\handlers\base.py", line 220, in _get_response
    response = response.render()
  File "D:\353504_SVIDINSKY_19\IGI\LR5\.venv\Lib\site-packages\django\template\response.py", line 114, in render
    self.content = self.rendered_content
                   ^^^^^^^^^^^^^^^^^^^^^
  File "D:\353504_SVIDINSKY_19\IGI\LR5\.venv\Lib\site-packages\django\template\response.py", line 92, in rendered_content
    return template.render(context, self._request)
           ~~~~~~~~~~~~~~~^^^^^^^^^^^^^^^^^^^^^^^^
  File "D:\353504_SVIDINSKY_19\IGI\LR5\.venv\Lib\site-packages\django\template\backends\django.py", line 107, in render
    return self.template.render(context)
           ~~~~~~~~~~~~~~~~~~~~^^^^^^^^^
  File "D:\353504_SVIDINSKY_19\IGI\LR5\.venv\Lib\site-packages\django\template\base.py", line 171, in render
    return self._render(context)
           ~~~~~~~~~~~~^^^^^^^^^
  File "D:\353504_SVIDINSKY_19\IGI\LR5\.venv\Lib\site-packages\django\template\base.py", line 163, in _render
    return self.nodelist.render(context)
           ~~~~~~~~~~~~~~~~~~~~^^^^^^^^^
  File "D:\353504_SVIDINSKY_19\IGI\LR5\.venv\Lib\site-packages\django\template\base.py", line 1016, in render
    return SafeString("".join([node.render_annotated(context) for node in self]))
                               ~~~~~~~~~~~~~~~~~~~~~^^^^^^^^^
  File "D:\353504_SVIDINSKY_19\IGI\LR5\.venv\Lib\site-packages\django\template\base.py", line 977, in render_annotated
    return self.render(context)
           ~~~~~~~~~~~^^^^^^^^^
  File "D:\353504_SVIDINSKY_19\IGI\LR5\.venv\Lib\site-packages\django\template\loader_tags.py", line 159, in render
    return compiled_parent._render(context)
           ~~~~~~~~~~~~~~~~~~~~~~~^^^^^^^^^
  File "D:\353504_SVIDINSKY_19\IGI\LR5\.venv\Lib\site-packages\django\template\base.py", line 163, in _render
    return self.nodelist.render(context)
           ~~~~~~~~~~~~~~~~~~~~^^^^^^^^^
  File "D:\353504_SVIDINSKY_19\IGI\LR5\.venv\Lib\site-packages\django\template\base.py", line 1016, in render
    return SafeString("".join([node.render_annotated(context) for node in self]))
                               ~~~~~~~~~~~~~~~~~~~~~^^^^^^^^^
  File "D:\353504_SVIDINSKY_19\IGI\LR5\.venv\Lib\site-packages\django\template\base.py", line 977, in render_annotated
    return self.render(context)
           ~~~~~~~~~~~^^^^^^^^^
  File "D:\353504_SVIDINSKY_19\IGI\LR5\.venv\Lib\site-packages\django\template\defaulttags.py", line 327, in render
    return nodelist.render(context)
           ~~~~~~~~~~~~~~~^^^^^^^^^
  File "D:\353504_SVIDINSKY_19\IGI\LR5\.venv\Lib\site-packages\django\template\base.py", line 1016, in render
    return SafeString("".join([node.render_annotated(context) for node in self]))
                               ~~~~~~~~~~~~~~~~~~~~~^^^^^^^^^
  File "D:\353504_SVIDINSKY_19\IGI\LR5\.venv\Lib\site-packages\django\template\base.py", line 977, in render_annotated
    return self.render(context)
           ~~~~~~~~~~~^^^^^^^^^
  File "D:\353504_SVIDINSKY_19\IGI\LR5\.venv\Lib\site-packages\django\template\defaulttags.py", line 480, in render
    url = reverse(view_name, args=args, kwargs=kwargs, current_app=current_app)
  File "D:\353504_SVIDINSKY_19\IGI\LR5\.venv\Lib\site-packages\django\urls\base.py", line 98, in reverse
    resolved_url = resolver._reverse_with_prefix(view, prefix, *args, **kwargs)
  File "D:\353504_SVIDINSKY_19\IGI\LR5\.venv\Lib\site-packages\django\urls\resolvers.py", line 831, in _reverse_with_prefix
    raise NoReverseMatch(msg)
django.urls.exceptions.NoReverseMatch: Reverse for 'my_orders' not found. 'my_orders' is not a valid view function or pattern name.
[ERROR] 2025-05-26 20:15:11 "GET / HTTP/1.1" 500 155995
[INFO] 2025-05-26 20:15:26 Watching for file changes with StatReloader
[ERROR] 2025-05-26 20:15:28 Internal Server Error: /
Traceback (most recent call last):
  File "D:\353504_SVIDINSKY_19\IGI\LR5\.venv\Lib\site-packages\django\core\handlers\exception.py", line 55, in inner
    response = get_response(request)
  File "D:\353504_SVIDINSKY_19\IGI\LR5\.venv\Lib\site-packages\django\core\handlers\base.py", line 220, in _get_response
    response = response.render()
  File "D:\353504_SVIDINSKY_19\IGI\LR5\.venv\Lib\site-packages\django\template\response.py", line 114, in render
    self.content = self.rendered_content
                   ^^^^^^^^^^^^^^^^^^^^^
  File "D:\353504_SVIDINSKY_19\IGI\LR5\.venv\Lib\site-packages\django\template\response.py", line 92, in rendered_content
    return template.render(context, self._request)
           ~~~~~~~~~~~~~~~^^^^^^^^^^^^^^^^^^^^^^^^
  File "D:\353504_SVIDINSKY_19\IGI\LR5\.venv\Lib\site-packages\django\template\backends\django.py", line 107, in render
    return self.template.render(context)
           ~~~~~~~~~~~~~~~~~~~~^^^^^^^^^
  File "D:\353504_SVIDINSKY_19\IGI\LR5\.venv\Lib\site-packages\django\template\base.py", line 171, in render
    return self._render(context)
           ~~~~~~~~~~~~^^^^^^^^^
  File "D:\353504_SVIDINSKY_19\IGI\LR5\.venv\Lib\site-packages\django\template\base.py", line 163, in _render
    return self.nodelist.render(context)
           ~~~~~~~~~~~~~~~~~~~~^^^^^^^^^
  File "D:\353504_SVIDINSKY_19\IGI\LR5\.venv\Lib\site-packages\django\template\base.py", line 1016, in render
    return SafeString("".join([node.render_annotated(context) for node in self]))
                               ~~~~~~~~~~~~~~~~~~~~~^^^^^^^^^
  File "D:\353504_SVIDINSKY_19\IGI\LR5\.venv\Lib\site-packages\django\template\base.py", line 977, in render_annotated
    return self.render(context)
           ~~~~~~~~~~~^^^^^^^^^
  File "D:\353504_SVIDINSKY_19\IGI\LR5\.venv\Lib\site-packages\django\template\loader_tags.py", line 159, in render
    return compiled_parent._render(context)
           ~~~~~~~~~~~~~~~~~~~~~~~^^^^^^^^^
  File "D:\353504_SVIDINSKY_19\IGI\LR5\.venv\Lib\site-packages\django\template\base.py", line 163, in _render
    return self.nodelist.render(context)
           ~~~~~~~~~~~~~~~~~~~~^^^^^^^^^
  File "D:\353504_SVIDINSKY_19\IGI\LR5\.venv\Lib\site-packages\django\template\base.py", line 1016, in render
    return SafeString("".join([node.render_annotated(context) for node in self]))
                               ~~~~~~~~~~~~~~~~~~~~~^^^^^^^^^
  File "D:\353504_SVIDINSKY_19\IGI\LR5\.venv\Lib\site-packages\django\template\base.py", line 977, in render_annotated
    return self.render(context)
           ~~~~~~~~~~~^^^^^^^^^
  File "D:\353504_SVIDINSKY_19\IGI\LR5\.venv\Lib\site-packages\django\template\defaulttags.py", line 327, in render
    return nodelist.render(context)
           ~~~~~~~~~~~~~~~^^^^^^^^^
  File "D:\353504_SVIDINSKY_19\IGI\LR5\.venv\Lib\site-packages\django\template\base.py", line 1016, in render
    return SafeString("".join([node.render_annotated(context) for node in self]))
                               ~~~~~~~~~~~~~~~~~~~~~^^^^^^^^^
  File "D:\353504_SVIDINSKY_19\IGI\LR5\.venv\Lib\site-packages\django\template\base.py", line 977, in render_annotated
    return self.render(context)
           ~~~~~~~~~~~^^^^^^^^^
  File "D:\353504_SVIDINSKY_19\IGI\LR5\.venv\Lib\site-packages\django\template\defaulttags.py", line 480, in render
    url = reverse(view_name, args=args, kwargs=kwargs, current_app=current_app)
  File "D:\353504_SVIDINSKY_19\IGI\LR5\.venv\Lib\site-packages\django\urls\base.py", line 98, in reverse
    resolved_url = resolver._reverse_with_prefix(view, prefix, *args, **kwargs)
  File "D:\353504_SVIDINSKY_19\IGI\LR5\.venv\Lib\site-packages\django\urls\resolvers.py", line 831, in _reverse_with_prefix
    raise NoReverseMatch(msg)
django.urls.exceptions.NoReverseMatch: Reverse for 'my_orders' not found. 'my_orders' is not a valid view function or pattern name.
[ERROR] 2025-05-26 20:15:28 "GET / HTTP/1.1" 500 155995
[INFO] 2025-05-26 20:17:37 D:\353504_SVIDINSKY_19\IGI\LR5\pizza\urls.py changed, reloading.
[INFO] 2025-05-26 20:17:38 Watching for file changes with StatReloader
[INFO] 2025-05-26 20:17:56 D:\353504_SVIDINSKY_19\IGI\LR5\pizza\urls.py changed, reloading.
[INFO] 2025-05-26 20:17:56 Watching for file changes with StatReloader
[ERROR] 2025-05-26 20:17:59 Internal Server Error: /
Traceback (most recent call last):
  File "D:\353504_SVIDINSKY_19\IGI\LR5\.venv\Lib\site-packages\django\core\handlers\exception.py", line 55, in inner
    response = get_response(request)
  File "D:\353504_SVIDINSKY_19\IGI\LR5\.venv\Lib\site-packages\django\core\handlers\base.py", line 220, in _get_response
    response = response.render()
  File "D:\353504_SVIDINSKY_19\IGI\LR5\.venv\Lib\site-packages\django\template\response.py", line 114, in render
    self.content = self.rendered_content
                   ^^^^^^^^^^^^^^^^^^^^^
  File "D:\353504_SVIDINSKY_19\IGI\LR5\.venv\Lib\site-packages\django\template\response.py", line 92, in rendered_content
    return template.render(context, self._request)
           ~~~~~~~~~~~~~~~^^^^^^^^^^^^^^^^^^^^^^^^
  File "D:\353504_SVIDINSKY_19\IGI\LR5\.venv\Lib\site-packages\django\template\backends\django.py", line 107, in render
    return self.template.render(context)
           ~~~~~~~~~~~~~~~~~~~~^^^^^^^^^
  File "D:\353504_SVIDINSKY_19\IGI\LR5\.venv\Lib\site-packages\django\template\base.py", line 171, in render
    return self._render(context)
           ~~~~~~~~~~~~^^^^^^^^^
  File "D:\353504_SVIDINSKY_19\IGI\LR5\.venv\Lib\site-packages\django\template\base.py", line 163, in _render
    return self.nodelist.render(context)
           ~~~~~~~~~~~~~~~~~~~~^^^^^^^^^
  File "D:\353504_SVIDINSKY_19\IGI\LR5\.venv\Lib\site-packages\django\template\base.py", line 1016, in render
    return SafeString("".join([node.render_annotated(context) for node in self]))
                               ~~~~~~~~~~~~~~~~~~~~~^^^^^^^^^
  File "D:\353504_SVIDINSKY_19\IGI\LR5\.venv\Lib\site-packages\django\template\base.py", line 977, in render_annotated
    return self.render(context)
           ~~~~~~~~~~~^^^^^^^^^
  File "D:\353504_SVIDINSKY_19\IGI\LR5\.venv\Lib\site-packages\django\template\loader_tags.py", line 159, in render
    return compiled_parent._render(context)
           ~~~~~~~~~~~~~~~~~~~~~~~^^^^^^^^^
  File "D:\353504_SVIDINSKY_19\IGI\LR5\.venv\Lib\site-packages\django\template\base.py", line 163, in _render
    return self.nodelist.render(context)
           ~~~~~~~~~~~~~~~~~~~~^^^^^^^^^
  File "D:\353504_SVIDINSKY_19\IGI\LR5\.venv\Lib\site-packages\django\template\base.py", line 1016, in render
    return SafeString("".join([node.render_annotated(context) for node in self]))
                               ~~~~~~~~~~~~~~~~~~~~~^^^^^^^^^
  File "D:\353504_SVIDINSKY_19\IGI\LR5\.venv\Lib\site-packages\django\template\base.py", line 977, in render_annotated
    return self.render(context)
           ~~~~~~~~~~~^^^^^^^^^
  File "D:\353504_SVIDINSKY_19\IGI\LR5\.venv\Lib\site-packages\django\template\defaulttags.py", line 327, in render
    return nodelist.render(context)
           ~~~~~~~~~~~~~~~^^^^^^^^^
  File "D:\353504_SVIDINSKY_19\IGI\LR5\.venv\Lib\site-packages\django\template\base.py", line 1016, in render
    return SafeString("".join([node.render_annotated(context) for node in self]))
                               ~~~~~~~~~~~~~~~~~~~~~^^^^^^^^^
  File "D:\353504_SVIDINSKY_19\IGI\LR5\.venv\Lib\site-packages\django\template\base.py", line 977, in render_annotated
    return self.render(context)
           ~~~~~~~~~~~^^^^^^^^^
  File "D:\353504_SVIDINSKY_19\IGI\LR5\.venv\Lib\site-packages\django\template\defaulttags.py", line 327, in render
    return nodelist.render(context)
           ~~~~~~~~~~~~~~~^^^^^^^^^
  File "D:\353504_SVIDINSKY_19\IGI\LR5\.venv\Lib\site-packages\django\template\base.py", line 1016, in render
    return SafeString("".join([node.render_annotated(context) for node in self]))
                               ~~~~~~~~~~~~~~~~~~~~~^^^^^^^^^
  File "D:\353504_SVIDINSKY_19\IGI\LR5\.venv\Lib\site-packages\django\template\base.py", line 977, in render_annotated
    return self.render(context)
           ~~~~~~~~~~~^^^^^^^^^
  File "D:\353504_SVIDINSKY_19\IGI\LR5\.venv\Lib\site-packages\django\template\defaulttags.py", line 480, in render
    url = reverse(view_name, args=args, kwargs=kwargs, current_app=current_app)
  File "D:\353504_SVIDINSKY_19\IGI\LR5\.venv\Lib\site-packages\django\urls\base.py", line 98, in reverse
    resolved_url = resolver._reverse_with_prefix(view, prefix, *args, **kwargs)
  File "D:\353504_SVIDINSKY_19\IGI\LR5\.venv\Lib\site-packages\django\urls\resolvers.py", line 831, in _reverse_with_prefix
    raise NoReverseMatch(msg)
django.urls.exceptions.NoReverseMatch: Reverse for 'couriers_list' not found. 'couriers_list' is not a valid view function or pattern name.
[ERROR] 2025-05-26 20:17:59 "GET / HTTP/1.1" 500 171382
[ERROR] 2025-05-26 20:18:00 Internal Server Error: /
Traceback (most recent call last):
  File "D:\353504_SVIDINSKY_19\IGI\LR5\.venv\Lib\site-packages\django\core\handlers\exception.py", line 55, in inner
    response = get_response(request)
  File "D:\353504_SVIDINSKY_19\IGI\LR5\.venv\Lib\site-packages\django\core\handlers\base.py", line 220, in _get_response
    response = response.render()
  File "D:\353504_SVIDINSKY_19\IGI\LR5\.venv\Lib\site-packages\django\template\response.py", line 114, in render
    self.content = self.rendered_content
                   ^^^^^^^^^^^^^^^^^^^^^
  File "D:\353504_SVIDINSKY_19\IGI\LR5\.venv\Lib\site-packages\django\template\response.py", line 92, in rendered_content
    return template.render(context, self._request)
           ~~~~~~~~~~~~~~~^^^^^^^^^^^^^^^^^^^^^^^^
  File "D:\353504_SVIDINSKY_19\IGI\LR5\.venv\Lib\site-packages\django\template\backends\django.py", line 107, in render
    return self.template.render(context)
           ~~~~~~~~~~~~~~~~~~~~^^^^^^^^^
  File "D:\353504_SVIDINSKY_19\IGI\LR5\.venv\Lib\site-packages\django\template\base.py", line 171, in render
    return self._render(context)
           ~~~~~~~~~~~~^^^^^^^^^
  File "D:\353504_SVIDINSKY_19\IGI\LR5\.venv\Lib\site-packages\django\template\base.py", line 163, in _render
    return self.nodelist.render(context)
           ~~~~~~~~~~~~~~~~~~~~^^^^^^^^^
  File "D:\353504_SVIDINSKY_19\IGI\LR5\.venv\Lib\site-packages\django\template\base.py", line 1016, in render
    return SafeString("".join([node.render_annotated(context) for node in self]))
                               ~~~~~~~~~~~~~~~~~~~~~^^^^^^^^^
  File "D:\353504_SVIDINSKY_19\IGI\LR5\.venv\Lib\site-packages\django\template\base.py", line 977, in render_annotated
    return self.render(context)
           ~~~~~~~~~~~^^^^^^^^^
  File "D:\353504_SVIDINSKY_19\IGI\LR5\.venv\Lib\site-packages\django\template\loader_tags.py", line 159, in render
    return compiled_parent._render(context)
           ~~~~~~~~~~~~~~~~~~~~~~~^^^^^^^^^
  File "D:\353504_SVIDINSKY_19\IGI\LR5\.venv\Lib\site-packages\django\template\base.py", line 163, in _render
    return self.nodelist.render(context)
           ~~~~~~~~~~~~~~~~~~~~^^^^^^^^^
  File "D:\353504_SVIDINSKY_19\IGI\LR5\.venv\Lib\site-packages\django\template\base.py", line 1016, in render
    return SafeString("".join([node.render_annotated(context) for node in self]))
                               ~~~~~~~~~~~~~~~~~~~~~^^^^^^^^^
  File "D:\353504_SVIDINSKY_19\IGI\LR5\.venv\Lib\site-packages\django\template\base.py", line 977, in render_annotated
    return self.render(context)
           ~~~~~~~~~~~^^^^^^^^^
  File "D:\353504_SVIDINSKY_19\IGI\LR5\.venv\Lib\site-packages\django\template\defaulttags.py", line 327, in render
    return nodelist.render(context)
           ~~~~~~~~~~~~~~~^^^^^^^^^
  File "D:\353504_SVIDINSKY_19\IGI\LR5\.venv\Lib\site-packages\django\template\base.py", line 1016, in render
    return SafeString("".join([node.render_annotated(context) for node in self]))
                               ~~~~~~~~~~~~~~~~~~~~~^^^^^^^^^
  File "D:\353504_SVIDINSKY_19\IGI\LR5\.venv\Lib\site-packages\django\template\base.py", line 977, in render_annotated
    return self.render(context)
           ~~~~~~~~~~~^^^^^^^^^
  File "D:\353504_SVIDINSKY_19\IGI\LR5\.venv\Lib\site-packages\django\template\defaulttags.py", line 327, in render
    return nodelist.render(context)
           ~~~~~~~~~~~~~~~^^^^^^^^^
  File "D:\353504_SVIDINSKY_19\IGI\LR5\.venv\Lib\site-packages\django\template\base.py", line 1016, in render
    return SafeString("".join([node.render_annotated(context) for node in self]))
                               ~~~~~~~~~~~~~~~~~~~~~^^^^^^^^^
  File "D:\353504_SVIDINSKY_19\IGI\LR5\.venv\Lib\site-packages\django\template\base.py", line 977, in render_annotated
    return self.render(context)
           ~~~~~~~~~~~^^^^^^^^^
  File "D:\353504_SVIDINSKY_19\IGI\LR5\.venv\Lib\site-packages\django\template\defaulttags.py", line 480, in render
    url = reverse(view_name, args=args, kwargs=kwargs, current_app=current_app)
  File "D:\353504_SVIDINSKY_19\IGI\LR5\.venv\Lib\site-packages\django\urls\base.py", line 98, in reverse
    resolved_url = resolver._reverse_with_prefix(view, prefix, *args, **kwargs)
  File "D:\353504_SVIDINSKY_19\IGI\LR5\.venv\Lib\site-packages\django\urls\resolvers.py", line 831, in _reverse_with_prefix
    raise NoReverseMatch(msg)
django.urls.exceptions.NoReverseMatch: Reverse for 'couriers_list' not found. 'couriers_list' is not a valid view function or pattern name.
[ERROR] 2025-05-26 20:18:00 "GET / HTTP/1.1" 500 171382
[ERROR] 2025-05-26 20:18:00 Internal Server Error: /
Traceback (most recent call last):
  File "D:\353504_SVIDINSKY_19\IGI\LR5\.venv\Lib\site-packages\django\core\handlers\exception.py", line 55, in inner
    response = get_response(request)
  File "D:\353504_SVIDINSKY_19\IGI\LR5\.venv\Lib\site-packages\django\core\handlers\base.py", line 220, in _get_response
    response = response.render()
  File "D:\353504_SVIDINSKY_19\IGI\LR5\.venv\Lib\site-packages\django\template\response.py", line 114, in render
    self.content = self.rendered_content
                   ^^^^^^^^^^^^^^^^^^^^^
  File "D:\353504_SVIDINSKY_19\IGI\LR5\.venv\Lib\site-packages\django\template\response.py", line 92, in rendered_content
    return template.render(context, self._request)
           ~~~~~~~~~~~~~~~^^^^^^^^^^^^^^^^^^^^^^^^
  File "D:\353504_SVIDINSKY_19\IGI\LR5\.venv\Lib\site-packages\django\template\backends\django.py", line 107, in render
    return self.template.render(context)
           ~~~~~~~~~~~~~~~~~~~~^^^^^^^^^
  File "D:\353504_SVIDINSKY_19\IGI\LR5\.venv\Lib\site-packages\django\template\base.py", line 171, in render
    return self._render(context)
           ~~~~~~~~~~~~^^^^^^^^^
  File "D:\353504_SVIDINSKY_19\IGI\LR5\.venv\Lib\site-packages\django\template\base.py", line 163, in _render
    return self.nodelist.render(context)
           ~~~~~~~~~~~~~~~~~~~~^^^^^^^^^
  File "D:\353504_SVIDINSKY_19\IGI\LR5\.venv\Lib\site-packages\django\template\base.py", line 1016, in render
    return SafeString("".join([node.render_annotated(context) for node in self]))
                               ~~~~~~~~~~~~~~~~~~~~~^^^^^^^^^
  File "D:\353504_SVIDINSKY_19\IGI\LR5\.venv\Lib\site-packages\django\template\base.py", line 977, in render_annotated
    return self.render(context)
           ~~~~~~~~~~~^^^^^^^^^
  File "D:\353504_SVIDINSKY_19\IGI\LR5\.venv\Lib\site-packages\django\template\loader_tags.py", line 159, in render
    return compiled_parent._render(context)
           ~~~~~~~~~~~~~~~~~~~~~~~^^^^^^^^^
  File "D:\353504_SVIDINSKY_19\IGI\LR5\.venv\Lib\site-packages\django\template\base.py", line 163, in _render
    return self.nodelist.render(context)
           ~~~~~~~~~~~~~~~~~~~~^^^^^^^^^
  File "D:\353504_SVIDINSKY_19\IGI\LR5\.venv\Lib\site-packages\django\template\base.py", line 1016, in render
    return SafeString("".join([node.render_annotated(context) for node in self]))
                               ~~~~~~~~~~~~~~~~~~~~~^^^^^^^^^
  File "D:\353504_SVIDINSKY_19\IGI\LR5\.venv\Lib\site-packages\django\template\base.py", line 977, in render_annotated
    return self.render(context)
           ~~~~~~~~~~~^^^^^^^^^
  File "D:\353504_SVIDINSKY_19\IGI\LR5\.venv\Lib\site-packages\django\template\defaulttags.py", line 327, in render
    return nodelist.render(context)
           ~~~~~~~~~~~~~~~^^^^^^^^^
  File "D:\353504_SVIDINSKY_19\IGI\LR5\.venv\Lib\site-packages\django\template\base.py", line 1016, in render
    return SafeString("".join([node.render_annotated(context) for node in self]))
                               ~~~~~~~~~~~~~~~~~~~~~^^^^^^^^^
  File "D:\353504_SVIDINSKY_19\IGI\LR5\.venv\Lib\site-packages\django\template\base.py", line 977, in render_annotated
    return self.render(context)
           ~~~~~~~~~~~^^^^^^^^^
  File "D:\353504_SVIDINSKY_19\IGI\LR5\.venv\Lib\site-packages\django\template\defaulttags.py", line 327, in render
    return nodelist.render(context)
           ~~~~~~~~~~~~~~~^^^^^^^^^
  File "D:\353504_SVIDINSKY_19\IGI\LR5\.venv\Lib\site-packages\django\template\base.py", line 1016, in render
    return SafeString("".join([node.render_annotated(context) for node in self]))
                               ~~~~~~~~~~~~~~~~~~~~~^^^^^^^^^
  File "D:\353504_SVIDINSKY_19\IGI\LR5\.venv\Lib\site-packages\django\template\base.py", line 977, in render_annotated
    return self.render(context)
           ~~~~~~~~~~~^^^^^^^^^
  File "D:\353504_SVIDINSKY_19\IGI\LR5\.venv\Lib\site-packages\django\template\defaulttags.py", line 480, in render
    url = reverse(view_name, args=args, kwargs=kwargs, current_app=current_app)
  File "D:\353504_SVIDINSKY_19\IGI\LR5\.venv\Lib\site-packages\django\urls\base.py", line 98, in reverse
    resolved_url = resolver._reverse_with_prefix(view, prefix, *args, **kwargs)
  File "D:\353504_SVIDINSKY_19\IGI\LR5\.venv\Lib\site-packages\django\urls\resolvers.py", line 831, in _reverse_with_prefix
    raise NoReverseMatch(msg)
django.urls.exceptions.NoReverseMatch: Reverse for 'couriers_list' not found. 'couriers_list' is not a valid view function or pattern name.
[ERROR] 2025-05-26 20:18:00 "GET / HTTP/1.1" 500 171382
[ERROR] 2025-05-26 20:18:01 Internal Server Error: /
Traceback (most recent call last):
  File "D:\353504_SVIDINSKY_19\IGI\LR5\.venv\Lib\site-packages\django\core\handlers\exception.py", line 55, in inner
    response = get_response(request)
  File "D:\353504_SVIDINSKY_19\IGI\LR5\.venv\Lib\site-packages\django\core\handlers\base.py", line 220, in _get_response
    response = response.render()
  File "D:\353504_SVIDINSKY_19\IGI\LR5\.venv\Lib\site-packages\django\template\response.py", line 114, in render
    self.content = self.rendered_content
                   ^^^^^^^^^^^^^^^^^^^^^
  File "D:\353504_SVIDINSKY_19\IGI\LR5\.venv\Lib\site-packages\django\template\response.py", line 92, in rendered_content
    return template.render(context, self._request)
           ~~~~~~~~~~~~~~~^^^^^^^^^^^^^^^^^^^^^^^^
  File "D:\353504_SVIDINSKY_19\IGI\LR5\.venv\Lib\site-packages\django\template\backends\django.py", line 107, in render
    return self.template.render(context)
           ~~~~~~~~~~~~~~~~~~~~^^^^^^^^^
  File "D:\353504_SVIDINSKY_19\IGI\LR5\.venv\Lib\site-packages\django\template\base.py", line 171, in render
    return self._render(context)
           ~~~~~~~~~~~~^^^^^^^^^
  File "D:\353504_SVIDINSKY_19\IGI\LR5\.venv\Lib\site-packages\django\template\base.py", line 163, in _render
    return self.nodelist.render(context)
           ~~~~~~~~~~~~~~~~~~~~^^^^^^^^^
  File "D:\353504_SVIDINSKY_19\IGI\LR5\.venv\Lib\site-packages\django\template\base.py", line 1016, in render
    return SafeString("".join([node.render_annotated(context) for node in self]))
                               ~~~~~~~~~~~~~~~~~~~~~^^^^^^^^^
  File "D:\353504_SVIDINSKY_19\IGI\LR5\.venv\Lib\site-packages\django\template\base.py", line 977, in render_annotated
    return self.render(context)
           ~~~~~~~~~~~^^^^^^^^^
  File "D:\353504_SVIDINSKY_19\IGI\LR5\.venv\Lib\site-packages\django\template\loader_tags.py", line 159, in render
    return compiled_parent._render(context)
           ~~~~~~~~~~~~~~~~~~~~~~~^^^^^^^^^
  File "D:\353504_SVIDINSKY_19\IGI\LR5\.venv\Lib\site-packages\django\template\base.py", line 163, in _render
    return self.nodelist.render(context)
           ~~~~~~~~~~~~~~~~~~~~^^^^^^^^^
  File "D:\353504_SVIDINSKY_19\IGI\LR5\.venv\Lib\site-packages\django\template\base.py", line 1016, in render
    return SafeString("".join([node.render_annotated(context) for node in self]))
                               ~~~~~~~~~~~~~~~~~~~~~^^^^^^^^^
  File "D:\353504_SVIDINSKY_19\IGI\LR5\.venv\Lib\site-packages\django\template\base.py", line 977, in render_annotated
    return self.render(context)
           ~~~~~~~~~~~^^^^^^^^^
  File "D:\353504_SVIDINSKY_19\IGI\LR5\.venv\Lib\site-packages\django\template\defaulttags.py", line 327, in render
    return nodelist.render(context)
           ~~~~~~~~~~~~~~~^^^^^^^^^
  File "D:\353504_SVIDINSKY_19\IGI\LR5\.venv\Lib\site-packages\django\template\base.py", line 1016, in render
    return SafeString("".join([node.render_annotated(context) for node in self]))
                               ~~~~~~~~~~~~~~~~~~~~~^^^^^^^^^
  File "D:\353504_SVIDINSKY_19\IGI\LR5\.venv\Lib\site-packages\django\template\base.py", line 977, in render_annotated
    return self.render(context)
           ~~~~~~~~~~~^^^^^^^^^
  File "D:\353504_SVIDINSKY_19\IGI\LR5\.venv\Lib\site-packages\django\template\defaulttags.py", line 327, in render
    return nodelist.render(context)
           ~~~~~~~~~~~~~~~^^^^^^^^^
  File "D:\353504_SVIDINSKY_19\IGI\LR5\.venv\Lib\site-packages\django\template\base.py", line 1016, in render
    return SafeString("".join([node.render_annotated(context) for node in self]))
                               ~~~~~~~~~~~~~~~~~~~~~^^^^^^^^^
  File "D:\353504_SVIDINSKY_19\IGI\LR5\.venv\Lib\site-packages\django\template\base.py", line 977, in render_annotated
    return self.render(context)
           ~~~~~~~~~~~^^^^^^^^^
  File "D:\353504_SVIDINSKY_19\IGI\LR5\.venv\Lib\site-packages\django\template\defaulttags.py", line 480, in render
    url = reverse(view_name, args=args, kwargs=kwargs, current_app=current_app)
  File "D:\353504_SVIDINSKY_19\IGI\LR5\.venv\Lib\site-packages\django\urls\base.py", line 98, in reverse
    resolved_url = resolver._reverse_with_prefix(view, prefix, *args, **kwargs)
  File "D:\353504_SVIDINSKY_19\IGI\LR5\.venv\Lib\site-packages\django\urls\resolvers.py", line 831, in _reverse_with_prefix
    raise NoReverseMatch(msg)
django.urls.exceptions.NoReverseMatch: Reverse for 'couriers_list' not found. 'couriers_list' is not a valid view function or pattern name.
[ERROR] 2025-05-26 20:18:01 "GET / HTTP/1.1" 500 171382
[ERROR] 2025-05-26 20:18:01 Internal Server Error: /
Traceback (most recent call last):
  File "D:\353504_SVIDINSKY_19\IGI\LR5\.venv\Lib\site-packages\django\core\handlers\exception.py", line 55, in inner
    response = get_response(request)
  File "D:\353504_SVIDINSKY_19\IGI\LR5\.venv\Lib\site-packages\django\core\handlers\base.py", line 220, in _get_response
    response = response.render()
  File "D:\353504_SVIDINSKY_19\IGI\LR5\.venv\Lib\site-packages\django\template\response.py", line 114, in render
    self.content = self.rendered_content
                   ^^^^^^^^^^^^^^^^^^^^^
  File "D:\353504_SVIDINSKY_19\IGI\LR5\.venv\Lib\site-packages\django\template\response.py", line 92, in rendered_content
    return template.render(context, self._request)
           ~~~~~~~~~~~~~~~^^^^^^^^^^^^^^^^^^^^^^^^
  File "D:\353504_SVIDINSKY_19\IGI\LR5\.venv\Lib\site-packages\django\template\backends\django.py", line 107, in render
    return self.template.render(context)
           ~~~~~~~~~~~~~~~~~~~~^^^^^^^^^
  File "D:\353504_SVIDINSKY_19\IGI\LR5\.venv\Lib\site-packages\django\template\base.py", line 171, in render
    return self._render(context)
           ~~~~~~~~~~~~^^^^^^^^^
  File "D:\353504_SVIDINSKY_19\IGI\LR5\.venv\Lib\site-packages\django\template\base.py", line 163, in _render
    return self.nodelist.render(context)
           ~~~~~~~~~~~~~~~~~~~~^^^^^^^^^
  File "D:\353504_SVIDINSKY_19\IGI\LR5\.venv\Lib\site-packages\django\template\base.py", line 1016, in render
    return SafeString("".join([node.render_annotated(context) for node in self]))
                               ~~~~~~~~~~~~~~~~~~~~~^^^^^^^^^
  File "D:\353504_SVIDINSKY_19\IGI\LR5\.venv\Lib\site-packages\django\template\base.py", line 977, in render_annotated
    return self.render(context)
           ~~~~~~~~~~~^^^^^^^^^
  File "D:\353504_SVIDINSKY_19\IGI\LR5\.venv\Lib\site-packages\django\template\loader_tags.py", line 159, in render
    return compiled_parent._render(context)
           ~~~~~~~~~~~~~~~~~~~~~~~^^^^^^^^^
  File "D:\353504_SVIDINSKY_19\IGI\LR5\.venv\Lib\site-packages\django\template\base.py", line 163, in _render
    return self.nodelist.render(context)
           ~~~~~~~~~~~~~~~~~~~~^^^^^^^^^
  File "D:\353504_SVIDINSKY_19\IGI\LR5\.venv\Lib\site-packages\django\template\base.py", line 1016, in render
    return SafeString("".join([node.render_annotated(context) for node in self]))
                               ~~~~~~~~~~~~~~~~~~~~~^^^^^^^^^
  File "D:\353504_SVIDINSKY_19\IGI\LR5\.venv\Lib\site-packages\django\template\base.py", line 977, in render_annotated
    return self.render(context)
           ~~~~~~~~~~~^^^^^^^^^
  File "D:\353504_SVIDINSKY_19\IGI\LR5\.venv\Lib\site-packages\django\template\defaulttags.py", line 327, in render
    return nodelist.render(context)
           ~~~~~~~~~~~~~~~^^^^^^^^^
  File "D:\353504_SVIDINSKY_19\IGI\LR5\.venv\Lib\site-packages\django\template\base.py", line 1016, in render
    return SafeString("".join([node.render_annotated(context) for node in self]))
                               ~~~~~~~~~~~~~~~~~~~~~^^^^^^^^^
  File "D:\353504_SVIDINSKY_19\IGI\LR5\.venv\Lib\site-packages\django\template\base.py", line 977, in render_annotated
    return self.render(context)
           ~~~~~~~~~~~^^^^^^^^^
  File "D:\353504_SVIDINSKY_19\IGI\LR5\.venv\Lib\site-packages\django\template\defaulttags.py", line 327, in render
    return nodelist.render(context)
           ~~~~~~~~~~~~~~~^^^^^^^^^
  File "D:\353504_SVIDINSKY_19\IGI\LR5\.venv\Lib\site-packages\django\template\base.py", line 1016, in render
    return SafeString("".join([node.render_annotated(context) for node in self]))
                               ~~~~~~~~~~~~~~~~~~~~~^^^^^^^^^
  File "D:\353504_SVIDINSKY_19\IGI\LR5\.venv\Lib\site-packages\django\template\base.py", line 977, in render_annotated
    return self.render(context)
           ~~~~~~~~~~~^^^^^^^^^
  File "D:\353504_SVIDINSKY_19\IGI\LR5\.venv\Lib\site-packages\django\template\defaulttags.py", line 480, in render
    url = reverse(view_name, args=args, kwargs=kwargs, current_app=current_app)
  File "D:\353504_SVIDINSKY_19\IGI\LR5\.venv\Lib\site-packages\django\urls\base.py", line 98, in reverse
    resolved_url = resolver._reverse_with_prefix(view, prefix, *args, **kwargs)
  File "D:\353504_SVIDINSKY_19\IGI\LR5\.venv\Lib\site-packages\django\urls\resolvers.py", line 831, in _reverse_with_prefix
    raise NoReverseMatch(msg)
django.urls.exceptions.NoReverseMatch: Reverse for 'couriers_list' not found. 'couriers_list' is not a valid view function or pattern name.
[ERROR] 2025-05-26 20:18:01 "GET / HTTP/1.1" 500 171382
[ERROR] 2025-05-26 20:18:01 Internal Server Error: /
Traceback (most recent call last):
  File "D:\353504_SVIDINSKY_19\IGI\LR5\.venv\Lib\site-packages\django\core\handlers\exception.py", line 55, in inner
    response = get_response(request)
  File "D:\353504_SVIDINSKY_19\IGI\LR5\.venv\Lib\site-packages\django\core\handlers\base.py", line 220, in _get_response
    response = response.render()
  File "D:\353504_SVIDINSKY_19\IGI\LR5\.venv\Lib\site-packages\django\template\response.py", line 114, in render
    self.content = self.rendered_content
                   ^^^^^^^^^^^^^^^^^^^^^
  File "D:\353504_SVIDINSKY_19\IGI\LR5\.venv\Lib\site-packages\django\template\response.py", line 92, in rendered_content
    return template.render(context, self._request)
           ~~~~~~~~~~~~~~~^^^^^^^^^^^^^^^^^^^^^^^^
  File "D:\353504_SVIDINSKY_19\IGI\LR5\.venv\Lib\site-packages\django\template\backends\django.py", line 107, in render
    return self.template.render(context)
           ~~~~~~~~~~~~~~~~~~~~^^^^^^^^^
  File "D:\353504_SVIDINSKY_19\IGI\LR5\.venv\Lib\site-packages\django\template\base.py", line 171, in render
    return self._render(context)
           ~~~~~~~~~~~~^^^^^^^^^
  File "D:\353504_SVIDINSKY_19\IGI\LR5\.venv\Lib\site-packages\django\template\base.py", line 163, in _render
    return self.nodelist.render(context)
           ~~~~~~~~~~~~~~~~~~~~^^^^^^^^^
  File "D:\353504_SVIDINSKY_19\IGI\LR5\.venv\Lib\site-packages\django\template\base.py", line 1016, in render
    return SafeString("".join([node.render_annotated(context) for node in self]))
                               ~~~~~~~~~~~~~~~~~~~~~^^^^^^^^^
  File "D:\353504_SVIDINSKY_19\IGI\LR5\.venv\Lib\site-packages\django\template\base.py", line 977, in render_annotated
    return self.render(context)
           ~~~~~~~~~~~^^^^^^^^^
  File "D:\353504_SVIDINSKY_19\IGI\LR5\.venv\Lib\site-packages\django\template\loader_tags.py", line 159, in render
    return compiled_parent._render(context)
           ~~~~~~~~~~~~~~~~~~~~~~~^^^^^^^^^
  File "D:\353504_SVIDINSKY_19\IGI\LR5\.venv\Lib\site-packages\django\template\base.py", line 163, in _render
    return self.nodelist.render(context)
           ~~~~~~~~~~~~~~~~~~~~^^^^^^^^^
  File "D:\353504_SVIDINSKY_19\IGI\LR5\.venv\Lib\site-packages\django\template\base.py", line 1016, in render
    return SafeString("".join([node.render_annotated(context) for node in self]))
                               ~~~~~~~~~~~~~~~~~~~~~^^^^^^^^^
  File "D:\353504_SVIDINSKY_19\IGI\LR5\.venv\Lib\site-packages\django\template\base.py", line 977, in render_annotated
    return self.render(context)
           ~~~~~~~~~~~^^^^^^^^^
  File "D:\353504_SVIDINSKY_19\IGI\LR5\.venv\Lib\site-packages\django\template\defaulttags.py", line 327, in render
    return nodelist.render(context)
           ~~~~~~~~~~~~~~~^^^^^^^^^
  File "D:\353504_SVIDINSKY_19\IGI\LR5\.venv\Lib\site-packages\django\template\base.py", line 1016, in render
    return SafeString("".join([node.render_annotated(context) for node in self]))
                               ~~~~~~~~~~~~~~~~~~~~~^^^^^^^^^
  File "D:\353504_SVIDINSKY_19\IGI\LR5\.venv\Lib\site-packages\django\template\base.py", line 977, in render_annotated
    return self.render(context)
           ~~~~~~~~~~~^^^^^^^^^
  File "D:\353504_SVIDINSKY_19\IGI\LR5\.venv\Lib\site-packages\django\template\defaulttags.py", line 327, in render
    return nodelist.render(context)
           ~~~~~~~~~~~~~~~^^^^^^^^^
  File "D:\353504_SVIDINSKY_19\IGI\LR5\.venv\Lib\site-packages\django\template\base.py", line 1016, in render
    return SafeString("".join([node.render_annotated(context) for node in self]))
                               ~~~~~~~~~~~~~~~~~~~~~^^^^^^^^^
  File "D:\353504_SVIDINSKY_19\IGI\LR5\.venv\Lib\site-packages\django\template\base.py", line 977, in render_annotated
    return self.render(context)
           ~~~~~~~~~~~^^^^^^^^^
  File "D:\353504_SVIDINSKY_19\IGI\LR5\.venv\Lib\site-packages\django\template\defaulttags.py", line 480, in render
    url = reverse(view_name, args=args, kwargs=kwargs, current_app=current_app)
  File "D:\353504_SVIDINSKY_19\IGI\LR5\.venv\Lib\site-packages\django\urls\base.py", line 98, in reverse
    resolved_url = resolver._reverse_with_prefix(view, prefix, *args, **kwargs)
  File "D:\353504_SVIDINSKY_19\IGI\LR5\.venv\Lib\site-packages\django\urls\resolvers.py", line 831, in _reverse_with_prefix
    raise NoReverseMatch(msg)
django.urls.exceptions.NoReverseMatch: Reverse for 'couriers_list' not found. 'couriers_list' is not a valid view function or pattern name.
[ERROR] 2025-05-26 20:18:01 "GET / HTTP/1.1" 500 171382
[ERROR] 2025-05-26 20:18:01 Internal Server Error: /
Traceback (most recent call last):
  File "D:\353504_SVIDINSKY_19\IGI\LR5\.venv\Lib\site-packages\django\core\handlers\exception.py", line 55, in inner
    response = get_response(request)
  File "D:\353504_SVIDINSKY_19\IGI\LR5\.venv\Lib\site-packages\django\core\handlers\base.py", line 220, in _get_response
    response = response.render()
  File "D:\353504_SVIDINSKY_19\IGI\LR5\.venv\Lib\site-packages\django\template\response.py", line 114, in render
    self.content = self.rendered_content
                   ^^^^^^^^^^^^^^^^^^^^^
  File "D:\353504_SVIDINSKY_19\IGI\LR5\.venv\Lib\site-packages\django\template\response.py", line 92, in rendered_content
    return template.render(context, self._request)
           ~~~~~~~~~~~~~~~^^^^^^^^^^^^^^^^^^^^^^^^
  File "D:\353504_SVIDINSKY_19\IGI\LR5\.venv\Lib\site-packages\django\template\backends\django.py", line 107, in render
    return self.template.render(context)
           ~~~~~~~~~~~~~~~~~~~~^^^^^^^^^
  File "D:\353504_SVIDINSKY_19\IGI\LR5\.venv\Lib\site-packages\django\template\base.py", line 171, in render
    return self._render(context)
           ~~~~~~~~~~~~^^^^^^^^^
  File "D:\353504_SVIDINSKY_19\IGI\LR5\.venv\Lib\site-packages\django\template\base.py", line 163, in _render
    return self.nodelist.render(context)
           ~~~~~~~~~~~~~~~~~~~~^^^^^^^^^
  File "D:\353504_SVIDINSKY_19\IGI\LR5\.venv\Lib\site-packages\django\template\base.py", line 1016, in render
    return SafeString("".join([node.render_annotated(context) for node in self]))
                               ~~~~~~~~~~~~~~~~~~~~~^^^^^^^^^
  File "D:\353504_SVIDINSKY_19\IGI\LR5\.venv\Lib\site-packages\django\template\base.py", line 977, in render_annotated
    return self.render(context)
           ~~~~~~~~~~~^^^^^^^^^
  File "D:\353504_SVIDINSKY_19\IGI\LR5\.venv\Lib\site-packages\django\template\loader_tags.py", line 159, in render
    return compiled_parent._render(context)
           ~~~~~~~~~~~~~~~~~~~~~~~^^^^^^^^^
  File "D:\353504_SVIDINSKY_19\IGI\LR5\.venv\Lib\site-packages\django\template\base.py", line 163, in _render
    return self.nodelist.render(context)
           ~~~~~~~~~~~~~~~~~~~~^^^^^^^^^
  File "D:\353504_SVIDINSKY_19\IGI\LR5\.venv\Lib\site-packages\django\template\base.py", line 1016, in render
    return SafeString("".join([node.render_annotated(context) for node in self]))
                               ~~~~~~~~~~~~~~~~~~~~~^^^^^^^^^
  File "D:\353504_SVIDINSKY_19\IGI\LR5\.venv\Lib\site-packages\django\template\base.py", line 977, in render_annotated
    return self.render(context)
           ~~~~~~~~~~~^^^^^^^^^
  File "D:\353504_SVIDINSKY_19\IGI\LR5\.venv\Lib\site-packages\django\template\defaulttags.py", line 327, in render
    return nodelist.render(context)
           ~~~~~~~~~~~~~~~^^^^^^^^^
  File "D:\353504_SVIDINSKY_19\IGI\LR5\.venv\Lib\site-packages\django\template\base.py", line 1016, in render
    return SafeString("".join([node.render_annotated(context) for node in self]))
                               ~~~~~~~~~~~~~~~~~~~~~^^^^^^^^^
  File "D:\353504_SVIDINSKY_19\IGI\LR5\.venv\Lib\site-packages\django\template\base.py", line 977, in render_annotated
    return self.render(context)
           ~~~~~~~~~~~^^^^^^^^^
  File "D:\353504_SVIDINSKY_19\IGI\LR5\.venv\Lib\site-packages\django\template\defaulttags.py", line 327, in render
    return nodelist.render(context)
           ~~~~~~~~~~~~~~~^^^^^^^^^
  File "D:\353504_SVIDINSKY_19\IGI\LR5\.venv\Lib\site-packages\django\template\base.py", line 1016, in render
    return SafeString("".join([node.render_annotated(context) for node in self]))
                               ~~~~~~~~~~~~~~~~~~~~~^^^^^^^^^
  File "D:\353504_SVIDINSKY_19\IGI\LR5\.venv\Lib\site-packages\django\template\base.py", line 977, in render_annotated
    return self.render(context)
           ~~~~~~~~~~~^^^^^^^^^
  File "D:\353504_SVIDINSKY_19\IGI\LR5\.venv\Lib\site-packages\django\template\defaulttags.py", line 480, in render
    url = reverse(view_name, args=args, kwargs=kwargs, current_app=current_app)
  File "D:\353504_SVIDINSKY_19\IGI\LR5\.venv\Lib\site-packages\django\urls\base.py", line 98, in reverse
    resolved_url = resolver._reverse_with_prefix(view, prefix, *args, **kwargs)
  File "D:\353504_SVIDINSKY_19\IGI\LR5\.venv\Lib\site-packages\django\urls\resolvers.py", line 831, in _reverse_with_prefix
    raise NoReverseMatch(msg)
django.urls.exceptions.NoReverseMatch: Reverse for 'couriers_list' not found. 'couriers_list' is not a valid view function or pattern name.
[ERROR] 2025-05-26 20:18:01 "GET / HTTP/1.1" 500 171382
[ERROR] 2025-05-26 20:18:01 Internal Server Error: /
Traceback (most recent call last):
  File "D:\353504_SVIDINSKY_19\IGI\LR5\.venv\Lib\site-packages\django\core\handlers\exception.py", line 55, in inner
    response = get_response(request)
  File "D:\353504_SVIDINSKY_19\IGI\LR5\.venv\Lib\site-packages\django\core\handlers\base.py", line 220, in _get_response
    response = response.render()
  File "D:\353504_SVIDINSKY_19\IGI\LR5\.venv\Lib\site-packages\django\template\response.py", line 114, in render
    self.content = self.rendered_content
                   ^^^^^^^^^^^^^^^^^^^^^
  File "D:\353504_SVIDINSKY_19\IGI\LR5\.venv\Lib\site-packages\django\template\response.py", line 92, in rendered_content
    return template.render(context, self._request)
           ~~~~~~~~~~~~~~~^^^^^^^^^^^^^^^^^^^^^^^^
  File "D:\353504_SVIDINSKY_19\IGI\LR5\.venv\Lib\site-packages\django\template\backends\django.py", line 107, in render
    return self.template.render(context)
           ~~~~~~~~~~~~~~~~~~~~^^^^^^^^^
  File "D:\353504_SVIDINSKY_19\IGI\LR5\.venv\Lib\site-packages\django\template\base.py", line 171, in render
    return self._render(context)
           ~~~~~~~~~~~~^^^^^^^^^
  File "D:\353504_SVIDINSKY_19\IGI\LR5\.venv\Lib\site-packages\django\template\base.py", line 163, in _render
    return self.nodelist.render(context)
           ~~~~~~~~~~~~~~~~~~~~^^^^^^^^^
  File "D:\353504_SVIDINSKY_19\IGI\LR5\.venv\Lib\site-packages\django\template\base.py", line 1016, in render
    return SafeString("".join([node.render_annotated(context) for node in self]))
                               ~~~~~~~~~~~~~~~~~~~~~^^^^^^^^^
  File "D:\353504_SVIDINSKY_19\IGI\LR5\.venv\Lib\site-packages\django\template\base.py", line 977, in render_annotated
    return self.render(context)
           ~~~~~~~~~~~^^^^^^^^^
  File "D:\353504_SVIDINSKY_19\IGI\LR5\.venv\Lib\site-packages\django\template\loader_tags.py", line 159, in render
    return compiled_parent._render(context)
           ~~~~~~~~~~~~~~~~~~~~~~~^^^^^^^^^
  File "D:\353504_SVIDINSKY_19\IGI\LR5\.venv\Lib\site-packages\django\template\base.py", line 163, in _render
    return self.nodelist.render(context)
           ~~~~~~~~~~~~~~~~~~~~^^^^^^^^^
  File "D:\353504_SVIDINSKY_19\IGI\LR5\.venv\Lib\site-packages\django\template\base.py", line 1016, in render
    return SafeString("".join([node.render_annotated(context) for node in self]))
                               ~~~~~~~~~~~~~~~~~~~~~^^^^^^^^^
  File "D:\353504_SVIDINSKY_19\IGI\LR5\.venv\Lib\site-packages\django\template\base.py", line 977, in render_annotated
    return self.render(context)
           ~~~~~~~~~~~^^^^^^^^^
  File "D:\353504_SVIDINSKY_19\IGI\LR5\.venv\Lib\site-packages\django\template\defaulttags.py", line 327, in render
    return nodelist.render(context)
           ~~~~~~~~~~~~~~~^^^^^^^^^
  File "D:\353504_SVIDINSKY_19\IGI\LR5\.venv\Lib\site-packages\django\template\base.py", line 1016, in render
    return SafeString("".join([node.render_annotated(context) for node in self]))
                               ~~~~~~~~~~~~~~~~~~~~~^^^^^^^^^
  File "D:\353504_SVIDINSKY_19\IGI\LR5\.venv\Lib\site-packages\django\template\base.py", line 977, in render_annotated
    return self.render(context)
           ~~~~~~~~~~~^^^^^^^^^
  File "D:\353504_SVIDINSKY_19\IGI\LR5\.venv\Lib\site-packages\django\template\defaulttags.py", line 327, in render
    return nodelist.render(context)
           ~~~~~~~~~~~~~~~^^^^^^^^^
  File "D:\353504_SVIDINSKY_19\IGI\LR5\.venv\Lib\site-packages\django\template\base.py", line 1016, in render
    return SafeString("".join([node.render_annotated(context) for node in self]))
                               ~~~~~~~~~~~~~~~~~~~~~^^^^^^^^^
  File "D:\353504_SVIDINSKY_19\IGI\LR5\.venv\Lib\site-packages\django\template\base.py", line 977, in render_annotated
    return self.render(context)
           ~~~~~~~~~~~^^^^^^^^^
  File "D:\353504_SVIDINSKY_19\IGI\LR5\.venv\Lib\site-packages\django\template\defaulttags.py", line 480, in render
    url = reverse(view_name, args=args, kwargs=kwargs, current_app=current_app)
  File "D:\353504_SVIDINSKY_19\IGI\LR5\.venv\Lib\site-packages\django\urls\base.py", line 98, in reverse
    resolved_url = resolver._reverse_with_prefix(view, prefix, *args, **kwargs)
  File "D:\353504_SVIDINSKY_19\IGI\LR5\.venv\Lib\site-packages\django\urls\resolvers.py", line 831, in _reverse_with_prefix
    raise NoReverseMatch(msg)
django.urls.exceptions.NoReverseMatch: Reverse for 'couriers_list' not found. 'couriers_list' is not a valid view function or pattern name.
[ERROR] 2025-05-26 20:18:01 "GET / HTTP/1.1" 500 171382
[INFO] 2025-05-26 20:18:41 Watching for file changes with StatReloader
[ERROR] 2025-05-26 20:18:44 Internal Server Error: /
Traceback (most recent call last):
  File "D:\353504_SVIDINSKY_19\IGI\LR5\.venv\Lib\site-packages\django\core\handlers\exception.py", line 55, in inner
    response = get_response(request)
  File "D:\353504_SVIDINSKY_19\IGI\LR5\.venv\Lib\site-packages\django\core\handlers\base.py", line 220, in _get_response
    response = response.render()
  File "D:\353504_SVIDINSKY_19\IGI\LR5\.venv\Lib\site-packages\django\template\response.py", line 114, in render
    self.content = self.rendered_content
                   ^^^^^^^^^^^^^^^^^^^^^
  File "D:\353504_SVIDINSKY_19\IGI\LR5\.venv\Lib\site-packages\django\template\response.py", line 92, in rendered_content
    return template.render(context, self._request)
           ~~~~~~~~~~~~~~~^^^^^^^^^^^^^^^^^^^^^^^^
  File "D:\353504_SVIDINSKY_19\IGI\LR5\.venv\Lib\site-packages\django\template\backends\django.py", line 107, in render
    return self.template.render(context)
           ~~~~~~~~~~~~~~~~~~~~^^^^^^^^^
  File "D:\353504_SVIDINSKY_19\IGI\LR5\.venv\Lib\site-packages\django\template\base.py", line 171, in render
    return self._render(context)
           ~~~~~~~~~~~~^^^^^^^^^
  File "D:\353504_SVIDINSKY_19\IGI\LR5\.venv\Lib\site-packages\django\template\base.py", line 163, in _render
    return self.nodelist.render(context)
           ~~~~~~~~~~~~~~~~~~~~^^^^^^^^^
  File "D:\353504_SVIDINSKY_19\IGI\LR5\.venv\Lib\site-packages\django\template\base.py", line 1016, in render
    return SafeString("".join([node.render_annotated(context) for node in self]))
                               ~~~~~~~~~~~~~~~~~~~~~^^^^^^^^^
  File "D:\353504_SVIDINSKY_19\IGI\LR5\.venv\Lib\site-packages\django\template\base.py", line 977, in render_annotated
    return self.render(context)
           ~~~~~~~~~~~^^^^^^^^^
  File "D:\353504_SVIDINSKY_19\IGI\LR5\.venv\Lib\site-packages\django\template\loader_tags.py", line 159, in render
    return compiled_parent._render(context)
           ~~~~~~~~~~~~~~~~~~~~~~~^^^^^^^^^
  File "D:\353504_SVIDINSKY_19\IGI\LR5\.venv\Lib\site-packages\django\template\base.py", line 163, in _render
    return self.nodelist.render(context)
           ~~~~~~~~~~~~~~~~~~~~^^^^^^^^^
  File "D:\353504_SVIDINSKY_19\IGI\LR5\.venv\Lib\site-packages\django\template\base.py", line 1016, in render
    return SafeString("".join([node.render_annotated(context) for node in self]))
                               ~~~~~~~~~~~~~~~~~~~~~^^^^^^^^^
  File "D:\353504_SVIDINSKY_19\IGI\LR5\.venv\Lib\site-packages\django\template\base.py", line 977, in render_annotated
    return self.render(context)
           ~~~~~~~~~~~^^^^^^^^^
  File "D:\353504_SVIDINSKY_19\IGI\LR5\.venv\Lib\site-packages\django\template\defaulttags.py", line 327, in render
    return nodelist.render(context)
           ~~~~~~~~~~~~~~~^^^^^^^^^
  File "D:\353504_SVIDINSKY_19\IGI\LR5\.venv\Lib\site-packages\django\template\base.py", line 1016, in render
    return SafeString("".join([node.render_annotated(context) for node in self]))
                               ~~~~~~~~~~~~~~~~~~~~~^^^^^^^^^
  File "D:\353504_SVIDINSKY_19\IGI\LR5\.venv\Lib\site-packages\django\template\base.py", line 977, in render_annotated
    return self.render(context)
           ~~~~~~~~~~~^^^^^^^^^
  File "D:\353504_SVIDINSKY_19\IGI\LR5\.venv\Lib\site-packages\django\template\defaulttags.py", line 327, in render
    return nodelist.render(context)
           ~~~~~~~~~~~~~~~^^^^^^^^^
  File "D:\353504_SVIDINSKY_19\IGI\LR5\.venv\Lib\site-packages\django\template\base.py", line 1016, in render
    return SafeString("".join([node.render_annotated(context) for node in self]))
                               ~~~~~~~~~~~~~~~~~~~~~^^^^^^^^^
  File "D:\353504_SVIDINSKY_19\IGI\LR5\.venv\Lib\site-packages\django\template\base.py", line 977, in render_annotated
    return self.render(context)
           ~~~~~~~~~~~^^^^^^^^^
  File "D:\353504_SVIDINSKY_19\IGI\LR5\.venv\Lib\site-packages\django\template\defaulttags.py", line 480, in render
    url = reverse(view_name, args=args, kwargs=kwargs, current_app=current_app)
  File "D:\353504_SVIDINSKY_19\IGI\LR5\.venv\Lib\site-packages\django\urls\base.py", line 98, in reverse
    resolved_url = resolver._reverse_with_prefix(view, prefix, *args, **kwargs)
  File "D:\353504_SVIDINSKY_19\IGI\LR5\.venv\Lib\site-packages\django\urls\resolvers.py", line 831, in _reverse_with_prefix
    raise NoReverseMatch(msg)
django.urls.exceptions.NoReverseMatch: Reverse for 'couriers_list' not found. 'couriers_list' is not a valid view function or pattern name.
[ERROR] 2025-05-26 20:18:44 "GET / HTTP/1.1" 500 171382
[INFO] 2025-05-26 20:19:58 D:\353504_SVIDINSKY_19\IGI\LR5\pizza\urls.py changed, reloading.
[INFO] 2025-05-26 20:19:59 Watching for file changes with StatReloader
[INFO] 2025-05-26 20:20:10 D:\353504_SVIDINSKY_19\IGI\LR5\pizza\urls.py changed, reloading.
[INFO] 2025-05-26 20:20:11 Watching for file changes with StatReloader
[INFO] 2025-05-26 20:20:13 "GET / HTTP/1.1" 200 5131
[WARNING] 2025-05-26 20:20:13 "GET /static/css/style.css HTTP/1.1" 404 1853
[WARNING] 2025-05-26 20:20:13 "GET /static/js/main.js HTTP/1.1" 404 1844
[WARNING] 2025-05-26 20:20:13 "GET /static/js/form-validation.js HTTP/1.1" 404 1877
[INFO] 2025-05-26 20:20:21 "GET /orders/ HTTP/1.1" 200 13979
[WARNING] 2025-05-26 20:20:21 "GET /static/css/style.css HTTP/1.1" 404 1853
[WARNING] 2025-05-26 20:20:21 "GET /static/js/main.js HTTP/1.1" 404 1844
[WARNING] 2025-05-26 20:20:21 "GET /static/js/form-validation.js HTTP/1.1" 404 1877
[INFO] 2025-05-26 20:20:22 "GET /promotions/ HTTP/1.1" 200 5055
[WARNING] 2025-05-26 20:20:22 "GET /static/js/main.js HTTP/1.1" 404 1844
[WARNING] 2025-05-26 20:20:22 "GET /static/css/style.css HTTP/1.1" 404 1853
[WARNING] 2025-05-26 20:20:22 "GET /static/js/form-validation.js HTTP/1.1" 404 1877
[ERROR] 2025-05-26 20:20:35 Internal Server Error: /pizza/create/
Traceback (most recent call last):
  File "D:\353504_SVIDINSKY_19\IGI\LR5\.venv\Lib\site-packages\django\core\handlers\exception.py", line 55, in inner
    response = get_response(request)
  File "D:\353504_SVIDINSKY_19\IGI\LR5\.venv\Lib\site-packages\django\core\handlers\base.py", line 220, in _get_response
    response = response.render()
  File "D:\353504_SVIDINSKY_19\IGI\LR5\.venv\Lib\site-packages\django\template\response.py", line 114, in render
    self.content = self.rendered_content
                   ^^^^^^^^^^^^^^^^^^^^^
  File "D:\353504_SVIDINSKY_19\IGI\LR5\.venv\Lib\site-packages\django\template\response.py", line 92, in rendered_content
    return template.render(context, self._request)
           ~~~~~~~~~~~~~~~^^^^^^^^^^^^^^^^^^^^^^^^
  File "D:\353504_SVIDINSKY_19\IGI\LR5\.venv\Lib\site-packages\django\template\backends\django.py", line 107, in render
    return self.template.render(context)
           ~~~~~~~~~~~~~~~~~~~~^^^^^^^^^
  File "D:\353504_SVIDINSKY_19\IGI\LR5\.venv\Lib\site-packages\django\template\base.py", line 171, in render
    return self._render(context)
           ~~~~~~~~~~~~^^^^^^^^^
  File "D:\353504_SVIDINSKY_19\IGI\LR5\.venv\Lib\site-packages\django\template\base.py", line 163, in _render
    return self.nodelist.render(context)
           ~~~~~~~~~~~~~~~~~~~~^^^^^^^^^
  File "D:\353504_SVIDINSKY_19\IGI\LR5\.venv\Lib\site-packages\django\template\base.py", line 1016, in render
    return SafeString("".join([node.render_annotated(context) for node in self]))
                               ~~~~~~~~~~~~~~~~~~~~~^^^^^^^^^
  File "D:\353504_SVIDINSKY_19\IGI\LR5\.venv\Lib\site-packages\django\template\base.py", line 977, in render_annotated
    return self.render(context)
           ~~~~~~~~~~~^^^^^^^^^
  File "D:\353504_SVIDINSKY_19\IGI\LR5\.venv\Lib\site-packages\django\template\loader_tags.py", line 159, in render
    return compiled_parent._render(context)
           ~~~~~~~~~~~~~~~~~~~~~~~^^^^^^^^^
  File "D:\353504_SVIDINSKY_19\IGI\LR5\.venv\Lib\site-packages\django\template\base.py", line 163, in _render
    return self.nodelist.render(context)
           ~~~~~~~~~~~~~~~~~~~~^^^^^^^^^
  File "D:\353504_SVIDINSKY_19\IGI\LR5\.venv\Lib\site-packages\django\template\base.py", line 1016, in render
    return SafeString("".join([node.render_annotated(context) for node in self]))
                               ~~~~~~~~~~~~~~~~~~~~~^^^^^^^^^
  File "D:\353504_SVIDINSKY_19\IGI\LR5\.venv\Lib\site-packages\django\template\base.py", line 977, in render_annotated
    return self.render(context)
           ~~~~~~~~~~~^^^^^^^^^
  File "D:\353504_SVIDINSKY_19\IGI\LR5\.venv\Lib\site-packages\django\template\loader_tags.py", line 65, in render
    result = block.nodelist.render(context)
  File "D:\353504_SVIDINSKY_19\IGI\LR5\.venv\Lib\site-packages\django\template\base.py", line 1016, in render
    return SafeString("".join([node.render_annotated(context) for node in self]))
                               ~~~~~~~~~~~~~~~~~~~~~^^^^^^^^^
  File "D:\353504_SVIDINSKY_19\IGI\LR5\.venv\Lib\site-packages\django\template\base.py", line 977, in render_annotated
    return self.render(context)
           ~~~~~~~~~~~^^^^^^^^^
  File "D:\353504_SVIDINSKY_19\IGI\LR5\.venv\Lib\site-packages\django\template\defaulttags.py", line 480, in render
    url = reverse(view_name, args=args, kwargs=kwargs, current_app=current_app)
  File "D:\353504_SVIDINSKY_19\IGI\LR5\.venv\Lib\site-packages\django\urls\base.py", line 98, in reverse
    resolved_url = resolver._reverse_with_prefix(view, prefix, *args, **kwargs)
  File "D:\353504_SVIDINSKY_19\IGI\LR5\.venv\Lib\site-packages\django\urls\resolvers.py", line 831, in _reverse_with_prefix
    raise NoReverseMatch(msg)
django.urls.exceptions.NoReverseMatch: Reverse for 'pizza_list' not found. 'pizza_list' is not a valid view function or pattern name.
[ERROR] 2025-05-26 20:20:35 "GET /pizza/create/ HTTP/1.1" 500 157244
[ERROR] 2025-05-26 20:20:40 Internal Server Error: /pizza/create/
Traceback (most recent call last):
  File "D:\353504_SVIDINSKY_19\IGI\LR5\.venv\Lib\site-packages\django\core\handlers\exception.py", line 55, in inner
    response = get_response(request)
  File "D:\353504_SVIDINSKY_19\IGI\LR5\.venv\Lib\site-packages\django\core\handlers\base.py", line 220, in _get_response
    response = response.render()
  File "D:\353504_SVIDINSKY_19\IGI\LR5\.venv\Lib\site-packages\django\template\response.py", line 114, in render
    self.content = self.rendered_content
                   ^^^^^^^^^^^^^^^^^^^^^
  File "D:\353504_SVIDINSKY_19\IGI\LR5\.venv\Lib\site-packages\django\template\response.py", line 92, in rendered_content
    return template.render(context, self._request)
           ~~~~~~~~~~~~~~~^^^^^^^^^^^^^^^^^^^^^^^^
  File "D:\353504_SVIDINSKY_19\IGI\LR5\.venv\Lib\site-packages\django\template\backends\django.py", line 107, in render
    return self.template.render(context)
           ~~~~~~~~~~~~~~~~~~~~^^^^^^^^^
  File "D:\353504_SVIDINSKY_19\IGI\LR5\.venv\Lib\site-packages\django\template\base.py", line 171, in render
    return self._render(context)
           ~~~~~~~~~~~~^^^^^^^^^
  File "D:\353504_SVIDINSKY_19\IGI\LR5\.venv\Lib\site-packages\django\template\base.py", line 163, in _render
    return self.nodelist.render(context)
           ~~~~~~~~~~~~~~~~~~~~^^^^^^^^^
  File "D:\353504_SVIDINSKY_19\IGI\LR5\.venv\Lib\site-packages\django\template\base.py", line 1016, in render
    return SafeString("".join([node.render_annotated(context) for node in self]))
                               ~~~~~~~~~~~~~~~~~~~~~^^^^^^^^^
  File "D:\353504_SVIDINSKY_19\IGI\LR5\.venv\Lib\site-packages\django\template\base.py", line 977, in render_annotated
    return self.render(context)
           ~~~~~~~~~~~^^^^^^^^^
  File "D:\353504_SVIDINSKY_19\IGI\LR5\.venv\Lib\site-packages\django\template\loader_tags.py", line 159, in render
    return compiled_parent._render(context)
           ~~~~~~~~~~~~~~~~~~~~~~~^^^^^^^^^
  File "D:\353504_SVIDINSKY_19\IGI\LR5\.venv\Lib\site-packages\django\template\base.py", line 163, in _render
    return self.nodelist.render(context)
           ~~~~~~~~~~~~~~~~~~~~^^^^^^^^^
  File "D:\353504_SVIDINSKY_19\IGI\LR5\.venv\Lib\site-packages\django\template\base.py", line 1016, in render
    return SafeString("".join([node.render_annotated(context) for node in self]))
                               ~~~~~~~~~~~~~~~~~~~~~^^^^^^^^^
  File "D:\353504_SVIDINSKY_19\IGI\LR5\.venv\Lib\site-packages\django\template\base.py", line 977, in render_annotated
    return self.render(context)
           ~~~~~~~~~~~^^^^^^^^^
  File "D:\353504_SVIDINSKY_19\IGI\LR5\.venv\Lib\site-packages\django\template\loader_tags.py", line 65, in render
    result = block.nodelist.render(context)
  File "D:\353504_SVIDINSKY_19\IGI\LR5\.venv\Lib\site-packages\django\template\base.py", line 1016, in render
    return SafeString("".join([node.render_annotated(context) for node in self]))
                               ~~~~~~~~~~~~~~~~~~~~~^^^^^^^^^
  File "D:\353504_SVIDINSKY_19\IGI\LR5\.venv\Lib\site-packages\django\template\base.py", line 977, in render_annotated
    return self.render(context)
           ~~~~~~~~~~~^^^^^^^^^
  File "D:\353504_SVIDINSKY_19\IGI\LR5\.venv\Lib\site-packages\django\template\defaulttags.py", line 480, in render
    url = reverse(view_name, args=args, kwargs=kwargs, current_app=current_app)
  File "D:\353504_SVIDINSKY_19\IGI\LR5\.venv\Lib\site-packages\django\urls\base.py", line 98, in reverse
    resolved_url = resolver._reverse_with_prefix(view, prefix, *args, **kwargs)
  File "D:\353504_SVIDINSKY_19\IGI\LR5\.venv\Lib\site-packages\django\urls\resolvers.py", line 831, in _reverse_with_prefix
    raise NoReverseMatch(msg)
django.urls.exceptions.NoReverseMatch: Reverse for 'pizza_list' not found. 'pizza_list' is not a valid view function or pattern name.
[ERROR] 2025-05-26 20:20:40 "GET /pizza/create/ HTTP/1.1" 500 157244
[INFO] 2025-05-26 20:20:43 "GET /order/new/ HTTP/1.1" 200 33318
[WARNING] 2025-05-26 20:20:43 "GET /static/js/main.js HTTP/1.1" 404 1844
[WARNING] 2025-05-26 20:20:43 "GET /static/css/style.css HTTP/1.1" 404 1853
[WARNING] 2025-05-26 20:20:43 "GET /static/js/form-validation.js HTTP/1.1" 404 1877
[INFO] 2025-05-26 20:20:46 "GET /order/new/ HTTP/1.1" 200 33314
[WARNING] 2025-05-26 20:20:46 "GET /static/css/style.css HTTP/1.1" 404 1853
[WARNING] 2025-05-26 20:20:46 "GET /static/js/main.js HTTP/1.1" 404 1844
[WARNING] 2025-05-26 20:20:46 "GET /static/js/form-validation.js HTTP/1.1" 404 1877
[INFO] 2025-05-26 20:20:49 "GET /my-orders/ HTTP/1.1" 200 3834
[WARNING] 2025-05-26 20:20:49 "GET /static/css/style.css HTTP/1.1" 404 1853
[WARNING] 2025-05-26 20:20:49 "GET /static/js/main.js HTTP/1.1" 404 1844
[WARNING] 2025-05-26 20:20:49 "GET /static/js/form-validation.js HTTP/1.1" 404 1877
[INFO] 2025-05-26 20:20:59 "GET /admin/ HTTP/1.1" 200 20978
[INFO] 2025-05-26 20:21:02 "GET /admin/ HTTP/1.1" 200 20978
[INFO] 2025-05-26 20:21:04 "GET /couriers/ HTTP/1.1" 200 2659
[WARNING] 2025-05-26 20:21:04 "GET /static/js/main.js HTTP/1.1" 404 1844
[WARNING] 2025-05-26 20:21:04 "GET /static/css/style.css HTTP/1.1" 404 1853
[WARNING] 2025-05-26 20:21:04 "GET /static/js/form-validation.js HTTP/1.1" 404 1877
[ERROR] 2025-05-26 20:21:06 Internal Server Error: /pizza/create/
Traceback (most recent call last):
  File "D:\353504_SVIDINSKY_19\IGI\LR5\.venv\Lib\site-packages\django\core\handlers\exception.py", line 55, in inner
    response = get_response(request)
  File "D:\353504_SVIDINSKY_19\IGI\LR5\.venv\Lib\site-packages\django\core\handlers\base.py", line 220, in _get_response
    response = response.render()
  File "D:\353504_SVIDINSKY_19\IGI\LR5\.venv\Lib\site-packages\django\template\response.py", line 114, in render
    self.content = self.rendered_content
                   ^^^^^^^^^^^^^^^^^^^^^
  File "D:\353504_SVIDINSKY_19\IGI\LR5\.venv\Lib\site-packages\django\template\response.py", line 92, in rendered_content
    return template.render(context, self._request)
           ~~~~~~~~~~~~~~~^^^^^^^^^^^^^^^^^^^^^^^^
  File "D:\353504_SVIDINSKY_19\IGI\LR5\.venv\Lib\site-packages\django\template\backends\django.py", line 107, in render
    return self.template.render(context)
           ~~~~~~~~~~~~~~~~~~~~^^^^^^^^^
  File "D:\353504_SVIDINSKY_19\IGI\LR5\.venv\Lib\site-packages\django\template\base.py", line 171, in render
    return self._render(context)
           ~~~~~~~~~~~~^^^^^^^^^
  File "D:\353504_SVIDINSKY_19\IGI\LR5\.venv\Lib\site-packages\django\template\base.py", line 163, in _render
    return self.nodelist.render(context)
           ~~~~~~~~~~~~~~~~~~~~^^^^^^^^^
  File "D:\353504_SVIDINSKY_19\IGI\LR5\.venv\Lib\site-packages\django\template\base.py", line 1016, in render
    return SafeString("".join([node.render_annotated(context) for node in self]))
                               ~~~~~~~~~~~~~~~~~~~~~^^^^^^^^^
  File "D:\353504_SVIDINSKY_19\IGI\LR5\.venv\Lib\site-packages\django\template\base.py", line 977, in render_annotated
    return self.render(context)
           ~~~~~~~~~~~^^^^^^^^^
  File "D:\353504_SVIDINSKY_19\IGI\LR5\.venv\Lib\site-packages\django\template\loader_tags.py", line 159, in render
    return compiled_parent._render(context)
           ~~~~~~~~~~~~~~~~~~~~~~~^^^^^^^^^
  File "D:\353504_SVIDINSKY_19\IGI\LR5\.venv\Lib\site-packages\django\template\base.py", line 163, in _render
    return self.nodelist.render(context)
           ~~~~~~~~~~~~~~~~~~~~^^^^^^^^^
  File "D:\353504_SVIDINSKY_19\IGI\LR5\.venv\Lib\site-packages\django\template\base.py", line 1016, in render
    return SafeString("".join([node.render_annotated(context) for node in self]))
                               ~~~~~~~~~~~~~~~~~~~~~^^^^^^^^^
  File "D:\353504_SVIDINSKY_19\IGI\LR5\.venv\Lib\site-packages\django\template\base.py", line 977, in render_annotated
    return self.render(context)
           ~~~~~~~~~~~^^^^^^^^^
  File "D:\353504_SVIDINSKY_19\IGI\LR5\.venv\Lib\site-packages\django\template\loader_tags.py", line 65, in render
    result = block.nodelist.render(context)
  File "D:\353504_SVIDINSKY_19\IGI\LR5\.venv\Lib\site-packages\django\template\base.py", line 1016, in render
    return SafeString("".join([node.render_annotated(context) for node in self]))
                               ~~~~~~~~~~~~~~~~~~~~~^^^^^^^^^
  File "D:\353504_SVIDINSKY_19\IGI\LR5\.venv\Lib\site-packages\django\template\base.py", line 977, in render_annotated
    return self.render(context)
           ~~~~~~~~~~~^^^^^^^^^
  File "D:\353504_SVIDINSKY_19\IGI\LR5\.venv\Lib\site-packages\django\template\defaulttags.py", line 480, in render
    url = reverse(view_name, args=args, kwargs=kwargs, current_app=current_app)
  File "D:\353504_SVIDINSKY_19\IGI\LR5\.venv\Lib\site-packages\django\urls\base.py", line 98, in reverse
    resolved_url = resolver._reverse_with_prefix(view, prefix, *args, **kwargs)
  File "D:\353504_SVIDINSKY_19\IGI\LR5\.venv\Lib\site-packages\django\urls\resolvers.py", line 831, in _reverse_with_prefix
    raise NoReverseMatch(msg)
django.urls.exceptions.NoReverseMatch: Reverse for 'pizza_list' not found. 'pizza_list' is not a valid view function or pattern name.
[ERROR] 2025-05-26 20:21:06 "GET /pizza/create/ HTTP/1.1" 500 157242
[DEBUG] 2025-05-26 20:21:10 Starting statistics calculation
[INFO] 2025-05-26 20:21:11 Statistics viewed by user alexander
[INFO] 2025-05-26 20:21:11 "GET /statistics/ HTTP/1.1" 200 103132
[WARNING] 2025-05-26 20:21:11 "GET /static/js/main.js HTTP/1.1" 404 1844
[WARNING] 2025-05-26 20:21:11 "GET /static/js/form-validation.js HTTP/1.1" 404 1877
[WARNING] 2025-05-26 20:21:11 "GET /static/css/style.css HTTP/1.1" 404 1853
[INFO] 2025-05-26 20:21:27 "GET /orders/ HTTP/1.1" 200 13979
[WARNING] 2025-05-26 20:21:27 "GET /static/css/style.css HTTP/1.1" 404 1853
[WARNING] 2025-05-26 20:21:27 "GET /static/js/main.js HTTP/1.1" 404 1844
[WARNING] 2025-05-26 20:21:27 "GET /static/js/form-validation.js HTTP/1.1" 404 1877
[DEBUG] 2025-05-26 20:21:29 Menu filter params: category=None, sauce=None, is_vegan=None, price=None-None
[INFO] 2025-05-26 20:21:29 "GET /menu/ HTTP/1.1" 200 9084
[WARNING] 2025-05-26 20:21:29 "GET /static/js/main.js HTTP/1.1" 404 1844
[WARNING] 2025-05-26 20:21:29 "GET /static/css/style.css HTTP/1.1" 404 1853
[WARNING] 2025-05-26 20:21:29 "GET /static/js/form-validation.js HTTP/1.1" 404 1877
[INFO] 2025-05-26 20:21:32 "GET / HTTP/1.1" 200 5131
[WARNING] 2025-05-26 20:21:32 "GET /static/css/style.css HTTP/1.1" 404 1853
[WARNING] 2025-05-26 20:21:32 "GET /static/js/main.js HTTP/1.1" 404 1844
[WARNING] 2025-05-26 20:21:32 "GET /static/js/form-validation.js HTTP/1.1" 404 1877
[INFO] 2025-05-26 20:21:33 "GET /orders/ HTTP/1.1" 200 13979
[WARNING] 2025-05-26 20:21:33 "GET /static/css/style.css HTTP/1.1" 404 1853
[WARNING] 2025-05-26 20:21:33 "GET /static/js/main.js HTTP/1.1" 404 1844
[WARNING] 2025-05-26 20:21:33 "GET /static/js/form-validation.js HTTP/1.1" 404 1877
[INFO] 2025-05-26 20:21:38 Courier nikita assigned to order 4
[INFO] 2025-05-26 20:21:38 "POST /order/4/assign-courier/ HTTP/1.1" 200 21
[INFO] 2025-05-26 20:21:38 "GET /orders/ HTTP/1.1" 200 13404
[WARNING] 2025-05-26 20:21:38 "GET /static/js/form-validation.js HTTP/1.1" 404 1877
[WARNING] 2025-05-26 20:21:38 "GET /static/js/main.js HTTP/1.1" 404 1844
[WARNING] 2025-05-26 20:21:38 "GET /static/css/style.css HTTP/1.1" 404 1853
[INFO] 2025-05-26 20:21:44 Order 3 status updated to preparing by alexander
[INFO] 2025-05-26 20:21:44 "POST /order/3/update-status/ HTTP/1.1" 200 21
[INFO] 2025-05-26 20:21:44 "GET /orders/ HTTP/1.1" 200 13408
[WARNING] 2025-05-26 20:21:44 "GET /static/css/style.css HTTP/1.1" 404 1853
[WARNING] 2025-05-26 20:21:44 "GET /static/js/main.js HTTP/1.1" 404 1844
[WARNING] 2025-05-26 20:21:44 "GET /static/js/form-validation.js HTTP/1.1" 404 1877
[INFO] 2025-05-26 20:21:45 Courier ashab assigned to order 3
[INFO] 2025-05-26 20:21:45 "POST /order/3/assign-courier/ HTTP/1.1" 200 21
[INFO] 2025-05-26 20:21:45 "GET /orders/ HTTP/1.1" 200 12832
[WARNING] 2025-05-26 20:21:45 "GET /static/js/form-validation.js HTTP/1.1" 404 1877
[WARNING] 2025-05-26 20:21:45 "GET /static/css/style.css HTTP/1.1" 404 1853
[WARNING] 2025-05-26 20:21:45 "GET /static/js/main.js HTTP/1.1" 404 1844
[WARNING] 2025-05-26 20:21:46 Method Not Allowed (POST): /orders/
[WARNING] 2025-05-26 20:21:46 Method Not Allowed: /orders/
[WARNING] 2025-05-26 20:21:46 "POST /orders/ HTTP/1.1" 405 0
[INFO] 2025-05-26 20:21:51 "GET /orders/ HTTP/1.1" 200 12832
[WARNING] 2025-05-26 20:21:51 "GET /static/css/style.css HTTP/1.1" 404 1853
[WARNING] 2025-05-26 20:21:51 "GET /static/js/main.js HTTP/1.1" 404 1844
[WARNING] 2025-05-26 20:21:51 "GET /static/js/form-validation.js HTTP/1.1" 404 1877
[INFO] 2025-05-26 20:22:00 Order 2 status updated to completed by alexander
[INFO] 2025-05-26 20:22:00 "POST /order/2/update-status/ HTTP/1.1" 200 21
[INFO] 2025-05-26 20:22:00 "GET /orders/ HTTP/1.1" 200 12836
[WARNING] 2025-05-26 20:22:00 "GET /static/js/form-validation.js HTTP/1.1" 404 1877
[WARNING] 2025-05-26 20:22:00 "GET /static/css/style.css HTTP/1.1" 404 1853
[WARNING] 2025-05-26 20:22:00 "GET /static/js/main.js HTTP/1.1" 404 1844
[INFO] 2025-05-26 20:22:03 Courier ashab assigned to order 2
[INFO] 2025-05-26 20:22:03 "POST /order/2/assign-courier/ HTTP/1.1" 200 21
[INFO] 2025-05-26 20:22:03 "GET /orders/ HTTP/1.1" 200 12260
[WARNING] 2025-05-26 20:22:03 "GET /static/css/style.css HTTP/1.1" 404 1853
[WARNING] 2025-05-26 20:22:03 "GET /static/js/main.js HTTP/1.1" 404 1844
[WARNING] 2025-05-26 20:22:03 "GET /static/js/form-validation.js HTTP/1.1" 404 1877
[WARNING] 2025-05-26 20:22:04 Method Not Allowed (POST): /orders/
[WARNING] 2025-05-26 20:22:04 Method Not Allowed: /orders/
[WARNING] 2025-05-26 20:22:04 "POST /orders/ HTTP/1.1" 405 0
[INFO] 2025-05-26 20:22:09 "GET /orders/ HTTP/1.1" 200 12260
[WARNING] 2025-05-26 20:22:09 "GET /static/js/form-validation.js HTTP/1.1" 404 1877
[WARNING] 2025-05-26 20:22:09 "GET /static/js/main.js HTTP/1.1" 404 1844
[WARNING] 2025-05-26 20:22:09 "GET /static/css/style.css HTTP/1.1" 404 1853
[WARNING] 2025-05-26 20:22:35 Method Not Allowed (POST): /orders/
[WARNING] 2025-05-26 20:22:35 Method Not Allowed: /orders/
[WARNING] 2025-05-26 20:22:35 "POST /orders/ HTTP/1.1" 405 0
[INFO] 2025-05-26 20:23:00 "GET /order/new/ HTTP/1.1" 200 33294
[WARNING] 2025-05-26 20:23:00 "GET /static/js/form-validation.js HTTP/1.1" 404 1877
[WARNING] 2025-05-26 20:23:00 "GET /static/js/main.js HTTP/1.1" 404 1844
[WARNING] 2025-05-26 20:23:00 "GET /static/css/style.css HTTP/1.1" 404 1853
[DEBUG] 2025-05-26 20:23:08 Starting order creation process for user alexander
[INFO] 2025-05-26 20:23:08 Order created: 5 by user alexander
[INFO] 2025-05-26 20:23:08 Order 5 completed with total price: 400.00
[INFO] 2025-05-26 20:23:08 "POST /order/new/ HTTP/1.1" 302 0
[ERROR] 2025-05-26 20:23:08 Internal Server Error: /order/complete/
Traceback (most recent call last):
  File "D:\353504_SVIDINSKY_19\IGI\LR5\.venv\Lib\site-packages\django\core\handlers\exception.py", line 55, in inner
    response = get_response(request)
  File "D:\353504_SVIDINSKY_19\IGI\LR5\.venv\Lib\site-packages\django\core\handlers\base.py", line 197, in _get_response
    response = wrapped_callback(request, *callback_args, **callback_kwargs)
  File "D:\353504_SVIDINSKY_19\igi\lr5\pizza\views.py", line 221, in order_complete
    return render(request, 'pizza/order_complete.html', {
        'message': 'Ваш заказ успешно оформлен!'
    })
  File "D:\353504_SVIDINSKY_19\IGI\LR5\.venv\Lib\site-packages\django\shortcuts.py", line 25, in render
    content = loader.render_to_string(template_name, context, request, using=using)
  File "D:\353504_SVIDINSKY_19\IGI\LR5\.venv\Lib\site-packages\django\template\loader.py", line 62, in render_to_string
    return template.render(context, request)
           ~~~~~~~~~~~~~~~^^^^^^^^^^^^^^^^^^
  File "D:\353504_SVIDINSKY_19\IGI\LR5\.venv\Lib\site-packages\django\template\backends\django.py", line 107, in render
    return self.template.render(context)
           ~~~~~~~~~~~~~~~~~~~~^^^^^^^^^
  File "D:\353504_SVIDINSKY_19\IGI\LR5\.venv\Lib\site-packages\django\template\base.py", line 171, in render
    return self._render(context)
           ~~~~~~~~~~~~^^^^^^^^^
  File "D:\353504_SVIDINSKY_19\IGI\LR5\.venv\Lib\site-packages\django\template\base.py", line 163, in _render
    return self.nodelist.render(context)
           ~~~~~~~~~~~~~~~~~~~~^^^^^^^^^
  File "D:\353504_SVIDINSKY_19\IGI\LR5\.venv\Lib\site-packages\django\template\base.py", line 1016, in render
    return SafeString("".join([node.render_annotated(context) for node in self]))
                               ~~~~~~~~~~~~~~~~~~~~~^^^^^^^^^
  File "D:\353504_SVIDINSKY_19\IGI\LR5\.venv\Lib\site-packages\django\template\base.py", line 977, in render_annotated
    return self.render(context)
           ~~~~~~~~~~~^^^^^^^^^
  File "D:\353504_SVIDINSKY_19\IGI\LR5\.venv\Lib\site-packages\django\template\loader_tags.py", line 159, in render
    return compiled_parent._render(context)
           ~~~~~~~~~~~~~~~~~~~~~~~^^^^^^^^^
  File "D:\353504_SVIDINSKY_19\IGI\LR5\.venv\Lib\site-packages\django\template\base.py", line 163, in _render
    return self.nodelist.render(context)
           ~~~~~~~~~~~~~~~~~~~~^^^^^^^^^
  File "D:\353504_SVIDINSKY_19\IGI\LR5\.venv\Lib\site-packages\django\template\base.py", line 1016, in render
    return SafeString("".join([node.render_annotated(context) for node in self]))
                               ~~~~~~~~~~~~~~~~~~~~~^^^^^^^^^
  File "D:\353504_SVIDINSKY_19\IGI\LR5\.venv\Lib\site-packages\django\template\base.py", line 977, in render_annotated
    return self.render(context)
           ~~~~~~~~~~~^^^^^^^^^
  File "D:\353504_SVIDINSKY_19\IGI\LR5\.venv\Lib\site-packages\django\template\loader_tags.py", line 65, in render
    result = block.nodelist.render(context)
  File "D:\353504_SVIDINSKY_19\IGI\LR5\.venv\Lib\site-packages\django\template\base.py", line 1016, in render
    return SafeString("".join([node.render_annotated(context) for node in self]))
                               ~~~~~~~~~~~~~~~~~~~~~^^^^^^^^^
  File "D:\353504_SVIDINSKY_19\IGI\LR5\.venv\Lib\site-packages\django\template\base.py", line 977, in render_annotated
    return self.render(context)
           ~~~~~~~~~~~^^^^^^^^^
  File "D:\353504_SVIDINSKY_19\IGI\LR5\.venv\Lib\site-packages\django\template\defaulttags.py", line 480, in render
    url = reverse(view_name, args=args, kwargs=kwargs, current_app=current_app)
  File "D:\353504_SVIDINSKY_19\IGI\LR5\.venv\Lib\site-packages\django\urls\base.py", line 98, in reverse
    resolved_url = resolver._reverse_with_prefix(view, prefix, *args, **kwargs)
  File "D:\353504_SVIDINSKY_19\IGI\LR5\.venv\Lib\site-packages\django\urls\resolvers.py", line 831, in _reverse_with_prefix
    raise NoReverseMatch(msg)
django.urls.exceptions.NoReverseMatch: Reverse for 'pizza_list' not found. 'pizza_list' is not a valid view function or pattern name.
[ERROR] 2025-05-26 20:23:08 "GET /order/complete/ HTTP/1.1" 500 153465
[INFO] 2025-05-26 20:23:39 "GET /orders/ HTTP/1.1" 200 14413
[WARNING] 2025-05-26 20:23:39 "GET /static/css/style.css HTTP/1.1" 404 1853
[WARNING] 2025-05-26 20:23:39 "GET /static/js/main.js HTTP/1.1" 404 1844
[WARNING] 2025-05-26 20:23:39 "GET /static/js/form-validation.js HTTP/1.1" 404 1877
[ERROR] 2025-05-26 20:23:47 Internal Server Error: /pizza/create/
Traceback (most recent call last):
  File "D:\353504_SVIDINSKY_19\IGI\LR5\.venv\Lib\site-packages\django\core\handlers\exception.py", line 55, in inner
    response = get_response(request)
  File "D:\353504_SVIDINSKY_19\IGI\LR5\.venv\Lib\site-packages\django\core\handlers\base.py", line 220, in _get_response
    response = response.render()
  File "D:\353504_SVIDINSKY_19\IGI\LR5\.venv\Lib\site-packages\django\template\response.py", line 114, in render
    self.content = self.rendered_content
                   ^^^^^^^^^^^^^^^^^^^^^
  File "D:\353504_SVIDINSKY_19\IGI\LR5\.venv\Lib\site-packages\django\template\response.py", line 92, in rendered_content
    return template.render(context, self._request)
           ~~~~~~~~~~~~~~~^^^^^^^^^^^^^^^^^^^^^^^^
  File "D:\353504_SVIDINSKY_19\IGI\LR5\.venv\Lib\site-packages\django\template\backends\django.py", line 107, in render
    return self.template.render(context)
           ~~~~~~~~~~~~~~~~~~~~^^^^^^^^^
  File "D:\353504_SVIDINSKY_19\IGI\LR5\.venv\Lib\site-packages\django\template\base.py", line 171, in render
    return self._render(context)
           ~~~~~~~~~~~~^^^^^^^^^
  File "D:\353504_SVIDINSKY_19\IGI\LR5\.venv\Lib\site-packages\django\template\base.py", line 163, in _render
    return self.nodelist.render(context)
           ~~~~~~~~~~~~~~~~~~~~^^^^^^^^^
  File "D:\353504_SVIDINSKY_19\IGI\LR5\.venv\Lib\site-packages\django\template\base.py", line 1016, in render
    return SafeString("".join([node.render_annotated(context) for node in self]))
                               ~~~~~~~~~~~~~~~~~~~~~^^^^^^^^^
  File "D:\353504_SVIDINSKY_19\IGI\LR5\.venv\Lib\site-packages\django\template\base.py", line 977, in render_annotated
    return self.render(context)
           ~~~~~~~~~~~^^^^^^^^^
  File "D:\353504_SVIDINSKY_19\IGI\LR5\.venv\Lib\site-packages\django\template\loader_tags.py", line 159, in render
    return compiled_parent._render(context)
           ~~~~~~~~~~~~~~~~~~~~~~~^^^^^^^^^
  File "D:\353504_SVIDINSKY_19\IGI\LR5\.venv\Lib\site-packages\django\template\base.py", line 163, in _render
    return self.nodelist.render(context)
           ~~~~~~~~~~~~~~~~~~~~^^^^^^^^^
  File "D:\353504_SVIDINSKY_19\IGI\LR5\.venv\Lib\site-packages\django\template\base.py", line 1016, in render
    return SafeString("".join([node.render_annotated(context) for node in self]))
                               ~~~~~~~~~~~~~~~~~~~~~^^^^^^^^^
  File "D:\353504_SVIDINSKY_19\IGI\LR5\.venv\Lib\site-packages\django\template\base.py", line 977, in render_annotated
    return self.render(context)
           ~~~~~~~~~~~^^^^^^^^^
  File "D:\353504_SVIDINSKY_19\IGI\LR5\.venv\Lib\site-packages\django\template\loader_tags.py", line 65, in render
    result = block.nodelist.render(context)
  File "D:\353504_SVIDINSKY_19\IGI\LR5\.venv\Lib\site-packages\django\template\base.py", line 1016, in render
    return SafeString("".join([node.render_annotated(context) for node in self]))
                               ~~~~~~~~~~~~~~~~~~~~~^^^^^^^^^
  File "D:\353504_SVIDINSKY_19\IGI\LR5\.venv\Lib\site-packages\django\template\base.py", line 977, in render_annotated
    return self.render(context)
           ~~~~~~~~~~~^^^^^^^^^
  File "D:\353504_SVIDINSKY_19\IGI\LR5\.venv\Lib\site-packages\django\template\defaulttags.py", line 480, in render
    url = reverse(view_name, args=args, kwargs=kwargs, current_app=current_app)
  File "D:\353504_SVIDINSKY_19\IGI\LR5\.venv\Lib\site-packages\django\urls\base.py", line 98, in reverse
    resolved_url = resolver._reverse_with_prefix(view, prefix, *args, **kwargs)
  File "D:\353504_SVIDINSKY_19\IGI\LR5\.venv\Lib\site-packages\django\urls\resolvers.py", line 831, in _reverse_with_prefix
    raise NoReverseMatch(msg)
django.urls.exceptions.NoReverseMatch: Reverse for 'pizza_list' not found. 'pizza_list' is not a valid view function or pattern name.
[ERROR] 2025-05-26 20:23:47 "GET /pizza/create/ HTTP/1.1" 500 157240
[INFO] 2025-05-26 20:23:51 "GET /my-orders/ HTTP/1.1" 200 4326
[WARNING] 2025-05-26 20:23:51 "GET /static/js/main.js HTTP/1.1" 404 1844
[WARNING] 2025-05-26 20:23:51 "GET /static/js/form-validation.js HTTP/1.1" 404 1877
[WARNING] 2025-05-26 20:23:51 "GET /static/css/style.css HTTP/1.1" 404 1853
[INFO] 2025-05-26 20:23:54 "GET /promotions/ HTTP/1.1" 200 5055
[WARNING] 2025-05-26 20:23:54 "GET /static/js/main.js HTTP/1.1" 404 1844
[WARNING] 2025-05-26 20:23:54 "GET /static/css/style.css HTTP/1.1" 404 1853
[WARNING] 2025-05-26 20:23:54 "GET /static/js/form-validation.js HTTP/1.1" 404 1877
[INFO] 2025-05-26 20:24:03 "POST /promotions/apply/ HTTP/1.1" 302 0
[INFO] 2025-05-26 20:24:03 "GET /promotions/ HTTP/1.1" 200 5263
[WARNING] 2025-05-26 20:24:03 "GET /static/css/style.css HTTP/1.1" 404 1853
[WARNING] 2025-05-26 20:24:03 "GET /static/js/main.js HTTP/1.1" 404 1844
[WARNING] 2025-05-26 20:24:03 "GET /static/js/form-validation.js HTTP/1.1" 404 1877
[INFO] 2025-05-26 20:25:56 D:\353504_SVIDINSKY_19\IGI\LR5\pizza\views.py changed, reloading.
[INFO] 2025-05-26 20:25:58 Watching for file changes with StatReloader
[INFO] 2025-05-26 20:26:14 D:\353504_SVIDINSKY_19\IGI\LR5\pizza\views.py changed, reloading.
[INFO] 2025-05-26 20:26:15 Watching for file changes with StatReloader
[INFO] 2025-05-26 20:26:16 "GET /promotions/ HTTP/1.1" 200 5055
[WARNING] 2025-05-26 20:26:16 "GET /static/js/main.js HTTP/1.1" 404 1844
[WARNING] 2025-05-26 20:26:16 "GET /static/css/style.css HTTP/1.1" 404 1853
[WARNING] 2025-05-26 20:26:16 "GET /static/js/form-validation.js HTTP/1.1" 404 1877
[INFO] 2025-05-26 20:26:18 "GET /couriers/ HTTP/1.1" 200 2659
[WARNING] 2025-05-26 20:26:18 "GET /static/css/style.css HTTP/1.1" 404 1853
[WARNING] 2025-05-26 20:26:18 "GET /static/js/main.js HTTP/1.1" 404 1844
[WARNING] 2025-05-26 20:26:18 "GET /static/js/form-validation.js HTTP/1.1" 404 1877
[INFO] 2025-05-26 20:26:20 "GET /orders/ HTTP/1.1" 200 16019
[WARNING] 2025-05-26 20:26:20 "GET /static/css/style.css HTTP/1.1" 404 1853
[WARNING] 2025-05-26 20:26:20 "GET /static/js/main.js HTTP/1.1" 404 1844
[WARNING] 2025-05-26 20:26:20 "GET /static/js/form-validation.js HTTP/1.1" 404 1877
[INFO] 2025-05-26 20:26:22 Order 5 status updated to completed by alexander
[INFO] 2025-05-26 20:26:22 "POST /order/5/update-status/ HTTP/1.1" 200 21
[INFO] 2025-05-26 20:26:22 "GET /orders/ HTTP/1.1" 200 16023
[WARNING] 2025-05-26 20:26:22 "GET /static/css/style.css HTTP/1.1" 404 1853
[WARNING] 2025-05-26 20:26:22 "GET /static/js/main.js HTTP/1.1" 404 1844
[WARNING] 2025-05-26 20:26:22 "GET /static/js/form-validation.js HTTP/1.1" 404 1877
[INFO] 2025-05-26 20:26:23 Courier nikita assigned to order 5
[INFO] 2025-05-26 20:26:23 "POST /order/5/assign-courier/ HTTP/1.1" 200 21
[INFO] 2025-05-26 20:26:23 "GET /orders/ HTTP/1.1" 200 15448
[WARNING] 2025-05-26 20:26:23 "GET /static/css/style.css HTTP/1.1" 404 1853
[WARNING] 2025-05-26 20:26:23 "GET /static/js/main.js HTTP/1.1" 404 1844
[WARNING] 2025-05-26 20:26:23 "GET /static/js/form-validation.js HTTP/1.1" 404 1877
[WARNING] 2025-05-26 20:26:24 Method Not Allowed (POST): /orders/
[WARNING] 2025-05-26 20:26:24 Method Not Allowed: /orders/
[WARNING] 2025-05-26 20:26:24 "POST /orders/ HTTP/1.1" 405 0
[INFO] 2025-05-26 20:26:28 "GET /orders/ HTTP/1.1" 200 15448
[WARNING] 2025-05-26 20:26:28 "GET /static/css/style.css HTTP/1.1" 404 1853
[WARNING] 2025-05-26 20:26:28 "GET /static/js/main.js HTTP/1.1" 404 1844
[WARNING] 2025-05-26 20:26:28 "GET /static/js/form-validation.js HTTP/1.1" 404 1877
[INFO] 2025-05-26 20:26:33 "GET /order/new/ HTTP/1.1" 200 33321
[WARNING] 2025-05-26 20:26:33 "GET /static/css/style.css HTTP/1.1" 404 1853
[WARNING] 2025-05-26 20:26:33 "GET /static/js/main.js HTTP/1.1" 404 1844
[WARNING] 2025-05-26 20:26:33 "GET /static/js/form-validation.js HTTP/1.1" 404 1877
[DEBUG] 2025-05-26 20:27:05 Starting order creation process for user alexander
[INFO] 2025-05-26 20:27:05 Order created: 6 by user alexander
[INFO] 2025-05-26 20:27:05 Order 6 completed with total price: 504.00
[INFO] 2025-05-26 20:27:05 "POST /order/new/ HTTP/1.1" 302 0
[INFO] 2025-05-26 20:27:05 "GET /order/complete/ HTTP/1.1" 200 2182
[WARNING] 2025-05-26 20:27:05 "GET /static/css/style.css HTTP/1.1" 404 1853
[WARNING] 2025-05-26 20:27:05 "GET /static/js/form-validation.js HTTP/1.1" 404 1877
[WARNING] 2025-05-26 20:27:05 "GET /static/js/main.js HTTP/1.1" 404 1844
[INFO] 2025-05-26 20:27:12 "GET /orders/ HTTP/1.1" 200 17601
[WARNING] 2025-05-26 20:27:12 "GET /static/css/style.css HTTP/1.1" 404 1853
[WARNING] 2025-05-26 20:27:12 "GET /static/js/main.js HTTP/1.1" 404 1844
[WARNING] 2025-05-26 20:27:12 "GET /static/js/form-validation.js HTTP/1.1" 404 1877
[ERROR] 2025-05-26 20:27:14 Internal Server Error: /pizza/create/
Traceback (most recent call last):
  File "D:\353504_SVIDINSKY_19\IGI\LR5\.venv\Lib\site-packages\django\core\handlers\exception.py", line 55, in inner
    response = get_response(request)
  File "D:\353504_SVIDINSKY_19\IGI\LR5\.venv\Lib\site-packages\django\core\handlers\base.py", line 220, in _get_response
    response = response.render()
  File "D:\353504_SVIDINSKY_19\IGI\LR5\.venv\Lib\site-packages\django\template\response.py", line 114, in render
    self.content = self.rendered_content
                   ^^^^^^^^^^^^^^^^^^^^^
  File "D:\353504_SVIDINSKY_19\IGI\LR5\.venv\Lib\site-packages\django\template\response.py", line 92, in rendered_content
    return template.render(context, self._request)
           ~~~~~~~~~~~~~~~^^^^^^^^^^^^^^^^^^^^^^^^
  File "D:\353504_SVIDINSKY_19\IGI\LR5\.venv\Lib\site-packages\django\template\backends\django.py", line 107, in render
    return self.template.render(context)
           ~~~~~~~~~~~~~~~~~~~~^^^^^^^^^
  File "D:\353504_SVIDINSKY_19\IGI\LR5\.venv\Lib\site-packages\django\template\base.py", line 171, in render
    return self._render(context)
           ~~~~~~~~~~~~^^^^^^^^^
  File "D:\353504_SVIDINSKY_19\IGI\LR5\.venv\Lib\site-packages\django\template\base.py", line 163, in _render
    return self.nodelist.render(context)
           ~~~~~~~~~~~~~~~~~~~~^^^^^^^^^
  File "D:\353504_SVIDINSKY_19\IGI\LR5\.venv\Lib\site-packages\django\template\base.py", line 1016, in render
    return SafeString("".join([node.render_annotated(context) for node in self]))
                               ~~~~~~~~~~~~~~~~~~~~~^^^^^^^^^
  File "D:\353504_SVIDINSKY_19\IGI\LR5\.venv\Lib\site-packages\django\template\base.py", line 977, in render_annotated
    return self.render(context)
           ~~~~~~~~~~~^^^^^^^^^
  File "D:\353504_SVIDINSKY_19\IGI\LR5\.venv\Lib\site-packages\django\template\loader_tags.py", line 159, in render
    return compiled_parent._render(context)
           ~~~~~~~~~~~~~~~~~~~~~~~^^^^^^^^^
  File "D:\353504_SVIDINSKY_19\IGI\LR5\.venv\Lib\site-packages\django\template\base.py", line 163, in _render
    return self.nodelist.render(context)
           ~~~~~~~~~~~~~~~~~~~~^^^^^^^^^
  File "D:\353504_SVIDINSKY_19\IGI\LR5\.venv\Lib\site-packages\django\template\base.py", line 1016, in render
    return SafeString("".join([node.render_annotated(context) for node in self]))
                               ~~~~~~~~~~~~~~~~~~~~~^^^^^^^^^
  File "D:\353504_SVIDINSKY_19\IGI\LR5\.venv\Lib\site-packages\django\template\base.py", line 977, in render_annotated
    return self.render(context)
           ~~~~~~~~~~~^^^^^^^^^
  File "D:\353504_SVIDINSKY_19\IGI\LR5\.venv\Lib\site-packages\django\template\loader_tags.py", line 65, in render
    result = block.nodelist.render(context)
  File "D:\353504_SVIDINSKY_19\IGI\LR5\.venv\Lib\site-packages\django\template\base.py", line 1016, in render
    return SafeString("".join([node.render_annotated(context) for node in self]))
                               ~~~~~~~~~~~~~~~~~~~~~^^^^^^^^^
  File "D:\353504_SVIDINSKY_19\IGI\LR5\.venv\Lib\site-packages\django\template\base.py", line 977, in render_annotated
    return self.render(context)
           ~~~~~~~~~~~^^^^^^^^^
  File "D:\353504_SVIDINSKY_19\IGI\LR5\.venv\Lib\site-packages\django\template\defaulttags.py", line 480, in render
    url = reverse(view_name, args=args, kwargs=kwargs, current_app=current_app)
  File "D:\353504_SVIDINSKY_19\IGI\LR5\.venv\Lib\site-packages\django\urls\base.py", line 98, in reverse
    resolved_url = resolver._reverse_with_prefix(view, prefix, *args, **kwargs)
  File "D:\353504_SVIDINSKY_19\IGI\LR5\.venv\Lib\site-packages\django\urls\resolvers.py", line 831, in _reverse_with_prefix
    raise NoReverseMatch(msg)
django.urls.exceptions.NoReverseMatch: Reverse for 'pizza_list' not found. 'pizza_list' is not a valid view function or pattern name.
[ERROR] 2025-05-26 20:27:14 "GET /pizza/create/ HTTP/1.1" 500 157240
[ERROR] 2025-05-26 20:27:15 Internal Server Error: /pizza/create/
Traceback (most recent call last):
  File "D:\353504_SVIDINSKY_19\IGI\LR5\.venv\Lib\site-packages\django\core\handlers\exception.py", line 55, in inner
    response = get_response(request)
  File "D:\353504_SVIDINSKY_19\IGI\LR5\.venv\Lib\site-packages\django\core\handlers\base.py", line 220, in _get_response
    response = response.render()
  File "D:\353504_SVIDINSKY_19\IGI\LR5\.venv\Lib\site-packages\django\template\response.py", line 114, in render
    self.content = self.rendered_content
                   ^^^^^^^^^^^^^^^^^^^^^
  File "D:\353504_SVIDINSKY_19\IGI\LR5\.venv\Lib\site-packages\django\template\response.py", line 92, in rendered_content
    return template.render(context, self._request)
           ~~~~~~~~~~~~~~~^^^^^^^^^^^^^^^^^^^^^^^^
  File "D:\353504_SVIDINSKY_19\IGI\LR5\.venv\Lib\site-packages\django\template\backends\django.py", line 107, in render
    return self.template.render(context)
           ~~~~~~~~~~~~~~~~~~~~^^^^^^^^^
  File "D:\353504_SVIDINSKY_19\IGI\LR5\.venv\Lib\site-packages\django\template\base.py", line 171, in render
    return self._render(context)
           ~~~~~~~~~~~~^^^^^^^^^
  File "D:\353504_SVIDINSKY_19\IGI\LR5\.venv\Lib\site-packages\django\template\base.py", line 163, in _render
    return self.nodelist.render(context)
           ~~~~~~~~~~~~~~~~~~~~^^^^^^^^^
  File "D:\353504_SVIDINSKY_19\IGI\LR5\.venv\Lib\site-packages\django\template\base.py", line 1016, in render
    return SafeString("".join([node.render_annotated(context) for node in self]))
                               ~~~~~~~~~~~~~~~~~~~~~^^^^^^^^^
  File "D:\353504_SVIDINSKY_19\IGI\LR5\.venv\Lib\site-packages\django\template\base.py", line 977, in render_annotated
    return self.render(context)
           ~~~~~~~~~~~^^^^^^^^^
  File "D:\353504_SVIDINSKY_19\IGI\LR5\.venv\Lib\site-packages\django\template\loader_tags.py", line 159, in render
    return compiled_parent._render(context)
           ~~~~~~~~~~~~~~~~~~~~~~~^^^^^^^^^
  File "D:\353504_SVIDINSKY_19\IGI\LR5\.venv\Lib\site-packages\django\template\base.py", line 163, in _render
    return self.nodelist.render(context)
           ~~~~~~~~~~~~~~~~~~~~^^^^^^^^^
  File "D:\353504_SVIDINSKY_19\IGI\LR5\.venv\Lib\site-packages\django\template\base.py", line 1016, in render
    return SafeString("".join([node.render_annotated(context) for node in self]))
                               ~~~~~~~~~~~~~~~~~~~~~^^^^^^^^^
  File "D:\353504_SVIDINSKY_19\IGI\LR5\.venv\Lib\site-packages\django\template\base.py", line 977, in render_annotated
    return self.render(context)
           ~~~~~~~~~~~^^^^^^^^^
  File "D:\353504_SVIDINSKY_19\IGI\LR5\.venv\Lib\site-packages\django\template\loader_tags.py", line 65, in render
    result = block.nodelist.render(context)
  File "D:\353504_SVIDINSKY_19\IGI\LR5\.venv\Lib\site-packages\django\template\base.py", line 1016, in render
    return SafeString("".join([node.render_annotated(context) for node in self]))
                               ~~~~~~~~~~~~~~~~~~~~~^^^^^^^^^
  File "D:\353504_SVIDINSKY_19\IGI\LR5\.venv\Lib\site-packages\django\template\base.py", line 977, in render_annotated
    return self.render(context)
           ~~~~~~~~~~~^^^^^^^^^
  File "D:\353504_SVIDINSKY_19\IGI\LR5\.venv\Lib\site-packages\django\template\defaulttags.py", line 480, in render
    url = reverse(view_name, args=args, kwargs=kwargs, current_app=current_app)
  File "D:\353504_SVIDINSKY_19\IGI\LR5\.venv\Lib\site-packages\django\urls\base.py", line 98, in reverse
    resolved_url = resolver._reverse_with_prefix(view, prefix, *args, **kwargs)
  File "D:\353504_SVIDINSKY_19\IGI\LR5\.venv\Lib\site-packages\django\urls\resolvers.py", line 831, in _reverse_with_prefix
    raise NoReverseMatch(msg)
django.urls.exceptions.NoReverseMatch: Reverse for 'pizza_list' not found. 'pizza_list' is not a valid view function or pattern name.
[ERROR] 2025-05-26 20:27:15 "GET /pizza/create/ HTTP/1.1" 500 157377
[INFO] 2025-05-26 20:29:47 D:\353504_SVIDINSKY_19\IGI\LR5\pizza\views.py changed, reloading.
[INFO] 2025-05-26 20:29:47 Watching for file changes with StatReloader
[INFO] 2025-05-26 20:29:58 D:\353504_SVIDINSKY_19\IGI\LR5\pizza\views.py changed, reloading.
[INFO] 2025-05-26 20:29:58 Watching for file changes with StatReloader
[INFO] 2025-05-26 20:30:06 "GET /pizza/create/ HTTP/1.1" 200 10144
[WARNING] 2025-05-26 20:30:06 "GET /static/css/style.css HTTP/1.1" 404 1853
[WARNING] 2025-05-26 20:30:06 "GET /static/js/main.js HTTP/1.1" 404 1844
[WARNING] 2025-05-26 20:30:06 "GET /static/js/form-validation.js HTTP/1.1" 404 1877
[INFO] 2025-05-26 20:30:08 "GET /orders/ HTTP/1.1" 200 16095
[WARNING] 2025-05-26 20:30:08 "GET /static/css/style.css HTTP/1.1" 404 1853
[WARNING] 2025-05-26 20:30:08 "GET /static/js/form-validation.js HTTP/1.1" 404 1877
[WARNING] 2025-05-26 20:30:08 "GET /static/js/main.js HTTP/1.1" 404 1844
[DEBUG] 2025-05-26 20:30:10 Starting statistics calculation
[INFO] 2025-05-26 20:30:11 Statistics viewed by user alexander
[INFO] 2025-05-26 20:30:11 "GET /statistics/ HTTP/1.1" 200 104912
[WARNING] 2025-05-26 20:30:11 "GET /static/css/style.css HTTP/1.1" 404 1853
[WARNING] 2025-05-26 20:30:11 "GET /static/js/main.js HTTP/1.1" 404 1844
[WARNING] 2025-05-26 20:30:11 "GET /static/js/form-validation.js HTTP/1.1" 404 1877
[INFO] 2025-05-26 20:30:14 "GET /orders/ HTTP/1.1" 200 16095
[WARNING] 2025-05-26 20:30:14 "GET /static/css/style.css HTTP/1.1" 404 1853
[WARNING] 2025-05-26 20:30:14 "GET /static/js/main.js HTTP/1.1" 404 1844
[WARNING] 2025-05-26 20:30:14 "GET /static/js/form-validation.js HTTP/1.1" 404 1877
[WARNING] 2025-05-26 20:30:23 Method Not Allowed (POST): /orders/
[WARNING] 2025-05-26 20:30:23 Method Not Allowed: /orders/
[WARNING] 2025-05-26 20:30:23 "POST /orders/ HTTP/1.1" 405 0
[INFO] 2025-05-26 20:30:26 "GET /orders/ HTTP/1.1" 200 16095
[WARNING] 2025-05-26 20:30:26 "GET /static/css/style.css HTTP/1.1" 404 1853
[WARNING] 2025-05-26 20:30:26 "GET /static/js/form-validation.js HTTP/1.1" 404 1877
[WARNING] 2025-05-26 20:30:26 "GET /static/js/main.js HTTP/1.1" 404 1844
[DEBUG] 2025-05-26 20:30:29 Starting statistics calculation
[INFO] 2025-05-26 20:30:29 Statistics viewed by user alexander
[INFO] 2025-05-26 20:30:29 "GET /statistics/ HTTP/1.1" 200 104912
[WARNING] 2025-05-26 20:30:29 "GET /static/css/style.css HTTP/1.1" 404 1853
[WARNING] 2025-05-26 20:30:29 "GET /static/js/main.js HTTP/1.1" 404 1844
[WARNING] 2025-05-26 20:30:29 "GET /static/js/form-validation.js HTTP/1.1" 404 1877
[INFO] 2025-05-26 20:30:34 "GET /order/new/ HTTP/1.1" 200 33268
[WARNING] 2025-05-26 20:30:34 "GET /static/css/style.css HTTP/1.1" 404 1853
[WARNING] 2025-05-26 20:30:34 "GET /static/js/main.js HTTP/1.1" 404 1844
[WARNING] 2025-05-26 20:30:34 "GET /static/js/form-validation.js HTTP/1.1" 404 1877
[DEBUG] 2025-05-26 20:30:47 Starting order creation process for user alexander
[INFO] 2025-05-26 20:30:47 Order created: 7 by user alexander
[INFO] 2025-05-26 20:30:47 Order 7 completed with total price: 720.00
[INFO] 2025-05-26 20:30:47 "POST /order/new/ HTTP/1.1" 302 0
[INFO] 2025-05-26 20:30:47 "GET /order/complete/ HTTP/1.1" 200 2182
[WARNING] 2025-05-26 20:30:47 "GET /static/css/style.css HTTP/1.1" 404 1853
[WARNING] 2025-05-26 20:30:47 "GET /static/js/main.js HTTP/1.1" 404 1844
[WARNING] 2025-05-26 20:30:47 "GET /static/js/form-validation.js HTTP/1.1" 404 1877
[INFO] 2025-05-26 20:30:50 "GET /pizza/create/ HTTP/1.1" 200 10144
[WARNING] 2025-05-26 20:30:50 "GET /static/css/style.css HTTP/1.1" 404 1853
[WARNING] 2025-05-26 20:30:50 "GET /static/js/main.js HTTP/1.1" 404 1844
[WARNING] 2025-05-26 20:30:50 "GET /static/js/form-validation.js HTTP/1.1" 404 1877
[WARNING] 2025-05-26 20:31:00 Invalid form data: <ul class="errorlist"><li>name<ul class="errorlist" id="id_name_error"><li>Название должно содержать минимум 2 символа</li></ul></li></ul>
[INFO] 2025-05-26 20:31:00 "POST /pizza/create/ HTTP/1.1" 200 10465
[WARNING] 2025-05-26 20:31:00 "GET /static/css/style.css HTTP/1.1" 404 1853
[WARNING] 2025-05-26 20:31:00 "GET /static/js/main.js HTTP/1.1" 404 1844
[WARNING] 2025-05-26 20:31:00 "GET /static/js/form-validation.js HTTP/1.1" 404 1877
[DEBUG] 2025-05-26 20:31:03 Starting pizza creation process by user alexander
[ERROR] 2025-05-26 20:31:03 Error creating pizza: 'pricing_formset'
[ERROR] 2025-05-26 20:31:03 Internal Server Error: /pizza/create/
Traceback (most recent call last):
  File "D:\353504_SVIDINSKY_19\IGI\LR5\.venv\Lib\site-packages\django\core\handlers\exception.py", line 55, in inner
    response = get_response(request)
  File "D:\353504_SVIDINSKY_19\IGI\LR5\.venv\Lib\site-packages\django\core\handlers\base.py", line 197, in _get_response
    response = wrapped_callback(request, *callback_args, **callback_kwargs)
  File "D:\353504_SVIDINSKY_19\IGI\LR5\.venv\Lib\site-packages\django\views\generic\base.py", line 104, in view
    return self.dispatch(request, *args, **kwargs)
           ~~~~~~~~~~~~~^^^^^^^^^^^^^^^^^^^^^^^^^^
  File "D:\353504_SVIDINSKY_19\IGI\LR5\.venv\Lib\site-packages\django\contrib\auth\mixins.py", line 135, in dispatch
    return super().dispatch(request, *args, **kwargs)
           ~~~~~~~~~~~~~~~~^^^^^^^^^^^^^^^^^^^^^^^^^^
  File "D:\353504_SVIDINSKY_19\IGI\LR5\.venv\Lib\site-packages\django\views\generic\base.py", line 143, in dispatch
    return handler(request, *args, **kwargs)
  File "D:\353504_SVIDINSKY_19\IGI\LR5\.venv\Lib\site-packages\django\views\generic\edit.py", line 182, in post
    return super().post(request, *args, **kwargs)
           ~~~~~~~~~~~~^^^^^^^^^^^^^^^^^^^^^^^^^^
  File "D:\353504_SVIDINSKY_19\IGI\LR5\.venv\Lib\site-packages\django\views\generic\edit.py", line 151, in post
    return self.form_valid(form)
           ~~~~~~~~~~~~~~~^^^^^^
  File "D:\353504_SVIDINSKY_19\igi\lr5\pizza\views.py", line 102, in form_valid
    pricing_formset = context['pricing_formset']
                      ~~~~~~~^^^^^^^^^^^^^^^^^^^
KeyError: 'pricing_formset'
[ERROR] 2025-05-26 20:31:03 "POST /pizza/create/ HTTP/1.1" 500 94134
[INFO] 2025-05-26 20:31:27 "GET /pizza/create/ HTTP/1.1" 200 10144
[INFO] 2025-05-26 20:31:29 "GET /my-orders/ HTTP/1.1" 200 5320
[WARNING] 2025-05-26 20:31:29 "GET /static/js/form-validation.js HTTP/1.1" 404 1877
[WARNING] 2025-05-26 20:31:29 "GET /static/js/main.js HTTP/1.1" 404 1844
[WARNING] 2025-05-26 20:31:29 "GET /static/css/style.css HTTP/1.1" 404 1853
[DEBUG] 2025-05-26 20:31:51 Menu filter params: category=None, sauce=None, is_vegan=None, price=None-None
[INFO] 2025-05-26 20:31:51 "GET /menu/ HTTP/1.1" 200 9084
[WARNING] 2025-05-26 20:31:51 "GET /static/css/style.css HTTP/1.1" 404 1853
[WARNING] 2025-05-26 20:31:51 "GET /static/js/form-validation.js HTTP/1.1" 404 1877
[WARNING] 2025-05-26 20:31:51 "GET /static/js/main.js HTTP/1.1" 404 1844
[INFO] 2025-05-26 20:31:55 "GET /orders/ HTTP/1.1" 200 18248
[WARNING] 2025-05-26 20:31:55 "GET /static/js/main.js HTTP/1.1" 404 1844
[WARNING] 2025-05-26 20:31:55 "GET /static/css/style.css HTTP/1.1" 404 1853
[WARNING] 2025-05-26 20:31:55 "GET /static/js/form-validation.js HTTP/1.1" 404 1877
[INFO] 2025-05-26 20:32:42 "GET /orders/ HTTP/1.1" 200 18248
[WARNING] 2025-05-26 20:32:42 "GET /static/css/style.css HTTP/1.1" 404 1853
[WARNING] 2025-05-26 20:32:42 "GET /static/js/main.js HTTP/1.1" 404 1844
[WARNING] 2025-05-26 20:32:42 "GET /static/js/form-validation.js HTTP/1.1" 404 1877
[WARNING] 2025-05-26 20:32:44 Method Not Allowed (POST): /orders/
[WARNING] 2025-05-26 20:32:44 Method Not Allowed: /orders/
[WARNING] 2025-05-26 20:32:44 "POST /orders/ HTTP/1.1" 405 0
[WARNING] 2025-05-26 20:32:45 "GET /static/css/style.css HTTP/1.1" 404 1853
[WARNING] 2025-05-26 20:32:48 "GET /static/css/style.css HTTP/1.1" 404 1853
[WARNING] 2025-05-26 20:32:48 Not Found: /.well-known/appspecific/com.chrome.devtools.json
[WARNING] 2025-05-26 20:32:48 "GET /.well-known/appspecific/com.chrome.devtools.json HTTP/1.1" 404 9596
[DEBUG] 2025-05-26 20:33:06 Menu filter params: category=None, sauce=None, is_vegan=None, price=None-None
[INFO] 2025-05-26 20:33:07 "GET /menu/ HTTP/1.1" 200 9084
[WARNING] 2025-05-26 20:33:07 "GET /static/css/style.css HTTP/1.1" 404 1853
[WARNING] 2025-05-26 20:33:07 "GET /static/js/main.js HTTP/1.1" 404 1844
[WARNING] 2025-05-26 20:33:07 "GET /static/js/form-validation.js HTTP/1.1" 404 1877
[INFO] 2025-05-26 20:33:07 "GET / HTTP/1.1" 200 5131
[WARNING] 2025-05-26 20:33:07 "GET /static/css/style.css HTTP/1.1" 404 1853
[WARNING] 2025-05-26 20:33:07 "GET /static/js/form-validation.js HTTP/1.1" 404 1877
[WARNING] 2025-05-26 20:33:07 "GET /static/js/main.js HTTP/1.1" 404 1844
[INFO] 2025-05-26 20:34:43 D:\353504_SVIDINSKY_19\IGI\LR5\pizza\views.py changed, reloading.
[INFO] 2025-05-26 20:34:45 Watching for file changes with StatReloader
[INFO] 2025-05-26 20:35:34 D:\353504_SVIDINSKY_19\IGI\LR5\pizza\views.py changed, reloading.
[INFO] 2025-05-26 20:35:34 Watching for file changes with StatReloader
[INFO] 2025-05-26 20:35:38 "GET / HTTP/1.1" 200 5131
[WARNING] 2025-05-26 20:35:38 "GET /static/js/main.js HTTP/1.1" 404 1844
[WARNING] 2025-05-26 20:35:38 "GET /static/css/style.css HTTP/1.1" 404 1853
[WARNING] 2025-05-26 20:35:38 "GET /static/js/form-validation.js HTTP/1.1" 404 1877
[INFO] 2025-05-26 20:35:41 "GET /orders/ HTTP/1.1" 200 14548
[WARNING] 2025-05-26 20:35:41 "GET /static/js/main.js HTTP/1.1" 404 1844
[WARNING] 2025-05-26 20:35:41 "GET /static/css/style.css HTTP/1.1" 404 1853
[WARNING] 2025-05-26 20:35:41 "GET /static/js/form-validation.js HTTP/1.1" 404 1877
[WARNING] 2025-05-26 20:35:51 Method Not Allowed: /order/7/update-status/
[WARNING] 2025-05-26 20:35:51 "POST /order/7/update-status/ HTTP/1.1" 405 162
[WARNING] 2025-05-26 20:35:55 Method Not Allowed: /order/7/update-status/
[WARNING] 2025-05-26 20:35:55 "POST /order/7/update-status/ HTTP/1.1" 405 162
[INFO] 2025-05-26 20:36:08 "GET /pizza/create/ HTTP/1.1" 200 10144
[WARNING] 2025-05-26 20:36:08 "GET /static/js/main.js HTTP/1.1" 404 1844
[WARNING] 2025-05-26 20:36:08 "GET /static/js/form-validation.js HTTP/1.1" 404 1877
[WARNING] 2025-05-26 20:36:08 "GET /static/css/style.css HTTP/1.1" 404 1853
[DEBUG] 2025-05-26 20:36:21 Starting pizza creation process by user alexander
[WARNING] 2025-05-26 20:36:21 Form validation failed
[INFO] 2025-05-26 20:36:21 "POST /pizza/create/ HTTP/1.1" 200 10246
[WARNING] 2025-05-26 20:36:21 "GET /static/css/style.css HTTP/1.1" 404 1853
[WARNING] 2025-05-26 20:36:21 "GET /static/js/form-validation.js HTTP/1.1" 404 1877
[WARNING] 2025-05-26 20:36:21 "GET /static/js/main.js HTTP/1.1" 404 1844
[DEBUG] 2025-05-26 20:36:24 Starting pizza creation process by user alexander
[WARNING] 2025-05-26 20:36:24 Form validation failed
[INFO] 2025-05-26 20:36:24 "POST /pizza/create/ HTTP/1.1" 200 10246
[WARNING] 2025-05-26 20:36:24 "GET /static/css/style.css HTTP/1.1" 404 1853
[WARNING] 2025-05-26 20:36:24 "GET /static/js/main.js HTTP/1.1" 404 1844
[WARNING] 2025-05-26 20:36:24 "GET /static/js/form-validation.js HTTP/1.1" 404 1877
[INFO] 2025-05-26 20:36:28 "GET / HTTP/1.1" 200 5131
[WARNING] 2025-05-26 20:36:28 "GET /static/css/style.css HTTP/1.1" 404 1853
[WARNING] 2025-05-26 20:36:28 "GET /static/js/main.js HTTP/1.1" 404 1844
[WARNING] 2025-05-26 20:36:28 "GET /static/js/form-validation.js HTTP/1.1" 404 1877
[DEBUG] 2025-05-26 20:36:28 Menu filter params: category=None, sauce=None, is_vegan=None, price=None-None
[INFO] 2025-05-26 20:36:28 "GET /menu/ HTTP/1.1" 200 9084
[WARNING] 2025-05-26 20:36:28 "GET /static/css/style.css HTTP/1.1" 404 1853
[WARNING] 2025-05-26 20:36:28 "GET /static/js/main.js HTTP/1.1" 404 1844
[WARNING] 2025-05-26 20:36:28 "GET /static/js/form-validation.js HTTP/1.1" 404 1877
[INFO] 2025-05-26 20:36:40 "GET /pizza/create/ HTTP/1.1" 200 10144
[WARNING] 2025-05-26 20:36:40 "GET /static/css/style.css HTTP/1.1" 404 1853
[WARNING] 2025-05-26 20:36:40 "GET /static/js/form-validation.js HTTP/1.1" 404 1877
[WARNING] 2025-05-26 20:36:40 "GET /static/js/main.js HTTP/1.1" 404 1844
[INFO] 2025-05-26 20:37:10 "GET /orders/ HTTP/1.1" 200 14548
[WARNING] 2025-05-26 20:37:10 "GET /static/css/style.css HTTP/1.1" 404 1853
[WARNING] 2025-05-26 20:37:10 "GET /static/js/main.js HTTP/1.1" 404 1844
[WARNING] 2025-05-26 20:37:10 "GET /static/js/form-validation.js HTTP/1.1" 404 1877
[INFO] 2025-05-26 20:37:18 "GET /couriers/ HTTP/1.1" 200 2659
[WARNING] 2025-05-26 20:37:18 "GET /static/css/style.css HTTP/1.1" 404 1853
[WARNING] 2025-05-26 20:37:18 "GET /static/js/main.js HTTP/1.1" 404 1844
[WARNING] 2025-05-26 20:37:18 "GET /static/js/form-validation.js HTTP/1.1" 404 1877
[INFO] 2025-05-26 20:37:19 "GET /orders/ HTTP/1.1" 200 14548
[WARNING] 2025-05-26 20:37:19 "GET /static/css/style.css HTTP/1.1" 404 1853
[WARNING] 2025-05-26 20:37:19 "GET /static/js/form-validation.js HTTP/1.1" 404 1877
[WARNING] 2025-05-26 20:37:19 "GET /static/js/main.js HTTP/1.1" 404 1844
[WARNING] 2025-05-26 20:37:21 Method Not Allowed: /order/7/update-status/
[WARNING] 2025-05-26 20:37:21 "POST /order/7/update-status/ HTTP/1.1" 405 162
[INFO] 2025-05-26 20:37:53 "GET /admin/ HTTP/1.1" 200 20978
[INFO] 2025-05-26 20:37:55 "GET / HTTP/1.1" 200 5131
[WARNING] 2025-05-26 20:37:56 "GET /static/js/form-validation.js HTTP/1.1" 404 1877
[WARNING] 2025-05-26 20:37:56 "GET /static/css/style.css HTTP/1.1" 404 1853
[WARNING] 2025-05-26 20:37:56 "GET /static/js/main.js HTTP/1.1" 404 1844
[INFO] 2025-05-26 20:38:07 "GET /logout/ HTTP/1.1" 302 0
[DEBUG] 2025-05-26 20:38:07 Menu filter params: category=None, sauce=None, is_vegan=None, price=None-None
[INFO] 2025-05-26 20:38:07 "GET /menu/ HTTP/1.1" 200 8512
[WARNING] 2025-05-26 20:38:07 "GET /static/css/style.css HTTP/1.1" 404 1853
[WARNING] 2025-05-26 20:38:07 "GET /static/js/main.js HTTP/1.1" 404 1844
[WARNING] 2025-05-26 20:38:07 "GET /static/js/form-validation.js HTTP/1.1" 404 1877
[INFO] 2025-05-26 20:38:36 "GET /login/ HTTP/1.1" 200 1953
[WARNING] 2025-05-26 20:38:36 "GET /static/css/style.css HTTP/1.1" 404 1853
[WARNING] 2025-05-26 20:38:36 "GET /static/js/main.js HTTP/1.1" 404 1844
[WARNING] 2025-05-26 20:38:36 "GET /static/js/form-validation.js HTTP/1.1" 404 1877
[INFO] 2025-05-26 20:38:37 "POST /login/ HTTP/1.1" 302 0
[DEBUG] 2025-05-26 20:38:37 Menu filter params: category=None, sauce=None, is_vegan=None, price=None-None
[INFO] 2025-05-26 20:38:37 "GET /menu/ HTTP/1.1" 200 9084
[WARNING] 2025-05-26 20:38:37 "GET /static/css/style.css HTTP/1.1" 404 1853
[WARNING] 2025-05-26 20:38:37 "GET /static/js/main.js HTTP/1.1" 404 1844
[WARNING] 2025-05-26 20:38:37 "GET /static/js/form-validation.js HTTP/1.1" 404 1877
[INFO] 2025-05-26 20:38:41 "GET /order/new/ HTTP/1.1" 200 33244
[WARNING] 2025-05-26 20:38:41 "GET /static/js/main.js HTTP/1.1" 404 1844
[WARNING] 2025-05-26 20:38:41 "GET /static/css/style.css HTTP/1.1" 404 1853
[WARNING] 2025-05-26 20:38:41 "GET /static/js/form-validation.js HTTP/1.1" 404 1877
[DEBUG] 2025-05-26 20:38:55 Starting order creation process for user alexander
[INFO] 2025-05-26 20:38:55 Order created: 8 by user alexander
[INFO] 2025-05-26 20:38:55 Order 8 completed with total price: 1632.00
[INFO] 2025-05-26 20:38:55 "POST /order/new/ HTTP/1.1" 302 0
[INFO] 2025-05-26 20:38:55 "GET /order/complete/ HTTP/1.1" 200 2182
[WARNING] 2025-05-26 20:38:55 "GET /static/js/main.js HTTP/1.1" 404 1844
[WARNING] 2025-05-26 20:38:55 "GET /static/css/style.css HTTP/1.1" 404 1853
[WARNING] 2025-05-26 20:38:55 "GET /static/js/form-validation.js HTTP/1.1" 404 1877
[INFO] 2025-05-26 20:39:01 "GET /promotions/ HTTP/1.1" 200 5055
[WARNING] 2025-05-26 20:39:01 "GET /static/css/style.css HTTP/1.1" 404 1853
[WARNING] 2025-05-26 20:39:01 "GET /static/js/main.js HTTP/1.1" 404 1844
[WARNING] 2025-05-26 20:39:01 "GET /static/js/form-validation.js HTTP/1.1" 404 1877
[INFO] 2025-05-26 20:40:48 D:\353504_SVIDINSKY_19\IGI\LR5\pizza\urls.py changed, reloading.
[INFO] 2025-05-26 20:40:49 Watching for file changes with StatReloader
[INFO] 2025-05-26 20:41:14 D:\353504_SVIDINSKY_19\IGI\LR5\pizza\views.py changed, reloading.
[INFO] 2025-05-26 20:41:15 Watching for file changes with StatReloader
[INFO] 2025-05-26 20:41:20 D:\353504_SVIDINSKY_19\IGI\LR5\pizza\views.py changed, reloading.
[INFO] 2025-05-26 20:41:21 Watching for file changes with StatReloader
[INFO] 2025-05-26 20:45:48 Watching for file changes with StatReloader
[INFO] 2025-05-26 20:53:55 D:\353504_SVIDINSKY_19\IGI\LR5\pizza\views.py changed, reloading.
[INFO] 2025-05-26 20:53:56 Watching for file changes with StatReloader
[INFO] 2025-05-26 20:54:25 D:\353504_SVIDINSKY_19\IGI\LR5\pizza\views.py changed, reloading.
[INFO] 2025-05-26 20:54:26 Watching for file changes with StatReloader
[INFO] 2025-05-26 20:54:31 "GET /promotions/ HTTP/1.1" 200 5055
[WARNING] 2025-05-26 20:54:31 "GET /static/css/style.css HTTP/1.1" 404 1853
[WARNING] 2025-05-26 20:54:31 "GET /static/js/form-validation.js HTTP/1.1" 404 1877
[WARNING] 2025-05-26 20:54:31 "GET /static/js/main.js HTTP/1.1" 404 1844
[INFO] 2025-05-26 20:54:32 "GET / HTTP/1.1" 200 5121
[WARNING] 2025-05-26 20:54:32 "GET /static/css/style.css HTTP/1.1" 404 1853
[WARNING] 2025-05-26 20:54:32 "GET /static/js/main.js HTTP/1.1" 404 1844
[WARNING] 2025-05-26 20:54:32 "GET /static/js/form-validation.js HTTP/1.1" 404 1877
[INFO] 2025-05-26 20:54:45 "GET /reviews/ HTTP/1.1" 200 4207
[WARNING] 2025-05-26 20:54:45 "GET /static/css/style.css HTTP/1.1" 404 1853
[WARNING] 2025-05-26 20:54:45 "GET /static/js/main.js HTTP/1.1" 404 1844
[WARNING] 2025-05-26 20:54:45 "GET /static/js/form-validation.js HTTP/1.1" 404 1877
[INFO] 2025-05-26 20:54:50 "GET / HTTP/1.1" 200 5121
[WARNING] 2025-05-26 20:54:50 "GET /static/js/main.js HTTP/1.1" 404 1844
[WARNING] 2025-05-26 20:54:50 "GET /static/js/form-validation.js HTTP/1.1" 404 1877
[WARNING] 2025-05-26 20:54:50 "GET /static/css/style.css HTTP/1.1" 404 1853
[DEBUG] 2025-05-26 20:54:51 Menu filter params: category=None, sauce=None, is_vegan=None, price=None-None
[INFO] 2025-05-26 20:54:51 "GET /menu/ HTTP/1.1" 200 9084
[WARNING] 2025-05-26 20:54:51 "GET /static/js/main.js HTTP/1.1" 404 1844
[WARNING] 2025-05-26 20:54:51 "GET /static/css/style.css HTTP/1.1" 404 1853
[WARNING] 2025-05-26 20:54:51 "GET /static/js/form-validation.js HTTP/1.1" 404 1877
[INFO] 2025-05-26 20:54:54 "GET / HTTP/1.1" 200 5121
[WARNING] 2025-05-26 20:54:54 "GET /static/css/style.css HTTP/1.1" 404 1853
[WARNING] 2025-05-26 20:54:54 "GET /static/js/main.js HTTP/1.1" 404 1844
[WARNING] 2025-05-26 20:54:54 "GET /static/js/form-validation.js HTTP/1.1" 404 1877
[INFO] 2025-05-26 20:54:57 "GET /orders/ HTTP/1.1" 200 16259
[WARNING] 2025-05-26 20:54:57 "GET /static/js/main.js HTTP/1.1" 404 1844
[WARNING] 2025-05-26 20:54:57 "GET /static/css/style.css HTTP/1.1" 404 1853
[WARNING] 2025-05-26 20:54:57 "GET /static/js/form-validation.js HTTP/1.1" 404 1877
[INFO] 2025-05-26 20:55:02 Order 8 status updated to preparing by alexander
[INFO] 2025-05-26 20:55:02 "POST /order/8/update-status/ HTTP/1.1" 302 0
[INFO] 2025-05-26 20:55:02 "GET /orders/ HTTP/1.1" 200 16485
[WARNING] 2025-05-26 20:55:02 "GET /static/css/style.css HTTP/1.1" 404 1853
[WARNING] 2025-05-26 20:55:02 "GET /static/js/main.js HTTP/1.1" 404 1844
[WARNING] 2025-05-26 20:55:02 "GET /static/js/form-validation.js HTTP/1.1" 404 1877
[INFO] 2025-05-26 20:55:06 "GET /couriers/ HTTP/1.1" 200 2659
[WARNING] 2025-05-26 20:55:06 "GET /static/css/style.css HTTP/1.1" 404 1853
[WARNING] 2025-05-26 20:55:06 "GET /static/js/main.js HTTP/1.1" 404 1844
[WARNING] 2025-05-26 20:55:06 "GET /static/js/form-validation.js HTTP/1.1" 404 1877
[INFO] 2025-05-26 20:55:08 "GET /admin/ HTTP/1.1" 200 20978
[INFO] 2025-05-26 20:55:10 "GET /my-orders/ HTTP/1.1" 200 5806
[WARNING] 2025-05-26 20:55:10 "GET /static/css/style.css HTTP/1.1" 404 1853
[WARNING] 2025-05-26 20:55:10 "GET /static/js/main.js HTTP/1.1" 404 1844
[WARNING] 2025-05-26 20:55:10 "GET /static/js/form-validation.js HTTP/1.1" 404 1877
[INFO] 2025-05-26 20:55:12 "GET /order/new/ HTTP/1.1" 200 33249
[WARNING] 2025-05-26 20:55:12 "GET /static/css/style.css HTTP/1.1" 404 1853
[WARNING] 2025-05-26 20:55:12 "GET /static/js/main.js HTTP/1.1" 404 1844
[WARNING] 2025-05-26 20:55:12 "GET /static/js/form-validation.js HTTP/1.1" 404 1877
[DEBUG] 2025-05-26 20:55:23 Starting order creation process for user alexander
[INFO] 2025-05-26 20:55:23 Order created: 9 by user alexander
[INFO] 2025-05-26 20:55:23 Order 9 completed with total price: 440.00
[INFO] 2025-05-26 20:55:23 "POST /order/new/ HTTP/1.1" 302 0
[INFO] 2025-05-26 20:55:23 "GET /order/complete/ HTTP/1.1" 200 2182
[WARNING] 2025-05-26 20:55:23 "GET /static/css/style.css HTTP/1.1" 404 1853
[WARNING] 2025-05-26 20:55:23 "GET /static/js/main.js HTTP/1.1" 404 1844
[WARNING] 2025-05-26 20:55:23 "GET /static/js/form-validation.js HTTP/1.1" 404 1877
[INFO] 2025-05-26 20:55:25 "GET /my-orders/ HTTP/1.1" 200 6306
[WARNING] 2025-05-26 20:55:25 "GET /static/js/main.js HTTP/1.1" 404 1844
[WARNING] 2025-05-26 20:55:25 "GET /static/css/style.css HTTP/1.1" 404 1853
[WARNING] 2025-05-26 20:55:25 "GET /static/js/form-validation.js HTTP/1.1" 404 1877
[INFO] 2025-05-26 20:55:28 "GET /couriers/ HTTP/1.1" 200 2659
[WARNING] 2025-05-26 20:55:28 "GET /static/css/style.css HTTP/1.1" 404 1853
[WARNING] 2025-05-26 20:55:28 "GET /static/js/form-validation.js HTTP/1.1" 404 1877
[WARNING] 2025-05-26 20:55:28 "GET /static/js/main.js HTTP/1.1" 404 1844
[DEBUG] 2025-05-26 20:55:30 Starting statistics calculation
[INFO] 2025-05-26 20:55:30 Statistics viewed by user alexander
[INFO] 2025-05-26 20:55:30 "GET /statistics/ HTTP/1.1" 200 108443
[WARNING] 2025-05-26 20:55:30 "GET /static/js/main.js HTTP/1.1" 404 1844
[WARNING] 2025-05-26 20:55:30 "GET /static/css/style.css HTTP/1.1" 404 1853
[WARNING] 2025-05-26 20:55:30 "GET /static/js/form-validation.js HTTP/1.1" 404 1877
[INFO] 2025-05-26 20:55:38 "GET /orders/ HTTP/1.1" 200 18051
[WARNING] 2025-05-26 20:55:38 "GET /static/css/style.css HTTP/1.1" 404 1853
[WARNING] 2025-05-26 20:55:38 "GET /static/js/main.js HTTP/1.1" 404 1844
[WARNING] 2025-05-26 20:55:38 "GET /static/js/form-validation.js HTTP/1.1" 404 1877
[DEBUG] 2025-05-26 20:55:39 Starting statistics calculation
[INFO] 2025-05-26 20:55:39 Statistics viewed by user alexander
[INFO] 2025-05-26 20:55:39 "GET /statistics/ HTTP/1.1" 200 108443
[WARNING] 2025-05-26 20:55:39 "GET /static/css/style.css HTTP/1.1" 404 1853
[WARNING] 2025-05-26 20:55:39 "GET /static/js/main.js HTTP/1.1" 404 1844
[WARNING] 2025-05-26 20:55:39 "GET /static/js/form-validation.js HTTP/1.1" 404 1877
[INFO] 2025-05-26 20:55:41 "GET /pizza/create/ HTTP/1.1" 200 10144
[WARNING] 2025-05-26 20:55:41 "GET /static/css/style.css HTTP/1.1" 404 1853
[WARNING] 2025-05-26 20:55:41 "GET /static/js/form-validation.js HTTP/1.1" 404 1877
[WARNING] 2025-05-26 20:55:41 "GET /static/js/main.js HTTP/1.1" 404 1844
[DEBUG] 2025-05-26 20:55:50 Starting pizza creation process by user alexander
[INFO] 2025-05-26 20:55:50 Pizza created successfully with ID: 11
[ERROR] 2025-05-26 20:55:50 Error creating pizza: UNIQUE constraint failed: pizza_pizzapricing.pizza_id, pizza_pizzapricing.size_id
[INFO] 2025-05-26 20:55:50 "POST /pizza/create/ HTTP/1.1" 200 11013
[WARNING] 2025-05-26 20:55:50 "GET /static/css/style.css HTTP/1.1" 404 1853
[WARNING] 2025-05-26 20:55:50 "GET /static/js/main.js HTTP/1.1" 404 1844
[WARNING] 2025-05-26 20:55:50 "GET /static/js/form-validation.js HTTP/1.1" 404 1877
[DEBUG] 2025-05-26 20:56:19 Menu filter params: category=None, sauce=None, is_vegan=None, price=None-None
[INFO] 2025-05-26 20:56:19 "GET /menu/ HTTP/1.1" 200 9440
[WARNING] 2025-05-26 20:56:19 "GET /static/js/main.js HTTP/1.1" 404 1844
[WARNING] 2025-05-26 20:56:19 "GET /static/css/style.css HTTP/1.1" 404 1853
[WARNING] 2025-05-26 20:56:19 "GET /static/js/form-validation.js HTTP/1.1" 404 1877
[DEBUG] 2025-05-26 20:56:29 Menu filter params: category=None, sauce=None, is_vegan=None, price=None-None
[INFO] 2025-05-26 20:56:29 "GET /menu/ HTTP/1.1" 200 9440
[WARNING] 2025-05-26 20:56:29 "GET /static/css/style.css HTTP/1.1" 404 1853
[WARNING] 2025-05-26 20:56:29 "GET /static/js/main.js HTTP/1.1" 404 1844
[WARNING] 2025-05-26 20:56:29 "GET /static/js/form-validation.js HTTP/1.1" 404 1877
[INFO] 2025-05-26 20:56:34 "GET / HTTP/1.1" 200 5136
[WARNING] 2025-05-26 20:56:34 "GET /static/css/style.css HTTP/1.1" 404 1853
[WARNING] 2025-05-26 20:56:34 "GET /static/js/main.js HTTP/1.1" 404 1844
[WARNING] 2025-05-26 20:56:34 "GET /static/js/form-validation.js HTTP/1.1" 404 1877
[INFO] 2025-05-26 20:56:36 "GET /reviews/ HTTP/1.1" 200 4207
[WARNING] 2025-05-26 20:56:36 "GET /static/css/style.css HTTP/1.1" 404 1853
[WARNING] 2025-05-26 20:56:36 "GET /static/js/main.js HTTP/1.1" 404 1844
[WARNING] 2025-05-26 20:56:36 "GET /static/js/form-validation.js HTTP/1.1" 404 1877
[INFO] 2025-05-26 20:56:40 "GET /reviews/ HTTP/1.1" 200 4207
[WARNING] 2025-05-26 20:56:40 "GET /static/css/style.css HTTP/1.1" 404 1853
[WARNING] 2025-05-26 20:56:40 "GET /static/js/main.js HTTP/1.1" 404 1844
[WARNING] 2025-05-26 20:56:40 "GET /static/js/form-validation.js HTTP/1.1" 404 1877
[WARNING] 2025-05-26 20:56:41 Not Found: /review
[WARNING] 2025-05-26 20:56:41 "GET /review HTTP/1.1" 404 9470
[INFO] 2025-05-26 20:56:46 "GET /logout/ HTTP/1.1" 302 0
[DEBUG] 2025-05-26 20:56:46 Menu filter params: category=None, sauce=None, is_vegan=None, price=None-None
[INFO] 2025-05-26 20:56:46 "GET /menu/ HTTP/1.1" 200 8868
[WARNING] 2025-05-26 20:56:46 "GET /static/css/style.css HTTP/1.1" 404 1853
[WARNING] 2025-05-26 20:56:46 "GET /static/js/main.js HTTP/1.1" 404 1844
[WARNING] 2025-05-26 20:56:46 "GET /static/js/form-validation.js HTTP/1.1" 404 1877
[INFO] 2025-05-26 20:57:40 "GET / HTTP/1.1" 200 4564
[WARNING] 2025-05-26 20:57:40 "GET /static/css/style.css HTTP/1.1" 404 1853
[WARNING] 2025-05-26 20:57:40 "GET /static/js/main.js HTTP/1.1" 404 1844
[WARNING] 2025-05-26 20:57:40 "GET /static/js/form-validation.js HTTP/1.1" 404 1877
[WARNING] 2025-05-26 20:57:42 Not Found: /contacts
[WARNING] 2025-05-26 20:57:42 "GET /contacts HTTP/1.1" 404 9476
[INFO] 2025-05-26 20:59:11 D:\353504_SVIDINSKY_19\IGI\LR5\pizza\forms.py changed, reloading.
[INFO] 2025-05-26 20:59:13 Watching for file changes with StatReloader
[INFO] 2025-05-26 20:59:19 D:\353504_SVIDINSKY_19\IGI\LR5\pizza\forms.py changed, reloading.
[INFO] 2025-05-26 20:59:19 Watching for file changes with StatReloader
[DEBUG] 2025-05-26 20:59:35 Menu filter params: category=None, sauce=None, is_vegan=None, price=None-None
[INFO] 2025-05-26 20:59:35 "GET /menu/ HTTP/1.1" 200 8930
[WARNING] 2025-05-26 20:59:35 "GET /static/css/style.css HTTP/1.1" 404 1853
[WARNING] 2025-05-26 20:59:35 "GET /static/js/main.js HTTP/1.1" 404 1844
[WARNING] 2025-05-26 20:59:35 "GET /static/js/form-validation.js HTTP/1.1" 404 1877
[INFO] 2025-05-26 20:59:39 "GET /reviews/ HTTP/1.1" 200 3590
[WARNING] 2025-05-26 20:59:39 "GET /static/css/style.css HTTP/1.1" 404 1853
[WARNING] 2025-05-26 20:59:39 "GET /static/js/main.js HTTP/1.1" 404 1844
[WARNING] 2025-05-26 20:59:39 "GET /static/js/form-validation.js HTTP/1.1" 404 1877
[INFO] 2025-05-26 20:59:41 "GET /login/ HTTP/1.1" 200 2015
[WARNING] 2025-05-26 20:59:41 "GET /static/css/style.css HTTP/1.1" 404 1853
[WARNING] 2025-05-26 20:59:41 "GET /static/js/main.js HTTP/1.1" 404 1844
[WARNING] 2025-05-26 20:59:41 "GET /static/js/form-validation.js HTTP/1.1" 404 1877
[INFO] 2025-05-26 20:59:42 "POST /login/ HTTP/1.1" 302 0
[DEBUG] 2025-05-26 20:59:42 Menu filter params: category=None, sauce=None, is_vegan=None, price=None-None
[INFO] 2025-05-26 20:59:42 "GET /menu/ HTTP/1.1" 200 9586
[WARNING] 2025-05-26 20:59:42 "GET /static/css/style.css HTTP/1.1" 404 1853
[WARNING] 2025-05-26 20:59:42 "GET /static/js/form-validation.js HTTP/1.1" 404 1877
[WARNING] 2025-05-26 20:59:42 "GET /static/js/main.js HTTP/1.1" 404 1844
[INFO] 2025-05-26 20:59:45 "GET /review/new/ HTTP/1.1" 200 4033
[WARNING] 2025-05-26 20:59:45 "GET /static/js/form-validation.js HTTP/1.1" 404 1877
[WARNING] 2025-05-26 20:59:45 "GET /static/js/main.js HTTP/1.1" 404 1844
[WARNING] 2025-05-26 20:59:45 "GET /static/css/style.css HTTP/1.1" 404 1853
[INFO] 2025-05-26 21:00:01 "POST /review/new/ HTTP/1.1" 302 0
[INFO] 2025-05-26 21:00:01 "GET /reviews/ HTTP/1.1" 200 5430
[WARNING] 2025-05-26 21:00:01 "GET /static/js/main.js HTTP/1.1" 404 1844
[WARNING] 2025-05-26 21:00:01 "GET /static/css/style.css HTTP/1.1" 404 1853
[WARNING] 2025-05-26 21:00:01 "GET /static/js/form-validation.js HTTP/1.1" 404 1877
[INFO] 2025-05-26 21:00:04 "GET /orders/ HTTP/1.1" 200 18197
[WARNING] 2025-05-26 21:00:04 "GET /static/js/main.js HTTP/1.1" 404 1844
[WARNING] 2025-05-26 21:00:04 "GET /static/css/style.css HTTP/1.1" 404 1853
[WARNING] 2025-05-26 21:00:04 "GET /static/js/form-validation.js HTTP/1.1" 404 1877
[INFO] 2025-05-26 21:00:09 Order 9 status updated to completed by alexander
[INFO] 2025-05-26 21:00:09 "POST /order/9/update-status/ HTTP/1.1" 302 0
[INFO] 2025-05-26 21:00:09 "GET /orders/ HTTP/1.1" 200 18423
[WARNING] 2025-05-26 21:00:09 "GET /static/css/style.css HTTP/1.1" 404 1853
[WARNING] 2025-05-26 21:00:09 "GET /static/js/main.js HTTP/1.1" 404 1844
[WARNING] 2025-05-26 21:00:09 "GET /static/js/form-validation.js HTTP/1.1" 404 1877
[INFO] 2025-05-26 21:00:11 "GET /my-orders/ HTTP/1.1" 200 6454
[WARNING] 2025-05-26 21:00:11 "GET /static/css/style.css HTTP/1.1" 404 1853
[WARNING] 2025-05-26 21:00:11 "GET /static/js/main.js HTTP/1.1" 404 1844
[WARNING] 2025-05-26 21:00:11 "GET /static/js/form-validation.js HTTP/1.1" 404 1877
[INFO] 2025-05-26 21:00:14 "GET /pizza/create/ HTTP/1.1" 200 10290
[WARNING] 2025-05-26 21:00:14 "GET /static/css/style.css HTTP/1.1" 404 1853
[WARNING] 2025-05-26 21:00:14 "GET /static/js/main.js HTTP/1.1" 404 1844
[WARNING] 2025-05-26 21:00:14 "GET /static/js/form-validation.js HTTP/1.1" 404 1877
[DEBUG] 2025-05-26 21:00:33 Starting pizza creation process by user alexander
[INFO] 2025-05-26 21:00:33 Pizza created successfully with ID: 12
[INFO] 2025-05-26 21:00:33 "POST /pizza/create/ HTTP/1.1" 302 0
[DEBUG] 2025-05-26 21:00:33 Menu filter params: category=None, sauce=None, is_vegan=None, price=None-None
[INFO] 2025-05-26 21:00:33 "GET /menu/ HTTP/1.1" 200 10269
[WARNING] 2025-05-26 21:00:33 "GET /static/js/form-validation.js HTTP/1.1" 404 1877
[WARNING] 2025-05-26 21:00:33 "GET /static/css/style.css HTTP/1.1" 404 1853
[WARNING] 2025-05-26 21:00:33 "GET /static/js/main.js HTTP/1.1" 404 1844
[DEBUG] 2025-05-26 21:00:36 Menu filter params: category=None, sauce=None, is_vegan=None, price=None-None
[INFO] 2025-05-26 21:00:36 "GET /menu/ HTTP/1.1" 200 10069
[WARNING] 2025-05-26 21:00:36 "GET /static/js/main.js HTTP/1.1" 404 1844
[WARNING] 2025-05-26 21:00:36 "GET /static/css/style.css HTTP/1.1" 404 1853
[WARNING] 2025-05-26 21:00:36 "GET /static/js/form-validation.js HTTP/1.1" 404 1877
[INFO] 2025-05-26 21:01:30 Watching for file changes with StatReloader
[INFO] 2025-05-26 21:01:32 "GET /admin/ HTTP/1.1" 200 20978
[INFO] 2025-05-26 21:01:47 "GET /admin/pizza/article/ HTTP/1.1" 200 17636
[INFO] 2025-05-26 21:01:47 "GET /admin/jsi18n/ HTTP/1.1" 200 3342
[INFO] 2025-05-26 21:01:50 "GET /admin/pizza/article/1/change/ HTTP/1.1" 200 18614
[INFO] 2025-05-26 21:01:50 "GET /admin/jsi18n/ HTTP/1.1" 200 3342
[INFO] 2025-05-26 21:01:56 "GET /admin/pizza/article/ HTTP/1.1" 200 17636
[INFO] 2025-05-26 21:01:56 "GET /admin/jsi18n/ HTTP/1.1" 200 3342
[INFO] 2025-05-26 21:01:59 "GET /admin/pizza/article/ HTTP/1.1" 200 17636
[INFO] 2025-05-26 21:01:59 "GET /admin/jsi18n/ HTTP/1.1" 200 3342
[INFO] 2025-05-26 21:02:03 "GET /admin/pizza/vacancy/ HTTP/1.1" 200 16598
[INFO] 2025-05-26 21:02:03 "GET /admin/jsi18n/ HTTP/1.1" 200 3342
[INFO] 2025-05-26 21:02:10 "GET /admin/pizza/faq/ HTTP/1.1" 200 17609
[INFO] 2025-05-26 21:02:10 "GET /admin/jsi18n/ HTTP/1.1" 200 3342
[INFO] 2025-05-26 21:02:19 "GET /admin/pizza/customerpreferences/ HTTP/1.1" 200 17026
[INFO] 2025-05-26 21:02:19 "GET /admin/jsi18n/ HTTP/1.1" 200 3342
[INFO] 2025-05-26 21:02:22 "GET /admin/pizza/customerpreferences/1/change/ HTTP/1.1" 200 22613
[INFO] 2025-05-26 21:02:22 "GET /admin/jsi18n/ HTTP/1.1" 200 3342
[INFO] 2025-05-26 21:02:24 "GET /admin/pizza/customerpreferences/ HTTP/1.1" 200 17026
[INFO] 2025-05-26 21:02:26 "GET /admin/pizza/customerpreferences/1/change/ HTTP/1.1" 200 22613
[INFO] 2025-05-26 21:02:26 "GET /admin/jsi18n/ HTTP/1.1" 200 3342
[INFO] 2025-05-26 21:02:31 "GET /admin/pizza/customerpreferences/ HTTP/1.1" 200 17026
[INFO] 2025-05-26 21:04:17 Watching for file changes with StatReloader
[INFO] 2025-05-26 21:04:25 "GET /admin/pizza/seasonalperiod/ HTTP/1.1" 200 15644
[INFO] 2025-05-26 21:04:25 "GET /admin/jsi18n/ HTTP/1.1" 200 3342
[INFO] 2025-05-26 21:04:31 "GET /admin/pizza/ HTTP/1.1" 200 15727
[INFO] 2025-05-26 21:04:35 "GET /admin/ HTTP/1.1" 200 20978
[INFO] 2025-05-26 21:08:23 "GET /admin/ HTTP/1.1" 200 20978
[INFO] 2025-05-26 21:08:25 "GET /admin/ HTTP/1.1" 200 20978
[INFO] 2025-05-26 21:08:29 "GET /admin/pizza/employee/ HTTP/1.1" 200 17959
[INFO] 2025-05-26 21:08:29 "GET /admin/jsi18n/ HTTP/1.1" 200 3342
[ERROR] 2025-05-26 21:08:38 Internal Server Error: /
Traceback (most recent call last):
  File "D:\353504_SVIDINSKY_19\IGI\LR5\.venv\Lib\site-packages\django\core\handlers\exception.py", line 55, in inner
    response = get_response(request)
  File "D:\353504_SVIDINSKY_19\IGI\LR5\.venv\Lib\site-packages\django\core\handlers\base.py", line 220, in _get_response
    response = response.render()
  File "D:\353504_SVIDINSKY_19\IGI\LR5\.venv\Lib\site-packages\django\template\response.py", line 114, in render
    self.content = self.rendered_content
                   ^^^^^^^^^^^^^^^^^^^^^
  File "D:\353504_SVIDINSKY_19\IGI\LR5\.venv\Lib\site-packages\django\template\response.py", line 92, in rendered_content
    return template.render(context, self._request)
           ~~~~~~~~~~~~~~~^^^^^^^^^^^^^^^^^^^^^^^^
  File "D:\353504_SVIDINSKY_19\IGI\LR5\.venv\Lib\site-packages\django\template\backends\django.py", line 107, in render
    return self.template.render(context)
           ~~~~~~~~~~~~~~~~~~~~^^^^^^^^^
  File "D:\353504_SVIDINSKY_19\IGI\LR5\.venv\Lib\site-packages\django\template\base.py", line 171, in render
    return self._render(context)
           ~~~~~~~~~~~~^^^^^^^^^
  File "D:\353504_SVIDINSKY_19\IGI\LR5\.venv\Lib\site-packages\django\template\base.py", line 163, in _render
    return self.nodelist.render(context)
           ~~~~~~~~~~~~~~~~~~~~^^^^^^^^^
  File "D:\353504_SVIDINSKY_19\IGI\LR5\.venv\Lib\site-packages\django\template\base.py", line 1016, in render
    return SafeString("".join([node.render_annotated(context) for node in self]))
                               ~~~~~~~~~~~~~~~~~~~~~^^^^^^^^^
  File "D:\353504_SVIDINSKY_19\IGI\LR5\.venv\Lib\site-packages\django\template\base.py", line 977, in render_annotated
    return self.render(context)
           ~~~~~~~~~~~^^^^^^^^^
  File "D:\353504_SVIDINSKY_19\IGI\LR5\.venv\Lib\site-packages\django\template\loader_tags.py", line 159, in render
    return compiled_parent._render(context)
           ~~~~~~~~~~~~~~~~~~~~~~~^^^^^^^^^
  File "D:\353504_SVIDINSKY_19\IGI\LR5\.venv\Lib\site-packages\django\template\base.py", line 163, in _render
    return self.nodelist.render(context)
           ~~~~~~~~~~~~~~~~~~~~^^^^^^^^^
  File "D:\353504_SVIDINSKY_19\IGI\LR5\.venv\Lib\site-packages\django\template\base.py", line 1016, in render
    return SafeString("".join([node.render_annotated(context) for node in self]))
                               ~~~~~~~~~~~~~~~~~~~~~^^^^^^^^^
  File "D:\353504_SVIDINSKY_19\IGI\LR5\.venv\Lib\site-packages\django\template\base.py", line 977, in render_annotated
    return self.render(context)
           ~~~~~~~~~~~^^^^^^^^^
  File "D:\353504_SVIDINSKY_19\IGI\LR5\.venv\Lib\site-packages\django\template\defaulttags.py", line 480, in render
    url = reverse(view_name, args=args, kwargs=kwargs, current_app=current_app)
  File "D:\353504_SVIDINSKY_19\IGI\LR5\.venv\Lib\site-packages\django\urls\base.py", line 98, in reverse
    resolved_url = resolver._reverse_with_prefix(view, prefix, *args, **kwargs)
  File "D:\353504_SVIDINSKY_19\IGI\LR5\.venv\Lib\site-packages\django\urls\resolvers.py", line 831, in _reverse_with_prefix
    raise NoReverseMatch(msg)
django.urls.exceptions.NoReverseMatch: Reverse for 'about' not found. 'about' is not a valid view function or pattern name.
[ERROR] 2025-05-26 21:08:38 "GET / HTTP/1.1" 500 141835
[ERROR] 2025-05-26 21:08:38 Internal Server Error: /
Traceback (most recent call last):
  File "D:\353504_SVIDINSKY_19\IGI\LR5\.venv\Lib\site-packages\django\core\handlers\exception.py", line 55, in inner
    response = get_response(request)
  File "D:\353504_SVIDINSKY_19\IGI\LR5\.venv\Lib\site-packages\django\core\handlers\base.py", line 220, in _get_response
    response = response.render()
  File "D:\353504_SVIDINSKY_19\IGI\LR5\.venv\Lib\site-packages\django\template\response.py", line 114, in render
    self.content = self.rendered_content
                   ^^^^^^^^^^^^^^^^^^^^^
  File "D:\353504_SVIDINSKY_19\IGI\LR5\.venv\Lib\site-packages\django\template\response.py", line 92, in rendered_content
    return template.render(context, self._request)
           ~~~~~~~~~~~~~~~^^^^^^^^^^^^^^^^^^^^^^^^
  File "D:\353504_SVIDINSKY_19\IGI\LR5\.venv\Lib\site-packages\django\template\backends\django.py", line 107, in render
    return self.template.render(context)
           ~~~~~~~~~~~~~~~~~~~~^^^^^^^^^
  File "D:\353504_SVIDINSKY_19\IGI\LR5\.venv\Lib\site-packages\django\template\base.py", line 171, in render
    return self._render(context)
           ~~~~~~~~~~~~^^^^^^^^^
  File "D:\353504_SVIDINSKY_19\IGI\LR5\.venv\Lib\site-packages\django\template\base.py", line 163, in _render
    return self.nodelist.render(context)
           ~~~~~~~~~~~~~~~~~~~~^^^^^^^^^
  File "D:\353504_SVIDINSKY_19\IGI\LR5\.venv\Lib\site-packages\django\template\base.py", line 1016, in render
    return SafeString("".join([node.render_annotated(context) for node in self]))
                               ~~~~~~~~~~~~~~~~~~~~~^^^^^^^^^
  File "D:\353504_SVIDINSKY_19\IGI\LR5\.venv\Lib\site-packages\django\template\base.py", line 977, in render_annotated
    return self.render(context)
           ~~~~~~~~~~~^^^^^^^^^
  File "D:\353504_SVIDINSKY_19\IGI\LR5\.venv\Lib\site-packages\django\template\loader_tags.py", line 159, in render
    return compiled_parent._render(context)
           ~~~~~~~~~~~~~~~~~~~~~~~^^^^^^^^^
  File "D:\353504_SVIDINSKY_19\IGI\LR5\.venv\Lib\site-packages\django\template\base.py", line 163, in _render
    return self.nodelist.render(context)
           ~~~~~~~~~~~~~~~~~~~~^^^^^^^^^
  File "D:\353504_SVIDINSKY_19\IGI\LR5\.venv\Lib\site-packages\django\template\base.py", line 1016, in render
    return SafeString("".join([node.render_annotated(context) for node in self]))
                               ~~~~~~~~~~~~~~~~~~~~~^^^^^^^^^
  File "D:\353504_SVIDINSKY_19\IGI\LR5\.venv\Lib\site-packages\django\template\base.py", line 977, in render_annotated
    return self.render(context)
           ~~~~~~~~~~~^^^^^^^^^
  File "D:\353504_SVIDINSKY_19\IGI\LR5\.venv\Lib\site-packages\django\template\defaulttags.py", line 480, in render
    url = reverse(view_name, args=args, kwargs=kwargs, current_app=current_app)
  File "D:\353504_SVIDINSKY_19\IGI\LR5\.venv\Lib\site-packages\django\urls\base.py", line 98, in reverse
    resolved_url = resolver._reverse_with_prefix(view, prefix, *args, **kwargs)
  File "D:\353504_SVIDINSKY_19\IGI\LR5\.venv\Lib\site-packages\django\urls\resolvers.py", line 831, in _reverse_with_prefix
    raise NoReverseMatch(msg)
django.urls.exceptions.NoReverseMatch: Reverse for 'about' not found. 'about' is not a valid view function or pattern name.
[ERROR] 2025-05-26 21:08:38 "GET / HTTP/1.1" 500 141561
[DEBUG] 2025-05-26 21:08:44 Starting statistics calculation
[INFO] 2025-05-26 21:08:44 Statistics viewed by user alexander
[ERROR] 2025-05-26 21:08:44 Error generating statistics: Reverse for 'about' not found. 'about' is not a valid view function or pattern name.
Traceback (most recent call last):
  File "D:\353504_SVIDINSKY_19\igi\lr5\pizza\views.py", line 500, in statistics_view
    return render(request, 'pizza/statistics.html', context)
  File "D:\353504_SVIDINSKY_19\IGI\LR5\.venv\Lib\site-packages\django\shortcuts.py", line 25, in render
    content = loader.render_to_string(template_name, context, request, using=using)
  File "D:\353504_SVIDINSKY_19\IGI\LR5\.venv\Lib\site-packages\django\template\loader.py", line 62, in render_to_string
    return template.render(context, request)
           ~~~~~~~~~~~~~~~^^^^^^^^^^^^^^^^^^
  File "D:\353504_SVIDINSKY_19\IGI\LR5\.venv\Lib\site-packages\django\template\backends\django.py", line 107, in render
    return self.template.render(context)
           ~~~~~~~~~~~~~~~~~~~~^^^^^^^^^
  File "D:\353504_SVIDINSKY_19\IGI\LR5\.venv\Lib\site-packages\django\template\base.py", line 171, in render
    return self._render(context)
           ~~~~~~~~~~~~^^^^^^^^^
  File "D:\353504_SVIDINSKY_19\IGI\LR5\.venv\Lib\site-packages\django\template\base.py", line 163, in _render
    return self.nodelist.render(context)
           ~~~~~~~~~~~~~~~~~~~~^^^^^^^^^
  File "D:\353504_SVIDINSKY_19\IGI\LR5\.venv\Lib\site-packages\django\template\base.py", line 1016, in render
    return SafeString("".join([node.render_annotated(context) for node in self]))
                               ~~~~~~~~~~~~~~~~~~~~~^^^^^^^^^
  File "D:\353504_SVIDINSKY_19\IGI\LR5\.venv\Lib\site-packages\django\template\base.py", line 977, in render_annotated
    return self.render(context)
           ~~~~~~~~~~~^^^^^^^^^
  File "D:\353504_SVIDINSKY_19\IGI\LR5\.venv\Lib\site-packages\django\template\loader_tags.py", line 159, in render
    return compiled_parent._render(context)
           ~~~~~~~~~~~~~~~~~~~~~~~^^^^^^^^^
  File "D:\353504_SVIDINSKY_19\IGI\LR5\.venv\Lib\site-packages\django\template\base.py", line 163, in _render
    return self.nodelist.render(context)
           ~~~~~~~~~~~~~~~~~~~~^^^^^^^^^
  File "D:\353504_SVIDINSKY_19\IGI\LR5\.venv\Lib\site-packages\django\template\base.py", line 1016, in render
    return SafeString("".join([node.render_annotated(context) for node in self]))
                               ~~~~~~~~~~~~~~~~~~~~~^^^^^^^^^
  File "D:\353504_SVIDINSKY_19\IGI\LR5\.venv\Lib\site-packages\django\template\base.py", line 977, in render_annotated
    return self.render(context)
           ~~~~~~~~~~~^^^^^^^^^
  File "D:\353504_SVIDINSKY_19\IGI\LR5\.venv\Lib\site-packages\django\template\defaulttags.py", line 480, in render
    url = reverse(view_name, args=args, kwargs=kwargs, current_app=current_app)
  File "D:\353504_SVIDINSKY_19\IGI\LR5\.venv\Lib\site-packages\django\urls\base.py", line 98, in reverse
    resolved_url = resolver._reverse_with_prefix(view, prefix, *args, **kwargs)
  File "D:\353504_SVIDINSKY_19\IGI\LR5\.venv\Lib\site-packages\django\urls\resolvers.py", line 831, in _reverse_with_prefix
    raise NoReverseMatch(msg)
django.urls.exceptions.NoReverseMatch: Reverse for 'about' not found. 'about' is not a valid view function or pattern name.
[ERROR] 2025-05-26 21:08:44 Internal Server Error: /statistics/
Traceback (most recent call last):
  File "D:\353504_SVIDINSKY_19\igi\lr5\pizza\views.py", line 500, in statistics_view
    return render(request, 'pizza/statistics.html', context)
  File "D:\353504_SVIDINSKY_19\IGI\LR5\.venv\Lib\site-packages\django\shortcuts.py", line 25, in render
    content = loader.render_to_string(template_name, context, request, using=using)
  File "D:\353504_SVIDINSKY_19\IGI\LR5\.venv\Lib\site-packages\django\template\loader.py", line 62, in render_to_string
    return template.render(context, request)
           ~~~~~~~~~~~~~~~^^^^^^^^^^^^^^^^^^
  File "D:\353504_SVIDINSKY_19\IGI\LR5\.venv\Lib\site-packages\django\template\backends\django.py", line 107, in render
    return self.template.render(context)
           ~~~~~~~~~~~~~~~~~~~~^^^^^^^^^
  File "D:\353504_SVIDINSKY_19\IGI\LR5\.venv\Lib\site-packages\django\template\base.py", line 171, in render
    return self._render(context)
           ~~~~~~~~~~~~^^^^^^^^^
  File "D:\353504_SVIDINSKY_19\IGI\LR5\.venv\Lib\site-packages\django\template\base.py", line 163, in _render
    return self.nodelist.render(context)
           ~~~~~~~~~~~~~~~~~~~~^^^^^^^^^
  File "D:\353504_SVIDINSKY_19\IGI\LR5\.venv\Lib\site-packages\django\template\base.py", line 1016, in render
    return SafeString("".join([node.render_annotated(context) for node in self]))
                               ~~~~~~~~~~~~~~~~~~~~~^^^^^^^^^
  File "D:\353504_SVIDINSKY_19\IGI\LR5\.venv\Lib\site-packages\django\template\base.py", line 977, in render_annotated
    return self.render(context)
           ~~~~~~~~~~~^^^^^^^^^
  File "D:\353504_SVIDINSKY_19\IGI\LR5\.venv\Lib\site-packages\django\template\loader_tags.py", line 159, in render
    return compiled_parent._render(context)
           ~~~~~~~~~~~~~~~~~~~~~~~^^^^^^^^^
  File "D:\353504_SVIDINSKY_19\IGI\LR5\.venv\Lib\site-packages\django\template\base.py", line 163, in _render
    return self.nodelist.render(context)
           ~~~~~~~~~~~~~~~~~~~~^^^^^^^^^
  File "D:\353504_SVIDINSKY_19\IGI\LR5\.venv\Lib\site-packages\django\template\base.py", line 1016, in render
    return SafeString("".join([node.render_annotated(context) for node in self]))
                               ~~~~~~~~~~~~~~~~~~~~~^^^^^^^^^
  File "D:\353504_SVIDINSKY_19\IGI\LR5\.venv\Lib\site-packages\django\template\base.py", line 977, in render_annotated
    return self.render(context)
           ~~~~~~~~~~~^^^^^^^^^
  File "D:\353504_SVIDINSKY_19\IGI\LR5\.venv\Lib\site-packages\django\template\defaulttags.py", line 480, in render
    url = reverse(view_name, args=args, kwargs=kwargs, current_app=current_app)
  File "D:\353504_SVIDINSKY_19\IGI\LR5\.venv\Lib\site-packages\django\urls\base.py", line 98, in reverse
    resolved_url = resolver._reverse_with_prefix(view, prefix, *args, **kwargs)
  File "D:\353504_SVIDINSKY_19\IGI\LR5\.venv\Lib\site-packages\django\urls\resolvers.py", line 831, in _reverse_with_prefix
    raise NoReverseMatch(msg)
django.urls.exceptions.NoReverseMatch: Reverse for 'about' not found. 'about' is not a valid view function or pattern name.

During handling of the above exception, another exception occurred:

Traceback (most recent call last):
  File "D:\353504_SVIDINSKY_19\IGI\LR5\.venv\Lib\site-packages\django\core\handlers\exception.py", line 55, in inner
    response = get_response(request)
  File "D:\353504_SVIDINSKY_19\IGI\LR5\.venv\Lib\site-packages\django\core\handlers\base.py", line 197, in _get_response
    response = wrapped_callback(request, *callback_args, **callback_kwargs)
  File "D:\353504_SVIDINSKY_19\IGI\LR5\.venv\Lib\site-packages\django\contrib\auth\decorators.py", line 59, in _view_wrapper
    return view_func(request, *args, **kwargs)
  File "D:\353504_SVIDINSKY_19\igi\lr5\pizza\views.py", line 504, in statistics_view
    return redirect('pizza:pizza_list')
  File "D:\353504_SVIDINSKY_19\IGI\LR5\.venv\Lib\site-packages\django\shortcuts.py", line 51, in redirect
    resolve_url(to, *args, **kwargs),
    ~~~~~~~~~~~^^^^^^^^^^^^^^^^^^^^^
  File "D:\353504_SVIDINSKY_19\IGI\LR5\.venv\Lib\site-packages\django\shortcuts.py", line 184, in resolve_url
    return reverse(to, args=args, kwargs=kwargs)
  File "D:\353504_SVIDINSKY_19\IGI\LR5\.venv\Lib\site-packages\django\urls\base.py", line 98, in reverse
    resolved_url = resolver._reverse_with_prefix(view, prefix, *args, **kwargs)
  File "D:\353504_SVIDINSKY_19\IGI\LR5\.venv\Lib\site-packages\django\urls\resolvers.py", line 831, in _reverse_with_prefix
    raise NoReverseMatch(msg)
django.urls.exceptions.NoReverseMatch: Reverse for 'pizza_list' not found. 'pizza_list' is not a valid view function or pattern name.
[ERROR] 2025-05-26 21:08:44 "GET /statistics/?search=%D0%94%D0%B8%D0%B0%D0%B1%D0%BB%D0%BE&sort=-total_price HTTP/1.1" 500 266593
[ERROR] 2025-05-26 21:09:54 Internal Server Error: /
Traceback (most recent call last):
  File "D:\353504_SVIDINSKY_19\IGI\LR5\.venv\Lib\site-packages\django\core\handlers\exception.py", line 55, in inner
    response = get_response(request)
  File "D:\353504_SVIDINSKY_19\IGI\LR5\.venv\Lib\site-packages\django\core\handlers\base.py", line 220, in _get_response
    response = response.render()
  File "D:\353504_SVIDINSKY_19\IGI\LR5\.venv\Lib\site-packages\django\template\response.py", line 114, in render
    self.content = self.rendered_content
                   ^^^^^^^^^^^^^^^^^^^^^
  File "D:\353504_SVIDINSKY_19\IGI\LR5\.venv\Lib\site-packages\django\template\response.py", line 92, in rendered_content
    return template.render(context, self._request)
           ~~~~~~~~~~~~~~~^^^^^^^^^^^^^^^^^^^^^^^^
  File "D:\353504_SVIDINSKY_19\IGI\LR5\.venv\Lib\site-packages\django\template\backends\django.py", line 107, in render
    return self.template.render(context)
           ~~~~~~~~~~~~~~~~~~~~^^^^^^^^^
  File "D:\353504_SVIDINSKY_19\IGI\LR5\.venv\Lib\site-packages\django\template\base.py", line 171, in render
    return self._render(context)
           ~~~~~~~~~~~~^^^^^^^^^
  File "D:\353504_SVIDINSKY_19\IGI\LR5\.venv\Lib\site-packages\django\template\base.py", line 163, in _render
    return self.nodelist.render(context)
           ~~~~~~~~~~~~~~~~~~~~^^^^^^^^^
  File "D:\353504_SVIDINSKY_19\IGI\LR5\.venv\Lib\site-packages\django\template\base.py", line 1016, in render
    return SafeString("".join([node.render_annotated(context) for node in self]))
                               ~~~~~~~~~~~~~~~~~~~~~^^^^^^^^^
  File "D:\353504_SVIDINSKY_19\IGI\LR5\.venv\Lib\site-packages\django\template\base.py", line 977, in render_annotated
    return self.render(context)
           ~~~~~~~~~~~^^^^^^^^^
  File "D:\353504_SVIDINSKY_19\IGI\LR5\.venv\Lib\site-packages\django\template\loader_tags.py", line 159, in render
    return compiled_parent._render(context)
           ~~~~~~~~~~~~~~~~~~~~~~~^^^^^^^^^
  File "D:\353504_SVIDINSKY_19\IGI\LR5\.venv\Lib\site-packages\django\template\base.py", line 163, in _render
    return self.nodelist.render(context)
           ~~~~~~~~~~~~~~~~~~~~^^^^^^^^^
  File "D:\353504_SVIDINSKY_19\IGI\LR5\.venv\Lib\site-packages\django\template\base.py", line 1016, in render
    return SafeString("".join([node.render_annotated(context) for node in self]))
                               ~~~~~~~~~~~~~~~~~~~~~^^^^^^^^^
  File "D:\353504_SVIDINSKY_19\IGI\LR5\.venv\Lib\site-packages\django\template\base.py", line 977, in render_annotated
    return self.render(context)
           ~~~~~~~~~~~^^^^^^^^^
  File "D:\353504_SVIDINSKY_19\IGI\LR5\.venv\Lib\site-packages\django\template\defaulttags.py", line 480, in render
    url = reverse(view_name, args=args, kwargs=kwargs, current_app=current_app)
  File "D:\353504_SVIDINSKY_19\IGI\LR5\.venv\Lib\site-packages\django\urls\base.py", line 98, in reverse
    resolved_url = resolver._reverse_with_prefix(view, prefix, *args, **kwargs)
  File "D:\353504_SVIDINSKY_19\IGI\LR5\.venv\Lib\site-packages\django\urls\resolvers.py", line 831, in _reverse_with_prefix
    raise NoReverseMatch(msg)
django.urls.exceptions.NoReverseMatch: Reverse for 'about' not found. 'about' is not a valid view function or pattern name.
[ERROR] 2025-05-26 21:09:54 "GET / HTTP/1.1" 500 141884
[ERROR] 2025-05-26 21:10:10 Internal Server Error: /reviews/
Traceback (most recent call last):
  File "D:\353504_SVIDINSKY_19\IGI\LR5\.venv\Lib\site-packages\django\core\handlers\exception.py", line 55, in inner
    response = get_response(request)
  File "D:\353504_SVIDINSKY_19\IGI\LR5\.venv\Lib\site-packages\django\core\handlers\base.py", line 197, in _get_response
    response = wrapped_callback(request, *callback_args, **callback_kwargs)
  File "D:\353504_SVIDINSKY_19\igi\lr5\pizza\views.py", line 335, in reviews_list
    return render(request, 'pizza/reviews.html', {'reviews': reviews})
  File "D:\353504_SVIDINSKY_19\IGI\LR5\.venv\Lib\site-packages\django\shortcuts.py", line 25, in render
    content = loader.render_to_string(template_name, context, request, using=using)
  File "D:\353504_SVIDINSKY_19\IGI\LR5\.venv\Lib\site-packages\django\template\loader.py", line 62, in render_to_string
    return template.render(context, request)
           ~~~~~~~~~~~~~~~^^^^^^^^^^^^^^^^^^
  File "D:\353504_SVIDINSKY_19\IGI\LR5\.venv\Lib\site-packages\django\template\backends\django.py", line 107, in render
    return self.template.render(context)
           ~~~~~~~~~~~~~~~~~~~~^^^^^^^^^
  File "D:\353504_SVIDINSKY_19\IGI\LR5\.venv\Lib\site-packages\django\template\base.py", line 171, in render
    return self._render(context)
           ~~~~~~~~~~~~^^^^^^^^^
  File "D:\353504_SVIDINSKY_19\IGI\LR5\.venv\Lib\site-packages\django\template\base.py", line 163, in _render
    return self.nodelist.render(context)
           ~~~~~~~~~~~~~~~~~~~~^^^^^^^^^
  File "D:\353504_SVIDINSKY_19\IGI\LR5\.venv\Lib\site-packages\django\template\base.py", line 1016, in render
    return SafeString("".join([node.render_annotated(context) for node in self]))
                               ~~~~~~~~~~~~~~~~~~~~~^^^^^^^^^
  File "D:\353504_SVIDINSKY_19\IGI\LR5\.venv\Lib\site-packages\django\template\base.py", line 977, in render_annotated
    return self.render(context)
           ~~~~~~~~~~~^^^^^^^^^
  File "D:\353504_SVIDINSKY_19\IGI\LR5\.venv\Lib\site-packages\django\template\loader_tags.py", line 159, in render
    return compiled_parent._render(context)
           ~~~~~~~~~~~~~~~~~~~~~~~^^^^^^^^^
  File "D:\353504_SVIDINSKY_19\IGI\LR5\.venv\Lib\site-packages\django\template\base.py", line 163, in _render
    return self.nodelist.render(context)
           ~~~~~~~~~~~~~~~~~~~~^^^^^^^^^
  File "D:\353504_SVIDINSKY_19\IGI\LR5\.venv\Lib\site-packages\django\template\base.py", line 1016, in render
    return SafeString("".join([node.render_annotated(context) for node in self]))
                               ~~~~~~~~~~~~~~~~~~~~~^^^^^^^^^
  File "D:\353504_SVIDINSKY_19\IGI\LR5\.venv\Lib\site-packages\django\template\base.py", line 977, in render_annotated
    return self.render(context)
           ~~~~~~~~~~~^^^^^^^^^
  File "D:\353504_SVIDINSKY_19\IGI\LR5\.venv\Lib\site-packages\django\template\defaulttags.py", line 480, in render
    url = reverse(view_name, args=args, kwargs=kwargs, current_app=current_app)
  File "D:\353504_SVIDINSKY_19\IGI\LR5\.venv\Lib\site-packages\django\urls\base.py", line 98, in reverse
    resolved_url = resolver._reverse_with_prefix(view, prefix, *args, **kwargs)
  File "D:\353504_SVIDINSKY_19\IGI\LR5\.venv\Lib\site-packages\django\urls\resolvers.py", line 831, in _reverse_with_prefix
    raise NoReverseMatch(msg)
django.urls.exceptions.NoReverseMatch: Reverse for 'about' not found. 'about' is not a valid view function or pattern name.
[ERROR] 2025-05-26 21:10:10 "GET /reviews/ HTTP/1.1" 500 143709
[INFO] 2025-05-26 21:11:45 D:\353504_SVIDINSKY_19\IGI\LR5\pizza\urls.py changed, reloading.
[INFO] 2025-05-26 21:11:47 Watching for file changes with StatReloader
[INFO] 2025-05-26 21:11:53 D:\353504_SVIDINSKY_19\IGI\LR5\pizza\views.py changed, reloading.
[INFO] 2025-05-26 21:11:53 Watching for file changes with StatReloader
[INFO] 2025-05-26 21:12:08 D:\353504_SVIDINSKY_19\IGI\LR5\pizza\views.py changed, reloading.
[INFO] 2025-05-26 21:12:09 Watching for file changes with StatReloader
[ERROR] 2025-05-26 21:12:13 Internal Server Error: /reviews/
Traceback (most recent call last):
  File "D:\353504_SVIDINSKY_19\IGI\LR5\.venv\Lib\site-packages\django\core\handlers\exception.py", line 55, in inner
    response = get_response(request)
  File "D:\353504_SVIDINSKY_19\IGI\LR5\.venv\Lib\site-packages\django\core\handlers\base.py", line 197, in _get_response
    response = wrapped_callback(request, *callback_args, **callback_kwargs)
  File "D:\353504_SVIDINSKY_19\igi\lr5\pizza\views.py", line 335, in reviews_list
    return render(request, 'pizza/reviews.html', {'reviews': reviews})
  File "D:\353504_SVIDINSKY_19\IGI\LR5\.venv\Lib\site-packages\django\shortcuts.py", line 25, in render
    content = loader.render_to_string(template_name, context, request, using=using)
  File "D:\353504_SVIDINSKY_19\IGI\LR5\.venv\Lib\site-packages\django\template\loader.py", line 62, in render_to_string
    return template.render(context, request)
           ~~~~~~~~~~~~~~~^^^^^^^^^^^^^^^^^^
  File "D:\353504_SVIDINSKY_19\IGI\LR5\.venv\Lib\site-packages\django\template\backends\django.py", line 107, in render
    return self.template.render(context)
           ~~~~~~~~~~~~~~~~~~~~^^^^^^^^^
  File "D:\353504_SVIDINSKY_19\IGI\LR5\.venv\Lib\site-packages\django\template\base.py", line 171, in render
    return self._render(context)
           ~~~~~~~~~~~~^^^^^^^^^
  File "D:\353504_SVIDINSKY_19\IGI\LR5\.venv\Lib\site-packages\django\template\base.py", line 163, in _render
    return self.nodelist.render(context)
           ~~~~~~~~~~~~~~~~~~~~^^^^^^^^^
  File "D:\353504_SVIDINSKY_19\IGI\LR5\.venv\Lib\site-packages\django\template\base.py", line 1016, in render
    return SafeString("".join([node.render_annotated(context) for node in self]))
                               ~~~~~~~~~~~~~~~~~~~~~^^^^^^^^^
  File "D:\353504_SVIDINSKY_19\IGI\LR5\.venv\Lib\site-packages\django\template\base.py", line 977, in render_annotated
    return self.render(context)
           ~~~~~~~~~~~^^^^^^^^^
  File "D:\353504_SVIDINSKY_19\IGI\LR5\.venv\Lib\site-packages\django\template\loader_tags.py", line 159, in render
    return compiled_parent._render(context)
           ~~~~~~~~~~~~~~~~~~~~~~~^^^^^^^^^
  File "D:\353504_SVIDINSKY_19\IGI\LR5\.venv\Lib\site-packages\django\template\base.py", line 163, in _render
    return self.nodelist.render(context)
           ~~~~~~~~~~~~~~~~~~~~^^^^^^^^^
  File "D:\353504_SVIDINSKY_19\IGI\LR5\.venv\Lib\site-packages\django\template\base.py", line 1016, in render
    return SafeString("".join([node.render_annotated(context) for node in self]))
                               ~~~~~~~~~~~~~~~~~~~~~^^^^^^^^^
  File "D:\353504_SVIDINSKY_19\IGI\LR5\.venv\Lib\site-packages\django\template\base.py", line 977, in render_annotated
    return self.render(context)
           ~~~~~~~~~~~^^^^^^^^^
  File "D:\353504_SVIDINSKY_19\IGI\LR5\.venv\Lib\site-packages\django\template\defaulttags.py", line 480, in render
    url = reverse(view_name, args=args, kwargs=kwargs, current_app=current_app)
  File "D:\353504_SVIDINSKY_19\IGI\LR5\.venv\Lib\site-packages\django\urls\base.py", line 98, in reverse
    resolved_url = resolver._reverse_with_prefix(view, prefix, *args, **kwargs)
  File "D:\353504_SVIDINSKY_19\IGI\LR5\.venv\Lib\site-packages\django\urls\resolvers.py", line 831, in _reverse_with_prefix
    raise NoReverseMatch(msg)
django.urls.exceptions.NoReverseMatch: Reverse for 'reviews' not found. 'reviews' is not a valid view function or pattern name.
[ERROR] 2025-05-26 21:12:13 "GET /reviews/ HTTP/1.1" 500 144574
[ERROR] 2025-05-26 21:12:13 Internal Server Error: /reviews/
Traceback (most recent call last):
  File "D:\353504_SVIDINSKY_19\IGI\LR5\.venv\Lib\site-packages\django\core\handlers\exception.py", line 55, in inner
    response = get_response(request)
  File "D:\353504_SVIDINSKY_19\IGI\LR5\.venv\Lib\site-packages\django\core\handlers\base.py", line 197, in _get_response
    response = wrapped_callback(request, *callback_args, **callback_kwargs)
  File "D:\353504_SVIDINSKY_19\igi\lr5\pizza\views.py", line 335, in reviews_list
    return render(request, 'pizza/reviews.html', {'reviews': reviews})
  File "D:\353504_SVIDINSKY_19\IGI\LR5\.venv\Lib\site-packages\django\shortcuts.py", line 25, in render
    content = loader.render_to_string(template_name, context, request, using=using)
  File "D:\353504_SVIDINSKY_19\IGI\LR5\.venv\Lib\site-packages\django\template\loader.py", line 62, in render_to_string
    return template.render(context, request)
           ~~~~~~~~~~~~~~~^^^^^^^^^^^^^^^^^^
  File "D:\353504_SVIDINSKY_19\IGI\LR5\.venv\Lib\site-packages\django\template\backends\django.py", line 107, in render
    return self.template.render(context)
           ~~~~~~~~~~~~~~~~~~~~^^^^^^^^^
  File "D:\353504_SVIDINSKY_19\IGI\LR5\.venv\Lib\site-packages\django\template\base.py", line 171, in render
    return self._render(context)
           ~~~~~~~~~~~~^^^^^^^^^
  File "D:\353504_SVIDINSKY_19\IGI\LR5\.venv\Lib\site-packages\django\template\base.py", line 163, in _render
    return self.nodelist.render(context)
           ~~~~~~~~~~~~~~~~~~~~^^^^^^^^^
  File "D:\353504_SVIDINSKY_19\IGI\LR5\.venv\Lib\site-packages\django\template\base.py", line 1016, in render
    return SafeString("".join([node.render_annotated(context) for node in self]))
                               ~~~~~~~~~~~~~~~~~~~~~^^^^^^^^^
  File "D:\353504_SVIDINSKY_19\IGI\LR5\.venv\Lib\site-packages\django\template\base.py", line 977, in render_annotated
    return self.render(context)
           ~~~~~~~~~~~^^^^^^^^^
  File "D:\353504_SVIDINSKY_19\IGI\LR5\.venv\Lib\site-packages\django\template\loader_tags.py", line 159, in render
    return compiled_parent._render(context)
           ~~~~~~~~~~~~~~~~~~~~~~~^^^^^^^^^
  File "D:\353504_SVIDINSKY_19\IGI\LR5\.venv\Lib\site-packages\django\template\base.py", line 163, in _render
    return self.nodelist.render(context)
           ~~~~~~~~~~~~~~~~~~~~^^^^^^^^^
  File "D:\353504_SVIDINSKY_19\IGI\LR5\.venv\Lib\site-packages\django\template\base.py", line 1016, in render
    return SafeString("".join([node.render_annotated(context) for node in self]))
                               ~~~~~~~~~~~~~~~~~~~~~^^^^^^^^^
  File "D:\353504_SVIDINSKY_19\IGI\LR5\.venv\Lib\site-packages\django\template\base.py", line 977, in render_annotated
    return self.render(context)
           ~~~~~~~~~~~^^^^^^^^^
  File "D:\353504_SVIDINSKY_19\IGI\LR5\.venv\Lib\site-packages\django\template\defaulttags.py", line 480, in render
    url = reverse(view_name, args=args, kwargs=kwargs, current_app=current_app)
  File "D:\353504_SVIDINSKY_19\IGI\LR5\.venv\Lib\site-packages\django\urls\base.py", line 98, in reverse
    resolved_url = resolver._reverse_with_prefix(view, prefix, *args, **kwargs)
  File "D:\353504_SVIDINSKY_19\IGI\LR5\.venv\Lib\site-packages\django\urls\resolvers.py", line 831, in _reverse_with_prefix
    raise NoReverseMatch(msg)
django.urls.exceptions.NoReverseMatch: Reverse for 'reviews' not found. 'reviews' is not a valid view function or pattern name.
[ERROR] 2025-05-26 21:12:13 "GET /reviews/ HTTP/1.1" 500 144574
[ERROR] 2025-05-26 21:12:15 Internal Server Error: /reviews/
Traceback (most recent call last):
  File "D:\353504_SVIDINSKY_19\IGI\LR5\.venv\Lib\site-packages\django\core\handlers\exception.py", line 55, in inner
    response = get_response(request)
  File "D:\353504_SVIDINSKY_19\IGI\LR5\.venv\Lib\site-packages\django\core\handlers\base.py", line 197, in _get_response
    response = wrapped_callback(request, *callback_args, **callback_kwargs)
  File "D:\353504_SVIDINSKY_19\igi\lr5\pizza\views.py", line 335, in reviews_list
    return render(request, 'pizza/reviews.html', {'reviews': reviews})
  File "D:\353504_SVIDINSKY_19\IGI\LR5\.venv\Lib\site-packages\django\shortcuts.py", line 25, in render
    content = loader.render_to_string(template_name, context, request, using=using)
  File "D:\353504_SVIDINSKY_19\IGI\LR5\.venv\Lib\site-packages\django\template\loader.py", line 62, in render_to_string
    return template.render(context, request)
           ~~~~~~~~~~~~~~~^^^^^^^^^^^^^^^^^^
  File "D:\353504_SVIDINSKY_19\IGI\LR5\.venv\Lib\site-packages\django\template\backends\django.py", line 107, in render
    return self.template.render(context)
           ~~~~~~~~~~~~~~~~~~~~^^^^^^^^^
  File "D:\353504_SVIDINSKY_19\IGI\LR5\.venv\Lib\site-packages\django\template\base.py", line 171, in render
    return self._render(context)
           ~~~~~~~~~~~~^^^^^^^^^
  File "D:\353504_SVIDINSKY_19\IGI\LR5\.venv\Lib\site-packages\django\template\base.py", line 163, in _render
    return self.nodelist.render(context)
           ~~~~~~~~~~~~~~~~~~~~^^^^^^^^^
  File "D:\353504_SVIDINSKY_19\IGI\LR5\.venv\Lib\site-packages\django\template\base.py", line 1016, in render
    return SafeString("".join([node.render_annotated(context) for node in self]))
                               ~~~~~~~~~~~~~~~~~~~~~^^^^^^^^^
  File "D:\353504_SVIDINSKY_19\IGI\LR5\.venv\Lib\site-packages\django\template\base.py", line 977, in render_annotated
    return self.render(context)
           ~~~~~~~~~~~^^^^^^^^^
  File "D:\353504_SVIDINSKY_19\IGI\LR5\.venv\Lib\site-packages\django\template\loader_tags.py", line 159, in render
    return compiled_parent._render(context)
           ~~~~~~~~~~~~~~~~~~~~~~~^^^^^^^^^
  File "D:\353504_SVIDINSKY_19\IGI\LR5\.venv\Lib\site-packages\django\template\base.py", line 163, in _render
    return self.nodelist.render(context)
           ~~~~~~~~~~~~~~~~~~~~^^^^^^^^^
  File "D:\353504_SVIDINSKY_19\IGI\LR5\.venv\Lib\site-packages\django\template\base.py", line 1016, in render
    return SafeString("".join([node.render_annotated(context) for node in self]))
                               ~~~~~~~~~~~~~~~~~~~~~^^^^^^^^^
  File "D:\353504_SVIDINSKY_19\IGI\LR5\.venv\Lib\site-packages\django\template\base.py", line 977, in render_annotated
    return self.render(context)
           ~~~~~~~~~~~^^^^^^^^^
  File "D:\353504_SVIDINSKY_19\IGI\LR5\.venv\Lib\site-packages\django\template\defaulttags.py", line 480, in render
    url = reverse(view_name, args=args, kwargs=kwargs, current_app=current_app)
  File "D:\353504_SVIDINSKY_19\IGI\LR5\.venv\Lib\site-packages\django\urls\base.py", line 98, in reverse
    resolved_url = resolver._reverse_with_prefix(view, prefix, *args, **kwargs)
  File "D:\353504_SVIDINSKY_19\IGI\LR5\.venv\Lib\site-packages\django\urls\resolvers.py", line 831, in _reverse_with_prefix
    raise NoReverseMatch(msg)
django.urls.exceptions.NoReverseMatch: Reverse for 'reviews' not found. 'reviews' is not a valid view function or pattern name.
[ERROR] 2025-05-26 21:12:15 "GET /reviews/ HTTP/1.1" 500 144711
[ERROR] 2025-05-26 21:12:16 Internal Server Error: /
Traceback (most recent call last):
  File "D:\353504_SVIDINSKY_19\IGI\LR5\.venv\Lib\site-packages\django\core\handlers\exception.py", line 55, in inner
    response = get_response(request)
  File "D:\353504_SVIDINSKY_19\IGI\LR5\.venv\Lib\site-packages\django\core\handlers\base.py", line 220, in _get_response
    response = response.render()
  File "D:\353504_SVIDINSKY_19\IGI\LR5\.venv\Lib\site-packages\django\template\response.py", line 114, in render
    self.content = self.rendered_content
                   ^^^^^^^^^^^^^^^^^^^^^
  File "D:\353504_SVIDINSKY_19\IGI\LR5\.venv\Lib\site-packages\django\template\response.py", line 92, in rendered_content
    return template.render(context, self._request)
           ~~~~~~~~~~~~~~~^^^^^^^^^^^^^^^^^^^^^^^^
  File "D:\353504_SVIDINSKY_19\IGI\LR5\.venv\Lib\site-packages\django\template\backends\django.py", line 107, in render
    return self.template.render(context)
           ~~~~~~~~~~~~~~~~~~~~^^^^^^^^^
  File "D:\353504_SVIDINSKY_19\IGI\LR5\.venv\Lib\site-packages\django\template\base.py", line 171, in render
    return self._render(context)
           ~~~~~~~~~~~~^^^^^^^^^
  File "D:\353504_SVIDINSKY_19\IGI\LR5\.venv\Lib\site-packages\django\template\base.py", line 163, in _render
    return self.nodelist.render(context)
           ~~~~~~~~~~~~~~~~~~~~^^^^^^^^^
  File "D:\353504_SVIDINSKY_19\IGI\LR5\.venv\Lib\site-packages\django\template\base.py", line 1016, in render
    return SafeString("".join([node.render_annotated(context) for node in self]))
                               ~~~~~~~~~~~~~~~~~~~~~^^^^^^^^^
  File "D:\353504_SVIDINSKY_19\IGI\LR5\.venv\Lib\site-packages\django\template\base.py", line 977, in render_annotated
    return self.render(context)
           ~~~~~~~~~~~^^^^^^^^^
  File "D:\353504_SVIDINSKY_19\IGI\LR5\.venv\Lib\site-packages\django\template\loader_tags.py", line 159, in render
    return compiled_parent._render(context)
           ~~~~~~~~~~~~~~~~~~~~~~~^^^^^^^^^
  File "D:\353504_SVIDINSKY_19\IGI\LR5\.venv\Lib\site-packages\django\template\base.py", line 163, in _render
    return self.nodelist.render(context)
           ~~~~~~~~~~~~~~~~~~~~^^^^^^^^^
  File "D:\353504_SVIDINSKY_19\IGI\LR5\.venv\Lib\site-packages\django\template\base.py", line 1016, in render
    return SafeString("".join([node.render_annotated(context) for node in self]))
                               ~~~~~~~~~~~~~~~~~~~~~^^^^^^^^^
  File "D:\353504_SVIDINSKY_19\IGI\LR5\.venv\Lib\site-packages\django\template\base.py", line 977, in render_annotated
    return self.render(context)
           ~~~~~~~~~~~^^^^^^^^^
  File "D:\353504_SVIDINSKY_19\IGI\LR5\.venv\Lib\site-packages\django\template\defaulttags.py", line 480, in render
    url = reverse(view_name, args=args, kwargs=kwargs, current_app=current_app)
  File "D:\353504_SVIDINSKY_19\IGI\LR5\.venv\Lib\site-packages\django\urls\base.py", line 98, in reverse
    resolved_url = resolver._reverse_with_prefix(view, prefix, *args, **kwargs)
  File "D:\353504_SVIDINSKY_19\IGI\LR5\.venv\Lib\site-packages\django\urls\resolvers.py", line 831, in _reverse_with_prefix
    raise NoReverseMatch(msg)
django.urls.exceptions.NoReverseMatch: Reverse for 'reviews' not found. 'reviews' is not a valid view function or pattern name.
[ERROR] 2025-05-26 21:12:16 "GET / HTTP/1.1" 500 142886
[ERROR] 2025-05-26 21:12:16 Internal Server Error: /
Traceback (most recent call last):
  File "D:\353504_SVIDINSKY_19\IGI\LR5\.venv\Lib\site-packages\django\core\handlers\exception.py", line 55, in inner
    response = get_response(request)
  File "D:\353504_SVIDINSKY_19\IGI\LR5\.venv\Lib\site-packages\django\core\handlers\base.py", line 220, in _get_response
    response = response.render()
  File "D:\353504_SVIDINSKY_19\IGI\LR5\.venv\Lib\site-packages\django\template\response.py", line 114, in render
    self.content = self.rendered_content
                   ^^^^^^^^^^^^^^^^^^^^^
  File "D:\353504_SVIDINSKY_19\IGI\LR5\.venv\Lib\site-packages\django\template\response.py", line 92, in rendered_content
    return template.render(context, self._request)
           ~~~~~~~~~~~~~~~^^^^^^^^^^^^^^^^^^^^^^^^
  File "D:\353504_SVIDINSKY_19\IGI\LR5\.venv\Lib\site-packages\django\template\backends\django.py", line 107, in render
    return self.template.render(context)
           ~~~~~~~~~~~~~~~~~~~~^^^^^^^^^
  File "D:\353504_SVIDINSKY_19\IGI\LR5\.venv\Lib\site-packages\django\template\base.py", line 171, in render
    return self._render(context)
           ~~~~~~~~~~~~^^^^^^^^^
  File "D:\353504_SVIDINSKY_19\IGI\LR5\.venv\Lib\site-packages\django\template\base.py", line 163, in _render
    return self.nodelist.render(context)
           ~~~~~~~~~~~~~~~~~~~~^^^^^^^^^
  File "D:\353504_SVIDINSKY_19\IGI\LR5\.venv\Lib\site-packages\django\template\base.py", line 1016, in render
    return SafeString("".join([node.render_annotated(context) for node in self]))
                               ~~~~~~~~~~~~~~~~~~~~~^^^^^^^^^
  File "D:\353504_SVIDINSKY_19\IGI\LR5\.venv\Lib\site-packages\django\template\base.py", line 977, in render_annotated
    return self.render(context)
           ~~~~~~~~~~~^^^^^^^^^
  File "D:\353504_SVIDINSKY_19\IGI\LR5\.venv\Lib\site-packages\django\template\loader_tags.py", line 159, in render
    return compiled_parent._render(context)
           ~~~~~~~~~~~~~~~~~~~~~~~^^^^^^^^^
  File "D:\353504_SVIDINSKY_19\IGI\LR5\.venv\Lib\site-packages\django\template\base.py", line 163, in _render
    return self.nodelist.render(context)
           ~~~~~~~~~~~~~~~~~~~~^^^^^^^^^
  File "D:\353504_SVIDINSKY_19\IGI\LR5\.venv\Lib\site-packages\django\template\base.py", line 1016, in render
    return SafeString("".join([node.render_annotated(context) for node in self]))
                               ~~~~~~~~~~~~~~~~~~~~~^^^^^^^^^
  File "D:\353504_SVIDINSKY_19\IGI\LR5\.venv\Lib\site-packages\django\template\base.py", line 977, in render_annotated
    return self.render(context)
           ~~~~~~~~~~~^^^^^^^^^
  File "D:\353504_SVIDINSKY_19\IGI\LR5\.venv\Lib\site-packages\django\template\defaulttags.py", line 480, in render
    url = reverse(view_name, args=args, kwargs=kwargs, current_app=current_app)
  File "D:\353504_SVIDINSKY_19\IGI\LR5\.venv\Lib\site-packages\django\urls\base.py", line 98, in reverse
    resolved_url = resolver._reverse_with_prefix(view, prefix, *args, **kwargs)
  File "D:\353504_SVIDINSKY_19\IGI\LR5\.venv\Lib\site-packages\django\urls\resolvers.py", line 831, in _reverse_with_prefix
    raise NoReverseMatch(msg)
django.urls.exceptions.NoReverseMatch: Reverse for 'reviews' not found. 'reviews' is not a valid view function or pattern name.
[ERROR] 2025-05-26 21:12:16 "GET / HTTP/1.1" 500 142612
[ERROR] 2025-05-26 21:12:21 Internal Server Error: /
Traceback (most recent call last):
  File "D:\353504_SVIDINSKY_19\IGI\LR5\.venv\Lib\site-packages\django\core\handlers\exception.py", line 55, in inner
    response = get_response(request)
  File "D:\353504_SVIDINSKY_19\IGI\LR5\.venv\Lib\site-packages\django\core\handlers\base.py", line 220, in _get_response
    response = response.render()
  File "D:\353504_SVIDINSKY_19\IGI\LR5\.venv\Lib\site-packages\django\template\response.py", line 114, in render
    self.content = self.rendered_content
                   ^^^^^^^^^^^^^^^^^^^^^
  File "D:\353504_SVIDINSKY_19\IGI\LR5\.venv\Lib\site-packages\django\template\response.py", line 92, in rendered_content
    return template.render(context, self._request)
           ~~~~~~~~~~~~~~~^^^^^^^^^^^^^^^^^^^^^^^^
  File "D:\353504_SVIDINSKY_19\IGI\LR5\.venv\Lib\site-packages\django\template\backends\django.py", line 107, in render
    return self.template.render(context)
           ~~~~~~~~~~~~~~~~~~~~^^^^^^^^^
  File "D:\353504_SVIDINSKY_19\IGI\LR5\.venv\Lib\site-packages\django\template\base.py", line 171, in render
    return self._render(context)
           ~~~~~~~~~~~~^^^^^^^^^
  File "D:\353504_SVIDINSKY_19\IGI\LR5\.venv\Lib\site-packages\django\template\base.py", line 163, in _render
    return self.nodelist.render(context)
           ~~~~~~~~~~~~~~~~~~~~^^^^^^^^^
  File "D:\353504_SVIDINSKY_19\IGI\LR5\.venv\Lib\site-packages\django\template\base.py", line 1016, in render
    return SafeString("".join([node.render_annotated(context) for node in self]))
                               ~~~~~~~~~~~~~~~~~~~~~^^^^^^^^^
  File "D:\353504_SVIDINSKY_19\IGI\LR5\.venv\Lib\site-packages\django\template\base.py", line 977, in render_annotated
    return self.render(context)
           ~~~~~~~~~~~^^^^^^^^^
  File "D:\353504_SVIDINSKY_19\IGI\LR5\.venv\Lib\site-packages\django\template\loader_tags.py", line 159, in render
    return compiled_parent._render(context)
           ~~~~~~~~~~~~~~~~~~~~~~~^^^^^^^^^
  File "D:\353504_SVIDINSKY_19\IGI\LR5\.venv\Lib\site-packages\django\template\base.py", line 163, in _render
    return self.nodelist.render(context)
           ~~~~~~~~~~~~~~~~~~~~^^^^^^^^^
  File "D:\353504_SVIDINSKY_19\IGI\LR5\.venv\Lib\site-packages\django\template\base.py", line 1016, in render
    return SafeString("".join([node.render_annotated(context) for node in self]))
                               ~~~~~~~~~~~~~~~~~~~~~^^^^^^^^^
  File "D:\353504_SVIDINSKY_19\IGI\LR5\.venv\Lib\site-packages\django\template\base.py", line 977, in render_annotated
    return self.render(context)
           ~~~~~~~~~~~^^^^^^^^^
  File "D:\353504_SVIDINSKY_19\IGI\LR5\.venv\Lib\site-packages\django\template\defaulttags.py", line 480, in render
    url = reverse(view_name, args=args, kwargs=kwargs, current_app=current_app)
  File "D:\353504_SVIDINSKY_19\IGI\LR5\.venv\Lib\site-packages\django\urls\base.py", line 98, in reverse
    resolved_url = resolver._reverse_with_prefix(view, prefix, *args, **kwargs)
  File "D:\353504_SVIDINSKY_19\IGI\LR5\.venv\Lib\site-packages\django\urls\resolvers.py", line 831, in _reverse_with_prefix
    raise NoReverseMatch(msg)
django.urls.exceptions.NoReverseMatch: Reverse for 'reviews' not found. 'reviews' is not a valid view function or pattern name.
[ERROR] 2025-05-26 21:12:21 "GET / HTTP/1.1" 500 142612
[ERROR] 2025-05-26 21:12:25 Internal Server Error: /
Traceback (most recent call last):
  File "D:\353504_SVIDINSKY_19\IGI\LR5\.venv\Lib\site-packages\django\core\handlers\exception.py", line 55, in inner
    response = get_response(request)
  File "D:\353504_SVIDINSKY_19\IGI\LR5\.venv\Lib\site-packages\django\core\handlers\base.py", line 220, in _get_response
    response = response.render()
  File "D:\353504_SVIDINSKY_19\IGI\LR5\.venv\Lib\site-packages\django\template\response.py", line 114, in render
    self.content = self.rendered_content
                   ^^^^^^^^^^^^^^^^^^^^^
  File "D:\353504_SVIDINSKY_19\IGI\LR5\.venv\Lib\site-packages\django\template\response.py", line 92, in rendered_content
    return template.render(context, self._request)
           ~~~~~~~~~~~~~~~^^^^^^^^^^^^^^^^^^^^^^^^
  File "D:\353504_SVIDINSKY_19\IGI\LR5\.venv\Lib\site-packages\django\template\backends\django.py", line 107, in render
    return self.template.render(context)
           ~~~~~~~~~~~~~~~~~~~~^^^^^^^^^
  File "D:\353504_SVIDINSKY_19\IGI\LR5\.venv\Lib\site-packages\django\template\base.py", line 171, in render
    return self._render(context)
           ~~~~~~~~~~~~^^^^^^^^^
  File "D:\353504_SVIDINSKY_19\IGI\LR5\.venv\Lib\site-packages\django\template\base.py", line 163, in _render
    return self.nodelist.render(context)
           ~~~~~~~~~~~~~~~~~~~~^^^^^^^^^
  File "D:\353504_SVIDINSKY_19\IGI\LR5\.venv\Lib\site-packages\django\template\base.py", line 1016, in render
    return SafeString("".join([node.render_annotated(context) for node in self]))
                               ~~~~~~~~~~~~~~~~~~~~~^^^^^^^^^
  File "D:\353504_SVIDINSKY_19\IGI\LR5\.venv\Lib\site-packages\django\template\base.py", line 977, in render_annotated
    return self.render(context)
           ~~~~~~~~~~~^^^^^^^^^
  File "D:\353504_SVIDINSKY_19\IGI\LR5\.venv\Lib\site-packages\django\template\loader_tags.py", line 159, in render
    return compiled_parent._render(context)
           ~~~~~~~~~~~~~~~~~~~~~~~^^^^^^^^^
  File "D:\353504_SVIDINSKY_19\IGI\LR5\.venv\Lib\site-packages\django\template\base.py", line 163, in _render
    return self.nodelist.render(context)
           ~~~~~~~~~~~~~~~~~~~~^^^^^^^^^
  File "D:\353504_SVIDINSKY_19\IGI\LR5\.venv\Lib\site-packages\django\template\base.py", line 1016, in render
    return SafeString("".join([node.render_annotated(context) for node in self]))
                               ~~~~~~~~~~~~~~~~~~~~~^^^^^^^^^
  File "D:\353504_SVIDINSKY_19\IGI\LR5\.venv\Lib\site-packages\django\template\base.py", line 977, in render_annotated
    return self.render(context)
           ~~~~~~~~~~~^^^^^^^^^
  File "D:\353504_SVIDINSKY_19\IGI\LR5\.venv\Lib\site-packages\django\template\defaulttags.py", line 480, in render
    url = reverse(view_name, args=args, kwargs=kwargs, current_app=current_app)
  File "D:\353504_SVIDINSKY_19\IGI\LR5\.venv\Lib\site-packages\django\urls\base.py", line 98, in reverse
    resolved_url = resolver._reverse_with_prefix(view, prefix, *args, **kwargs)
  File "D:\353504_SVIDINSKY_19\IGI\LR5\.venv\Lib\site-packages\django\urls\resolvers.py", line 831, in _reverse_with_prefix
    raise NoReverseMatch(msg)
django.urls.exceptions.NoReverseMatch: Reverse for 'reviews' not found. 'reviews' is not a valid view function or pattern name.
[ERROR] 2025-05-26 21:12:25 "GET / HTTP/1.1" 500 142612
[INFO] 2025-05-26 21:12:30 "GET /admin/ HTTP/1.1" 200 21147
[INFO] 2025-05-26 21:12:30 "GET /static/admin/img/icon-no.svg HTTP/1.1" 304 0
[INFO] 2025-05-26 21:12:32 "GET /admin/ HTTP/1.1" 200 20978
[ERROR] 2025-05-26 21:12:35 Internal Server Error: /
Traceback (most recent call last):
  File "D:\353504_SVIDINSKY_19\IGI\LR5\.venv\Lib\site-packages\django\core\handlers\exception.py", line 55, in inner
    response = get_response(request)
  File "D:\353504_SVIDINSKY_19\IGI\LR5\.venv\Lib\site-packages\django\core\handlers\base.py", line 220, in _get_response
    response = response.render()
  File "D:\353504_SVIDINSKY_19\IGI\LR5\.venv\Lib\site-packages\django\template\response.py", line 114, in render
    self.content = self.rendered_content
                   ^^^^^^^^^^^^^^^^^^^^^
  File "D:\353504_SVIDINSKY_19\IGI\LR5\.venv\Lib\site-packages\django\template\response.py", line 92, in rendered_content
    return template.render(context, self._request)
           ~~~~~~~~~~~~~~~^^^^^^^^^^^^^^^^^^^^^^^^
  File "D:\353504_SVIDINSKY_19\IGI\LR5\.venv\Lib\site-packages\django\template\backends\django.py", line 107, in render
    return self.template.render(context)
           ~~~~~~~~~~~~~~~~~~~~^^^^^^^^^
  File "D:\353504_SVIDINSKY_19\IGI\LR5\.venv\Lib\site-packages\django\template\base.py", line 171, in render
    return self._render(context)
           ~~~~~~~~~~~~^^^^^^^^^
  File "D:\353504_SVIDINSKY_19\IGI\LR5\.venv\Lib\site-packages\django\template\base.py", line 163, in _render
    return self.nodelist.render(context)
           ~~~~~~~~~~~~~~~~~~~~^^^^^^^^^
  File "D:\353504_SVIDINSKY_19\IGI\LR5\.venv\Lib\site-packages\django\template\base.py", line 1016, in render
    return SafeString("".join([node.render_annotated(context) for node in self]))
                               ~~~~~~~~~~~~~~~~~~~~~^^^^^^^^^
  File "D:\353504_SVIDINSKY_19\IGI\LR5\.venv\Lib\site-packages\django\template\base.py", line 977, in render_annotated
    return self.render(context)
           ~~~~~~~~~~~^^^^^^^^^
  File "D:\353504_SVIDINSKY_19\IGI\LR5\.venv\Lib\site-packages\django\template\loader_tags.py", line 159, in render
    return compiled_parent._render(context)
           ~~~~~~~~~~~~~~~~~~~~~~~^^^^^^^^^
  File "D:\353504_SVIDINSKY_19\IGI\LR5\.venv\Lib\site-packages\django\template\base.py", line 163, in _render
    return self.nodelist.render(context)
           ~~~~~~~~~~~~~~~~~~~~^^^^^^^^^
  File "D:\353504_SVIDINSKY_19\IGI\LR5\.venv\Lib\site-packages\django\template\base.py", line 1016, in render
    return SafeString("".join([node.render_annotated(context) for node in self]))
                               ~~~~~~~~~~~~~~~~~~~~~^^^^^^^^^
  File "D:\353504_SVIDINSKY_19\IGI\LR5\.venv\Lib\site-packages\django\template\base.py", line 977, in render_annotated
    return self.render(context)
           ~~~~~~~~~~~^^^^^^^^^
  File "D:\353504_SVIDINSKY_19\IGI\LR5\.venv\Lib\site-packages\django\template\defaulttags.py", line 480, in render
    url = reverse(view_name, args=args, kwargs=kwargs, current_app=current_app)
  File "D:\353504_SVIDINSKY_19\IGI\LR5\.venv\Lib\site-packages\django\urls\base.py", line 98, in reverse
    resolved_url = resolver._reverse_with_prefix(view, prefix, *args, **kwargs)
  File "D:\353504_SVIDINSKY_19\IGI\LR5\.venv\Lib\site-packages\django\urls\resolvers.py", line 831, in _reverse_with_prefix
    raise NoReverseMatch(msg)
django.urls.exceptions.NoReverseMatch: Reverse for 'reviews' not found. 'reviews' is not a valid view function or pattern name.
[ERROR] 2025-05-26 21:12:35 "GET / HTTP/1.1" 500 142563
[ERROR] 2025-05-26 21:12:35 Internal Server Error: /
Traceback (most recent call last):
  File "D:\353504_SVIDINSKY_19\IGI\LR5\.venv\Lib\site-packages\django\core\handlers\exception.py", line 55, in inner
    response = get_response(request)
  File "D:\353504_SVIDINSKY_19\IGI\LR5\.venv\Lib\site-packages\django\core\handlers\base.py", line 220, in _get_response
    response = response.render()
  File "D:\353504_SVIDINSKY_19\IGI\LR5\.venv\Lib\site-packages\django\template\response.py", line 114, in render
    self.content = self.rendered_content
                   ^^^^^^^^^^^^^^^^^^^^^
  File "D:\353504_SVIDINSKY_19\IGI\LR5\.venv\Lib\site-packages\django\template\response.py", line 92, in rendered_content
    return template.render(context, self._request)
           ~~~~~~~~~~~~~~~^^^^^^^^^^^^^^^^^^^^^^^^
  File "D:\353504_SVIDINSKY_19\IGI\LR5\.venv\Lib\site-packages\django\template\backends\django.py", line 107, in render
    return self.template.render(context)
           ~~~~~~~~~~~~~~~~~~~~^^^^^^^^^
  File "D:\353504_SVIDINSKY_19\IGI\LR5\.venv\Lib\site-packages\django\template\base.py", line 171, in render
    return self._render(context)
           ~~~~~~~~~~~~^^^^^^^^^
  File "D:\353504_SVIDINSKY_19\IGI\LR5\.venv\Lib\site-packages\django\template\base.py", line 163, in _render
    return self.nodelist.render(context)
           ~~~~~~~~~~~~~~~~~~~~^^^^^^^^^
  File "D:\353504_SVIDINSKY_19\IGI\LR5\.venv\Lib\site-packages\django\template\base.py", line 1016, in render
    return SafeString("".join([node.render_annotated(context) for node in self]))
                               ~~~~~~~~~~~~~~~~~~~~~^^^^^^^^^
  File "D:\353504_SVIDINSKY_19\IGI\LR5\.venv\Lib\site-packages\django\template\base.py", line 977, in render_annotated
    return self.render(context)
           ~~~~~~~~~~~^^^^^^^^^
  File "D:\353504_SVIDINSKY_19\IGI\LR5\.venv\Lib\site-packages\django\template\loader_tags.py", line 159, in render
    return compiled_parent._render(context)
           ~~~~~~~~~~~~~~~~~~~~~~~^^^^^^^^^
  File "D:\353504_SVIDINSKY_19\IGI\LR5\.venv\Lib\site-packages\django\template\base.py", line 163, in _render
    return self.nodelist.render(context)
           ~~~~~~~~~~~~~~~~~~~~^^^^^^^^^
  File "D:\353504_SVIDINSKY_19\IGI\LR5\.venv\Lib\site-packages\django\template\base.py", line 1016, in render
    return SafeString("".join([node.render_annotated(context) for node in self]))
                               ~~~~~~~~~~~~~~~~~~~~~^^^^^^^^^
  File "D:\353504_SVIDINSKY_19\IGI\LR5\.venv\Lib\site-packages\django\template\base.py", line 977, in render_annotated
    return self.render(context)
           ~~~~~~~~~~~^^^^^^^^^
  File "D:\353504_SVIDINSKY_19\IGI\LR5\.venv\Lib\site-packages\django\template\defaulttags.py", line 480, in render
    url = reverse(view_name, args=args, kwargs=kwargs, current_app=current_app)
  File "D:\353504_SVIDINSKY_19\IGI\LR5\.venv\Lib\site-packages\django\urls\base.py", line 98, in reverse
    resolved_url = resolver._reverse_with_prefix(view, prefix, *args, **kwargs)
  File "D:\353504_SVIDINSKY_19\IGI\LR5\.venv\Lib\site-packages\django\urls\resolvers.py", line 831, in _reverse_with_prefix
    raise NoReverseMatch(msg)
django.urls.exceptions.NoReverseMatch: Reverse for 'reviews' not found. 'reviews' is not a valid view function or pattern name.
[ERROR] 2025-05-26 21:12:35 "GET / HTTP/1.1" 500 142289
[INFO] 2025-05-26 21:14:47 D:\353504_SVIDINSKY_19\IGI\LR5\pizza\urls.py changed, reloading.
[INFO] 2025-05-26 21:14:48 Watching for file changes with StatReloader
[INFO] 2025-05-26 21:15:03 D:\353504_SVIDINSKY_19\IGI\LR5\pizza\urls.py changed, reloading.
[INFO] 2025-05-26 21:15:03 Watching for file changes with StatReloader
[INFO] 2025-05-26 21:15:17 Watching for file changes with StatReloader
[INFO] 2025-05-26 21:17:28 D:\353504_SVIDINSKY_19\IGI\LR5\pizza\urls.py changed, reloading.
[INFO] 2025-05-26 21:17:29 Watching for file changes with StatReloader
[INFO] 2025-05-26 21:17:32 D:\353504_SVIDINSKY_19\IGI\LR5\pizzeria\settings.py changed, reloading.
[INFO] 2025-05-26 21:17:33 Watching for file changes with StatReloader
[INFO] 2025-05-26 21:17:35 D:\353504_SVIDINSKY_19\IGI\LR5\pizza\views.py changed, reloading.
[INFO] 2025-05-26 21:17:36 Watching for file changes with StatReloader
[INFO] 2025-05-26 21:17:47 D:\353504_SVIDINSKY_19\IGI\LR5\pizzeria\settings.py changed, reloading.
[INFO] 2025-05-26 21:17:48 Watching for file changes with StatReloader
[INFO] 2025-05-26 21:17:51 "GET / HTTP/1.1" 200 5596
[WARNING] 2025-05-26 21:17:51 "GET /static/js/form-validation.js HTTP/1.1" 404 1877
[WARNING] 2025-05-26 21:17:51 "GET /static/js/main.js HTTP/1.1" 404 1844
[WARNING] 2025-05-26 21:17:51 "GET /static/css/style.css HTTP/1.1" 404 1853
[INFO] 2025-05-26 21:17:57 "GET / HTTP/1.1" 200 5596
[WARNING] 2025-05-26 21:17:57 "GET /static/js/main.js HTTP/1.1" 404 1844
[WARNING] 2025-05-26 21:17:57 "GET /static/css/style.css HTTP/1.1" 404 1853
[WARNING] 2025-05-26 21:17:57 "GET /static/js/form-validation.js HTTP/1.1" 404 1877
[INFO] 2025-05-26 21:17:58 "GET /about/ HTTP/1.1" 200 3069
[WARNING] 2025-05-26 21:17:58 "GET /static/css/style.css HTTP/1.1" 404 1853
[WARNING] 2025-05-26 21:17:58 "GET /static/js/main.js HTTP/1.1" 404 1844
[WARNING] 2025-05-26 21:17:58 "GET /static/js/form-validation.js HTTP/1.1" 404 1877
[DEBUG] 2025-05-26 21:18:09 Menu filter params: category=None, sauce=None, is_vegan=None, price=None-None
[INFO] 2025-05-26 21:18:09 "GET /menu/ HTTP/1.1" 200 10377
[WARNING] 2025-05-26 21:18:09 "GET /static/css/style.css HTTP/1.1" 404 1853
[WARNING] 2025-05-26 21:18:09 "GET /static/js/form-validation.js HTTP/1.1" 404 1877
[WARNING] 2025-05-26 21:18:09 "GET /static/js/main.js HTTP/1.1" 404 1844
[DEBUG] 2025-05-26 21:18:13 Menu filter params: category=, sauce=Томатный, is_vegan=None, price=-
[INFO] 2025-05-26 21:18:13 "GET /menu/?category=&sauce=%D0%A2%D0%BE%D0%BC%D0%B0%D1%82%D0%BD%D1%8B%D0%B9&min_price=&max_price= HTTP/1.1" 200 8566
[WARNING] 2025-05-26 21:18:13 "GET /static/css/style.css HTTP/1.1" 404 1853
[WARNING] 2025-05-26 21:18:13 "GET /static/js/main.js HTTP/1.1" 404 1844
[WARNING] 2025-05-26 21:18:13 "GET /static/js/form-validation.js HTTP/1.1" 404 1877
[INFO] 2025-05-26 21:18:17 "GET /pizza/1/ HTTP/1.1" 200 3809
[WARNING] 2025-05-26 21:18:17 "GET /static/css/style.css HTTP/1.1" 404 1853
[WARNING] 2025-05-26 21:18:17 "GET /static/js/main.js HTTP/1.1" 404 1844
[WARNING] 2025-05-26 21:18:17 "GET /static/js/form-validation.js HTTP/1.1" 404 1877
[INFO] 2025-05-26 21:18:20 "GET /news/ HTTP/1.1" 200 3008
[WARNING] 2025-05-26 21:18:20 "GET /static/css/style.css HTTP/1.1" 404 1853
[WARNING] 2025-05-26 21:18:20 "GET /static/js/main.js HTTP/1.1" 404 1844
[WARNING] 2025-05-26 21:18:20 "GET /static/js/form-validation.js HTTP/1.1" 404 1877
[INFO] 2025-05-26 21:18:27 "GET /faq/ HTTP/1.1" 200 2306
[WARNING] 2025-05-26 21:18:27 "GET /static/css/style.css HTTP/1.1" 404 1853
[WARNING] 2025-05-26 21:18:27 "GET /static/js/main.js HTTP/1.1" 404 1844
[WARNING] 2025-05-26 21:18:27 "GET /static/js/form-validation.js HTTP/1.1" 404 1877
[INFO] 2025-05-26 21:18:29 "GET /contacts/ HTTP/1.1" 200 2298
[WARNING] 2025-05-26 21:18:29 "GET /static/css/style.css HTTP/1.1" 404 1853
[WARNING] 2025-05-26 21:18:29 "GET /static/js/form-validation.js HTTP/1.1" 404 1877
[WARNING] 2025-05-26 21:18:29 "GET /static/js/main.js HTTP/1.1" 404 1844
[INFO] 2025-05-26 21:18:34 "GET /jobs/ HTTP/1.1" 200 2628
[WARNING] 2025-05-26 21:18:34 "GET /static/css/style.css HTTP/1.1" 404 1853
[WARNING] 2025-05-26 21:18:34 "GET /static/js/form-validation.js HTTP/1.1" 404 1877
[WARNING] 2025-05-26 21:18:34 "GET /static/js/main.js HTTP/1.1" 404 1844
[INFO] 2025-05-26 21:18:41 "GET /reviews/ HTTP/1.1" 200 5542
[WARNING] 2025-05-26 21:18:41 "GET /static/css/style.css HTTP/1.1" 404 1853
[WARNING] 2025-05-26 21:18:41 "GET /static/js/form-validation.js HTTP/1.1" 404 1877
[WARNING] 2025-05-26 21:18:41 "GET /static/js/main.js HTTP/1.1" 404 1844
[INFO] 2025-05-26 21:18:48 "GET /promotions/ HTTP/1.1" 200 5504
[WARNING] 2025-05-26 21:18:48 "GET /static/css/style.css HTTP/1.1" 404 1853
[WARNING] 2025-05-26 21:18:48 "GET /static/js/main.js HTTP/1.1" 404 1844
[WARNING] 2025-05-26 21:18:48 "GET /static/js/form-validation.js HTTP/1.1" 404 1877
[INFO] 2025-05-26 21:18:54 "POST /promo/apply/ HTTP/1.1" 302 0
[INFO] 2025-05-26 21:18:54 "GET /promotions/ HTTP/1.1" 200 6329
[WARNING] 2025-05-26 21:18:55 "GET /static/css/style.css HTTP/1.1" 404 1853
[WARNING] 2025-05-26 21:18:55 "GET /static/js/main.js HTTP/1.1" 404 1844
[WARNING] 2025-05-26 21:18:55 "GET /static/js/form-validation.js HTTP/1.1" 404 1877
[ERROR] 2025-05-26 21:18:59 Internal Server Error: /orders/
Traceback (most recent call last):
  File "D:\353504_SVIDINSKY_19\IGI\LR5\.venv\Lib\site-packages\django\core\handlers\exception.py", line 55, in inner
    response = get_response(request)
  File "D:\353504_SVIDINSKY_19\IGI\LR5\.venv\Lib\site-packages\django\core\handlers\base.py", line 220, in _get_response
    response = response.render()
  File "D:\353504_SVIDINSKY_19\IGI\LR5\.venv\Lib\site-packages\django\template\response.py", line 114, in render
    self.content = self.rendered_content
                   ^^^^^^^^^^^^^^^^^^^^^
  File "D:\353504_SVIDINSKY_19\IGI\LR5\.venv\Lib\site-packages\django\template\response.py", line 92, in rendered_content
    return template.render(context, self._request)
           ~~~~~~~~~~~~~~~^^^^^^^^^^^^^^^^^^^^^^^^
  File "D:\353504_SVIDINSKY_19\IGI\LR5\.venv\Lib\site-packages\django\template\backends\django.py", line 107, in render
    return self.template.render(context)
           ~~~~~~~~~~~~~~~~~~~~^^^^^^^^^
  File "D:\353504_SVIDINSKY_19\IGI\LR5\.venv\Lib\site-packages\django\template\base.py", line 171, in render
    return self._render(context)
           ~~~~~~~~~~~~^^^^^^^^^
  File "D:\353504_SVIDINSKY_19\IGI\LR5\.venv\Lib\site-packages\django\template\base.py", line 163, in _render
    return self.nodelist.render(context)
           ~~~~~~~~~~~~~~~~~~~~^^^^^^^^^
  File "D:\353504_SVIDINSKY_19\IGI\LR5\.venv\Lib\site-packages\django\template\base.py", line 1016, in render
    return SafeString("".join([node.render_annotated(context) for node in self]))
                               ~~~~~~~~~~~~~~~~~~~~~^^^^^^^^^
  File "D:\353504_SVIDINSKY_19\IGI\LR5\.venv\Lib\site-packages\django\template\base.py", line 977, in render_annotated
    return self.render(context)
           ~~~~~~~~~~~^^^^^^^^^
  File "D:\353504_SVIDINSKY_19\IGI\LR5\.venv\Lib\site-packages\django\template\loader_tags.py", line 159, in render
    return compiled_parent._render(context)
           ~~~~~~~~~~~~~~~~~~~~~~~^^^^^^^^^
  File "D:\353504_SVIDINSKY_19\IGI\LR5\.venv\Lib\site-packages\django\template\base.py", line 163, in _render
    return self.nodelist.render(context)
           ~~~~~~~~~~~~~~~~~~~~^^^^^^^^^
  File "D:\353504_SVIDINSKY_19\IGI\LR5\.venv\Lib\site-packages\django\template\base.py", line 1016, in render
    return SafeString("".join([node.render_annotated(context) for node in self]))
                               ~~~~~~~~~~~~~~~~~~~~~^^^^^^^^^
  File "D:\353504_SVIDINSKY_19\IGI\LR5\.venv\Lib\site-packages\django\template\base.py", line 977, in render_annotated
    return self.render(context)
           ~~~~~~~~~~~^^^^^^^^^
  File "D:\353504_SVIDINSKY_19\IGI\LR5\.venv\Lib\site-packages\django\template\loader_tags.py", line 65, in render
    result = block.nodelist.render(context)
  File "D:\353504_SVIDINSKY_19\IGI\LR5\.venv\Lib\site-packages\django\template\base.py", line 1016, in render
    return SafeString("".join([node.render_annotated(context) for node in self]))
                               ~~~~~~~~~~~~~~~~~~~~~^^^^^^^^^
  File "D:\353504_SVIDINSKY_19\IGI\LR5\.venv\Lib\site-packages\django\template\base.py", line 977, in render_annotated
    return self.render(context)
           ~~~~~~~~~~~^^^^^^^^^
  File "D:\353504_SVIDINSKY_19\IGI\LR5\.venv\Lib\site-packages\django\template\defaulttags.py", line 243, in render
    nodelist.append(node.render_annotated(context))
                    ~~~~~~~~~~~~~~~~~~~~~^^^^^^^^^
  File "D:\353504_SVIDINSKY_19\IGI\LR5\.venv\Lib\site-packages\django\template\base.py", line 977, in render_annotated
    return self.render(context)
           ~~~~~~~~~~~^^^^^^^^^
  File "D:\353504_SVIDINSKY_19\IGI\LR5\.venv\Lib\site-packages\django\template\defaulttags.py", line 480, in render
    url = reverse(view_name, args=args, kwargs=kwargs, current_app=current_app)
  File "D:\353504_SVIDINSKY_19\IGI\LR5\.venv\Lib\site-packages\django\urls\base.py", line 98, in reverse
    resolved_url = resolver._reverse_with_prefix(view, prefix, *args, **kwargs)
  File "D:\353504_SVIDINSKY_19\IGI\LR5\.venv\Lib\site-packages\django\urls\resolvers.py", line 831, in _reverse_with_prefix
    raise NoReverseMatch(msg)
django.urls.exceptions.NoReverseMatch: Reverse for 'update_order_status' not found. 'update_order_status' is not a valid view function or pattern name.
[ERROR] 2025-05-26 21:18:59 "GET /orders/ HTTP/1.1" 500 180470
[ERROR] 2025-05-26 21:19:02 Internal Server Error: /orders/
Traceback (most recent call last):
  File "D:\353504_SVIDINSKY_19\IGI\LR5\.venv\Lib\site-packages\django\core\handlers\exception.py", line 55, in inner
    response = get_response(request)
  File "D:\353504_SVIDINSKY_19\IGI\LR5\.venv\Lib\site-packages\django\core\handlers\base.py", line 220, in _get_response
    response = response.render()
  File "D:\353504_SVIDINSKY_19\IGI\LR5\.venv\Lib\site-packages\django\template\response.py", line 114, in render
    self.content = self.rendered_content
                   ^^^^^^^^^^^^^^^^^^^^^
  File "D:\353504_SVIDINSKY_19\IGI\LR5\.venv\Lib\site-packages\django\template\response.py", line 92, in rendered_content
    return template.render(context, self._request)
           ~~~~~~~~~~~~~~~^^^^^^^^^^^^^^^^^^^^^^^^
  File "D:\353504_SVIDINSKY_19\IGI\LR5\.venv\Lib\site-packages\django\template\backends\django.py", line 107, in render
    return self.template.render(context)
           ~~~~~~~~~~~~~~~~~~~~^^^^^^^^^
  File "D:\353504_SVIDINSKY_19\IGI\LR5\.venv\Lib\site-packages\django\template\base.py", line 171, in render
    return self._render(context)
           ~~~~~~~~~~~~^^^^^^^^^
  File "D:\353504_SVIDINSKY_19\IGI\LR5\.venv\Lib\site-packages\django\template\base.py", line 163, in _render
    return self.nodelist.render(context)
           ~~~~~~~~~~~~~~~~~~~~^^^^^^^^^
  File "D:\353504_SVIDINSKY_19\IGI\LR5\.venv\Lib\site-packages\django\template\base.py", line 1016, in render
    return SafeString("".join([node.render_annotated(context) for node in self]))
                               ~~~~~~~~~~~~~~~~~~~~~^^^^^^^^^
  File "D:\353504_SVIDINSKY_19\IGI\LR5\.venv\Lib\site-packages\django\template\base.py", line 977, in render_annotated
    return self.render(context)
           ~~~~~~~~~~~^^^^^^^^^
  File "D:\353504_SVIDINSKY_19\IGI\LR5\.venv\Lib\site-packages\django\template\loader_tags.py", line 159, in render
    return compiled_parent._render(context)
           ~~~~~~~~~~~~~~~~~~~~~~~^^^^^^^^^
  File "D:\353504_SVIDINSKY_19\IGI\LR5\.venv\Lib\site-packages\django\template\base.py", line 163, in _render
    return self.nodelist.render(context)
           ~~~~~~~~~~~~~~~~~~~~^^^^^^^^^
  File "D:\353504_SVIDINSKY_19\IGI\LR5\.venv\Lib\site-packages\django\template\base.py", line 1016, in render
    return SafeString("".join([node.render_annotated(context) for node in self]))
                               ~~~~~~~~~~~~~~~~~~~~~^^^^^^^^^
  File "D:\353504_SVIDINSKY_19\IGI\LR5\.venv\Lib\site-packages\django\template\base.py", line 977, in render_annotated
    return self.render(context)
           ~~~~~~~~~~~^^^^^^^^^
  File "D:\353504_SVIDINSKY_19\IGI\LR5\.venv\Lib\site-packages\django\template\loader_tags.py", line 65, in render
    result = block.nodelist.render(context)
  File "D:\353504_SVIDINSKY_19\IGI\LR5\.venv\Lib\site-packages\django\template\base.py", line 1016, in render
    return SafeString("".join([node.render_annotated(context) for node in self]))
                               ~~~~~~~~~~~~~~~~~~~~~^^^^^^^^^
  File "D:\353504_SVIDINSKY_19\IGI\LR5\.venv\Lib\site-packages\django\template\base.py", line 977, in render_annotated
    return self.render(context)
           ~~~~~~~~~~~^^^^^^^^^
  File "D:\353504_SVIDINSKY_19\IGI\LR5\.venv\Lib\site-packages\django\template\defaulttags.py", line 243, in render
    nodelist.append(node.render_annotated(context))
                    ~~~~~~~~~~~~~~~~~~~~~^^^^^^^^^
  File "D:\353504_SVIDINSKY_19\IGI\LR5\.venv\Lib\site-packages\django\template\base.py", line 977, in render_annotated
    return self.render(context)
           ~~~~~~~~~~~^^^^^^^^^
  File "D:\353504_SVIDINSKY_19\IGI\LR5\.venv\Lib\site-packages\django\template\defaulttags.py", line 480, in render
    url = reverse(view_name, args=args, kwargs=kwargs, current_app=current_app)
  File "D:\353504_SVIDINSKY_19\IGI\LR5\.venv\Lib\site-packages\django\urls\base.py", line 98, in reverse
    resolved_url = resolver._reverse_with_prefix(view, prefix, *args, **kwargs)
  File "D:\353504_SVIDINSKY_19\IGI\LR5\.venv\Lib\site-packages\django\urls\resolvers.py", line 831, in _reverse_with_prefix
    raise NoReverseMatch(msg)
django.urls.exceptions.NoReverseMatch: Reverse for 'update_order_status' not found. 'update_order_status' is not a valid view function or pattern name.
[ERROR] 2025-05-26 21:19:02 "GET /orders/ HTTP/1.1" 500 180470
[DEBUG] 2025-05-26 21:19:04 Starting statistics calculation
[INFO] 2025-05-26 21:19:04 Statistics viewed by user alexander
[INFO] 2025-05-26 21:19:04 "GET /statistics/ HTTP/1.1" 200 109948
[WARNING] 2025-05-26 21:19:04 "GET /static/css/style.css HTTP/1.1" 404 1853
[WARNING] 2025-05-26 21:19:04 "GET /static/js/form-validation.js HTTP/1.1" 404 1877
[WARNING] 2025-05-26 21:19:04 "GET /static/js/main.js HTTP/1.1" 404 1844
[INFO] 2025-05-26 21:19:09 "GET /pizza/create/ HTTP/1.1" 200 10598
[WARNING] 2025-05-26 21:19:09 "GET /static/css/style.css HTTP/1.1" 404 1853
[WARNING] 2025-05-26 21:19:09 "GET /static/js/main.js HTTP/1.1" 404 1844
[WARNING] 2025-05-26 21:19:09 "GET /static/js/form-validation.js HTTP/1.1" 404 1877
[DEBUG] 2025-05-26 21:19:22 Starting pizza creation process by user alexander
[INFO] 2025-05-26 21:19:22 Pizza created successfully with ID: 13
[INFO] 2025-05-26 21:19:22 "POST /pizza/create/ HTTP/1.1" 302 0
[DEBUG] 2025-05-26 21:19:22 Menu filter params: category=None, sauce=None, is_vegan=None, price=None-None
[INFO] 2025-05-26 21:19:22 "GET /menu/ HTTP/1.1" 200 11027
[WARNING] 2025-05-26 21:19:22 "GET /static/css/style.css HTTP/1.1" 404 1853
[WARNING] 2025-05-26 21:19:22 "GET /static/js/main.js HTTP/1.1" 404 1844
[WARNING] 2025-05-26 21:19:22 "GET /static/js/form-validation.js HTTP/1.1" 404 1877
[INFO] 2025-05-26 21:19:26 "GET /couriers/ HTTP/1.1" 200 3113
[WARNING] 2025-05-26 21:19:26 "GET /static/css/style.css HTTP/1.1" 404 1853
[WARNING] 2025-05-26 21:19:26 "GET /static/js/main.js HTTP/1.1" 404 1844
[WARNING] 2025-05-26 21:19:26 "GET /static/js/form-validation.js HTTP/1.1" 404 1877
[ERROR] 2025-05-26 21:19:32 Internal Server Error: /orders/
Traceback (most recent call last):
  File "D:\353504_SVIDINSKY_19\IGI\LR5\.venv\Lib\site-packages\django\core\handlers\exception.py", line 55, in inner
    response = get_response(request)
  File "D:\353504_SVIDINSKY_19\IGI\LR5\.venv\Lib\site-packages\django\core\handlers\base.py", line 220, in _get_response
    response = response.render()
  File "D:\353504_SVIDINSKY_19\IGI\LR5\.venv\Lib\site-packages\django\template\response.py", line 114, in render
    self.content = self.rendered_content
                   ^^^^^^^^^^^^^^^^^^^^^
  File "D:\353504_SVIDINSKY_19\IGI\LR5\.venv\Lib\site-packages\django\template\response.py", line 92, in rendered_content
    return template.render(context, self._request)
           ~~~~~~~~~~~~~~~^^^^^^^^^^^^^^^^^^^^^^^^
  File "D:\353504_SVIDINSKY_19\IGI\LR5\.venv\Lib\site-packages\django\template\backends\django.py", line 107, in render
    return self.template.render(context)
           ~~~~~~~~~~~~~~~~~~~~^^^^^^^^^
  File "D:\353504_SVIDINSKY_19\IGI\LR5\.venv\Lib\site-packages\django\template\base.py", line 171, in render
    return self._render(context)
           ~~~~~~~~~~~~^^^^^^^^^
  File "D:\353504_SVIDINSKY_19\IGI\LR5\.venv\Lib\site-packages\django\template\base.py", line 163, in _render
    return self.nodelist.render(context)
           ~~~~~~~~~~~~~~~~~~~~^^^^^^^^^
  File "D:\353504_SVIDINSKY_19\IGI\LR5\.venv\Lib\site-packages\django\template\base.py", line 1016, in render
    return SafeString("".join([node.render_annotated(context) for node in self]))
                               ~~~~~~~~~~~~~~~~~~~~~^^^^^^^^^
  File "D:\353504_SVIDINSKY_19\IGI\LR5\.venv\Lib\site-packages\django\template\base.py", line 977, in render_annotated
    return self.render(context)
           ~~~~~~~~~~~^^^^^^^^^
  File "D:\353504_SVIDINSKY_19\IGI\LR5\.venv\Lib\site-packages\django\template\loader_tags.py", line 159, in render
    return compiled_parent._render(context)
           ~~~~~~~~~~~~~~~~~~~~~~~^^^^^^^^^
  File "D:\353504_SVIDINSKY_19\IGI\LR5\.venv\Lib\site-packages\django\template\base.py", line 163, in _render
    return self.nodelist.render(context)
           ~~~~~~~~~~~~~~~~~~~~^^^^^^^^^
  File "D:\353504_SVIDINSKY_19\IGI\LR5\.venv\Lib\site-packages\django\template\base.py", line 1016, in render
    return SafeString("".join([node.render_annotated(context) for node in self]))
                               ~~~~~~~~~~~~~~~~~~~~~^^^^^^^^^
  File "D:\353504_SVIDINSKY_19\IGI\LR5\.venv\Lib\site-packages\django\template\base.py", line 977, in render_annotated
    return self.render(context)
           ~~~~~~~~~~~^^^^^^^^^
  File "D:\353504_SVIDINSKY_19\IGI\LR5\.venv\Lib\site-packages\django\template\loader_tags.py", line 65, in render
    result = block.nodelist.render(context)
  File "D:\353504_SVIDINSKY_19\IGI\LR5\.venv\Lib\site-packages\django\template\base.py", line 1016, in render
    return SafeString("".join([node.render_annotated(context) for node in self]))
                               ~~~~~~~~~~~~~~~~~~~~~^^^^^^^^^
  File "D:\353504_SVIDINSKY_19\IGI\LR5\.venv\Lib\site-packages\django\template\base.py", line 977, in render_annotated
    return self.render(context)
           ~~~~~~~~~~~^^^^^^^^^
  File "D:\353504_SVIDINSKY_19\IGI\LR5\.venv\Lib\site-packages\django\template\defaulttags.py", line 243, in render
    nodelist.append(node.render_annotated(context))
                    ~~~~~~~~~~~~~~~~~~~~~^^^^^^^^^
  File "D:\353504_SVIDINSKY_19\IGI\LR5\.venv\Lib\site-packages\django\template\base.py", line 977, in render_annotated
    return self.render(context)
           ~~~~~~~~~~~^^^^^^^^^
  File "D:\353504_SVIDINSKY_19\IGI\LR5\.venv\Lib\site-packages\django\template\defaulttags.py", line 480, in render
    url = reverse(view_name, args=args, kwargs=kwargs, current_app=current_app)
  File "D:\353504_SVIDINSKY_19\IGI\LR5\.venv\Lib\site-packages\django\urls\base.py", line 98, in reverse
    resolved_url = resolver._reverse_with_prefix(view, prefix, *args, **kwargs)
  File "D:\353504_SVIDINSKY_19\IGI\LR5\.venv\Lib\site-packages\django\urls\resolvers.py", line 831, in _reverse_with_prefix
    raise NoReverseMatch(msg)
django.urls.exceptions.NoReverseMatch: Reverse for 'update_order_status' not found. 'update_order_status' is not a valid view function or pattern name.
[ERROR] 2025-05-26 21:19:32 "GET /orders/ HTTP/1.1" 500 180468
[INFO] 2025-05-26 21:19:35 "GET /admin/ HTTP/1.1" 200 20978
[INFO] 2025-05-26 21:19:37 "GET /my-orders/ HTTP/1.1" 200 6762
[WARNING] 2025-05-26 21:19:37 "GET /static/css/style.css HTTP/1.1" 404 1853
[WARNING] 2025-05-26 21:19:37 "GET /static/js/main.js HTTP/1.1" 404 1844
[WARNING] 2025-05-26 21:19:37 "GET /static/js/form-validation.js HTTP/1.1" 404 1877
[INFO] 2025-05-26 21:19:42 "GET /order/new/ HTTP/1.1" 200 42358
[WARNING] 2025-05-26 21:19:42 "GET /static/css/style.css HTTP/1.1" 404 1853
[WARNING] 2025-05-26 21:19:42 "GET /static/js/form-validation.js HTTP/1.1" 404 1877
[WARNING] 2025-05-26 21:19:42 "GET /static/js/main.js HTTP/1.1" 404 1844
[DEBUG] 2025-05-26 21:19:56 Starting order creation process for user alexander
[INFO] 2025-05-26 21:19:56 Order created: 10 by user alexander
[INFO] 2025-05-26 21:19:56 Order 10 completed with total price: 1598.40
[INFO] 2025-05-26 21:19:56 "POST /order/new/ HTTP/1.1" 302 0
[INFO] 2025-05-26 21:19:56 "GET /order/complete/ HTTP/1.1" 200 2636
[WARNING] 2025-05-26 21:19:56 "GET /static/css/style.css HTTP/1.1" 404 1853
[WARNING] 2025-05-26 21:19:56 "GET /static/js/main.js HTTP/1.1" 404 1844
[WARNING] 2025-05-26 21:19:56 "GET /static/js/form-validation.js HTTP/1.1" 404 1877
[INFO] 2025-05-26 21:20:02 "GET /reviews/new/ HTTP/1.1" 200 4411
[WARNING] 2025-05-26 21:20:02 "GET /static/css/style.css HTTP/1.1" 404 1853
[WARNING] 2025-05-26 21:20:02 "GET /static/js/main.js HTTP/1.1" 404 1844
[WARNING] 2025-05-26 21:20:02 "GET /static/js/form-validation.js HTTP/1.1" 404 1877
[INFO] 2025-05-26 21:20:18 "POST /reviews/new/ HTTP/1.1" 302 0
[INFO] 2025-05-26 21:20:18 "GET /reviews/ HTTP/1.1" 200 6648
[WARNING] 2025-05-26 21:20:19 "GET /static/js/main.js HTTP/1.1" 404 1844
[WARNING] 2025-05-26 21:20:19 "GET /static/css/style.css HTTP/1.1" 404 1853
[WARNING] 2025-05-26 21:20:19 "GET /static/js/form-validation.js HTTP/1.1" 404 1877
[INFO] 2025-05-26 21:20:25 "GET /about/ HTTP/1.1" 200 3069
[WARNING] 2025-05-26 21:20:25 "GET /static/css/style.css HTTP/1.1" 404 1853
[WARNING] 2025-05-26 21:20:25 "GET /static/js/form-validation.js HTTP/1.1" 404 1877
[WARNING] 2025-05-26 21:20:25 "GET /static/js/main.js HTTP/1.1" 404 1844
[DEBUG] 2025-05-26 21:20:26 Menu filter params: category=None, sauce=None, is_vegan=None, price=None-None
[INFO] 2025-05-26 21:20:26 "GET /menu/ HTTP/1.1" 200 10827
[WARNING] 2025-05-26 21:20:26 "GET /static/css/style.css HTTP/1.1" 404 1853
[WARNING] 2025-05-26 21:20:26 "GET /static/js/main.js HTTP/1.1" 404 1844
[WARNING] 2025-05-26 21:20:26 "GET /static/js/form-validation.js HTTP/1.1" 404 1877
[INFO] 2025-05-26 21:20:27 "GET /about/ HTTP/1.1" 200 3069
[WARNING] 2025-05-26 21:20:27 "GET /static/css/style.css HTTP/1.1" 404 1853
[WARNING] 2025-05-26 21:20:27 "GET /static/js/main.js HTTP/1.1" 404 1844
[WARNING] 2025-05-26 21:20:27 "GET /static/js/form-validation.js HTTP/1.1" 404 1877
[INFO] 2025-05-26 21:20:28 "GET /news/ HTTP/1.1" 200 3008
[WARNING] 2025-05-26 21:20:28 "GET /static/css/style.css HTTP/1.1" 404 1853
[WARNING] 2025-05-26 21:20:28 "GET /static/js/main.js HTTP/1.1" 404 1844
[WARNING] 2025-05-26 21:20:28 "GET /static/js/form-validation.js HTTP/1.1" 404 1877
[INFO] 2025-05-26 21:20:28 "GET /faq/ HTTP/1.1" 200 2306
[WARNING] 2025-05-26 21:20:28 "GET /static/css/style.css HTTP/1.1" 404 1853
[WARNING] 2025-05-26 21:20:28 "GET /static/js/form-validation.js HTTP/1.1" 404 1877
[WARNING] 2025-05-26 21:20:28 "GET /static/js/main.js HTTP/1.1" 404 1844
[INFO] 2025-05-26 21:20:29 "GET /contacts/ HTTP/1.1" 200 2298
[WARNING] 2025-05-26 21:20:29 "GET /static/css/style.css HTTP/1.1" 404 1853
[WARNING] 2025-05-26 21:20:29 "GET /static/js/main.js HTTP/1.1" 404 1844
[WARNING] 2025-05-26 21:20:29 "GET /static/js/form-validation.js HTTP/1.1" 404 1877
[INFO] 2025-05-26 21:20:30 "GET /jobs/ HTTP/1.1" 200 2628
[WARNING] 2025-05-26 21:20:30 "GET /static/css/style.css HTTP/1.1" 404 1853
[WARNING] 2025-05-26 21:20:30 "GET /static/js/main.js HTTP/1.1" 404 1844
[WARNING] 2025-05-26 21:20:30 "GET /static/js/form-validation.js HTTP/1.1" 404 1877
[INFO] 2025-05-26 21:20:32 "GET /admin/ HTTP/1.1" 200 20978
[INFO] 2025-05-26 21:20:36 "GET /admin/pizza/vacancy/ HTTP/1.1" 200 16598
[INFO] 2025-05-26 21:20:36 "GET /admin/jsi18n/ HTTP/1.1" 200 3342
[INFO] 2025-05-26 21:20:38 "GET /admin/pizza/vacancy/add/ HTTP/1.1" 200 18851
[INFO] 2025-05-26 21:20:38 "GET /admin/jsi18n/ HTTP/1.1" 200 3342
[INFO] 2025-05-26 21:21:19 "POST /admin/pizza/vacancy/add/ HTTP/1.1" 302 0
[INFO] 2025-05-26 21:21:19 "GET /admin/pizza/vacancy/ HTTP/1.1" 200 18525
[INFO] 2025-05-26 21:21:19 "GET /static/admin/img/icon-yes.svg HTTP/1.1" 304 0
[INFO] 2025-05-26 21:21:19 "GET /admin/jsi18n/ HTTP/1.1" 200 3342
[INFO] 2025-05-26 21:21:21 "GET /admin/pizza/vacancy/add/ HTTP/1.1" 200 18851
[INFO] 2025-05-26 21:21:21 "GET /admin/pizza/vacancy/ HTTP/1.1" 200 18309
[INFO] 2025-05-26 21:21:22 "GET /admin/ HTTP/1.1" 200 20999
[INFO] 2025-05-26 21:21:26 "GET /jobs/ HTTP/1.1" 200 2868
[WARNING] 2025-05-26 21:21:26 "GET /static/css/style.css HTTP/1.1" 404 1853
[WARNING] 2025-05-26 21:21:26 "GET /static/js/main.js HTTP/1.1" 404 1844
[WARNING] 2025-05-26 21:21:26 "GET /static/js/form-validation.js HTTP/1.1" 404 1877
[ERROR] 2025-05-26 21:21:46 Internal Server Error: /orders/
Traceback (most recent call last):
  File "D:\353504_SVIDINSKY_19\IGI\LR5\.venv\Lib\site-packages\django\core\handlers\exception.py", line 55, in inner
    response = get_response(request)
  File "D:\353504_SVIDINSKY_19\IGI\LR5\.venv\Lib\site-packages\django\core\handlers\base.py", line 220, in _get_response
    response = response.render()
  File "D:\353504_SVIDINSKY_19\IGI\LR5\.venv\Lib\site-packages\django\template\response.py", line 114, in render
    self.content = self.rendered_content
                   ^^^^^^^^^^^^^^^^^^^^^
  File "D:\353504_SVIDINSKY_19\IGI\LR5\.venv\Lib\site-packages\django\template\response.py", line 92, in rendered_content
    return template.render(context, self._request)
           ~~~~~~~~~~~~~~~^^^^^^^^^^^^^^^^^^^^^^^^
  File "D:\353504_SVIDINSKY_19\IGI\LR5\.venv\Lib\site-packages\django\template\backends\django.py", line 107, in render
    return self.template.render(context)
           ~~~~~~~~~~~~~~~~~~~~^^^^^^^^^
  File "D:\353504_SVIDINSKY_19\IGI\LR5\.venv\Lib\site-packages\django\template\base.py", line 171, in render
    return self._render(context)
           ~~~~~~~~~~~~^^^^^^^^^
  File "D:\353504_SVIDINSKY_19\IGI\LR5\.venv\Lib\site-packages\django\template\base.py", line 163, in _render
    return self.nodelist.render(context)
           ~~~~~~~~~~~~~~~~~~~~^^^^^^^^^
  File "D:\353504_SVIDINSKY_19\IGI\LR5\.venv\Lib\site-packages\django\template\base.py", line 1016, in render
    return SafeString("".join([node.render_annotated(context) for node in self]))
                               ~~~~~~~~~~~~~~~~~~~~~^^^^^^^^^
  File "D:\353504_SVIDINSKY_19\IGI\LR5\.venv\Lib\site-packages\django\template\base.py", line 977, in render_annotated
    return self.render(context)
           ~~~~~~~~~~~^^^^^^^^^
  File "D:\353504_SVIDINSKY_19\IGI\LR5\.venv\Lib\site-packages\django\template\loader_tags.py", line 159, in render
    return compiled_parent._render(context)
           ~~~~~~~~~~~~~~~~~~~~~~~^^^^^^^^^
  File "D:\353504_SVIDINSKY_19\IGI\LR5\.venv\Lib\site-packages\django\template\base.py", line 163, in _render
    return self.nodelist.render(context)
           ~~~~~~~~~~~~~~~~~~~~^^^^^^^^^
  File "D:\353504_SVIDINSKY_19\IGI\LR5\.venv\Lib\site-packages\django\template\base.py", line 1016, in render
    return SafeString("".join([node.render_annotated(context) for node in self]))
                               ~~~~~~~~~~~~~~~~~~~~~^^^^^^^^^
  File "D:\353504_SVIDINSKY_19\IGI\LR5\.venv\Lib\site-packages\django\template\base.py", line 977, in render_annotated
    return self.render(context)
           ~~~~~~~~~~~^^^^^^^^^
  File "D:\353504_SVIDINSKY_19\IGI\LR5\.venv\Lib\site-packages\django\template\loader_tags.py", line 65, in render
    result = block.nodelist.render(context)
  File "D:\353504_SVIDINSKY_19\IGI\LR5\.venv\Lib\site-packages\django\template\base.py", line 1016, in render
    return SafeString("".join([node.render_annotated(context) for node in self]))
                               ~~~~~~~~~~~~~~~~~~~~~^^^^^^^^^
  File "D:\353504_SVIDINSKY_19\IGI\LR5\.venv\Lib\site-packages\django\template\base.py", line 977, in render_annotated
    return self.render(context)
           ~~~~~~~~~~~^^^^^^^^^
  File "D:\353504_SVIDINSKY_19\IGI\LR5\.venv\Lib\site-packages\django\template\defaulttags.py", line 243, in render
    nodelist.append(node.render_annotated(context))
                    ~~~~~~~~~~~~~~~~~~~~~^^^^^^^^^
  File "D:\353504_SVIDINSKY_19\IGI\LR5\.venv\Lib\site-packages\django\template\base.py", line 977, in render_annotated
    return self.render(context)
           ~~~~~~~~~~~^^^^^^^^^
  File "D:\353504_SVIDINSKY_19\IGI\LR5\.venv\Lib\site-packages\django\template\defaulttags.py", line 480, in render
    url = reverse(view_name, args=args, kwargs=kwargs, current_app=current_app)
  File "D:\353504_SVIDINSKY_19\IGI\LR5\.venv\Lib\site-packages\django\urls\base.py", line 98, in reverse
    resolved_url = resolver._reverse_with_prefix(view, prefix, *args, **kwargs)
  File "D:\353504_SVIDINSKY_19\IGI\LR5\.venv\Lib\site-packages\django\urls\resolvers.py", line 831, in _reverse_with_prefix
    raise NoReverseMatch(msg)
django.urls.exceptions.NoReverseMatch: Reverse for 'update_order_status' not found. 'update_order_status' is not a valid view function or pattern name.
[ERROR] 2025-05-26 21:21:46 "GET /orders/ HTTP/1.1" 500 181723
[INFO] 2025-05-26 21:22:10 "GET / HTTP/1.1" 200 5449
[WARNING] 2025-05-26 21:22:10 "GET /static/css/style.css HTTP/1.1" 404 1853
[WARNING] 2025-05-26 21:22:10 "GET /static/js/main.js HTTP/1.1" 404 1844
[WARNING] 2025-05-26 21:22:10 "GET /static/js/form-validation.js HTTP/1.1" 404 1877
[WARNING] 2025-05-26 21:22:13 Not Found: /privacy
[WARNING] 2025-05-26 21:22:13 "GET /privacy HTTP/1.1" 404 9171
[ERROR] 2025-05-26 21:22:24 Internal Server Error: /orders/
Traceback (most recent call last):
  File "D:\353504_SVIDINSKY_19\IGI\LR5\.venv\Lib\site-packages\django\core\handlers\exception.py", line 55, in inner
    response = get_response(request)
  File "D:\353504_SVIDINSKY_19\IGI\LR5\.venv\Lib\site-packages\django\core\handlers\base.py", line 220, in _get_response
    response = response.render()
  File "D:\353504_SVIDINSKY_19\IGI\LR5\.venv\Lib\site-packages\django\template\response.py", line 114, in render
    self.content = self.rendered_content
                   ^^^^^^^^^^^^^^^^^^^^^
  File "D:\353504_SVIDINSKY_19\IGI\LR5\.venv\Lib\site-packages\django\template\response.py", line 92, in rendered_content
    return template.render(context, self._request)
           ~~~~~~~~~~~~~~~^^^^^^^^^^^^^^^^^^^^^^^^
  File "D:\353504_SVIDINSKY_19\IGI\LR5\.venv\Lib\site-packages\django\template\backends\django.py", line 107, in render
    return self.template.render(context)
           ~~~~~~~~~~~~~~~~~~~~^^^^^^^^^
  File "D:\353504_SVIDINSKY_19\IGI\LR5\.venv\Lib\site-packages\django\template\base.py", line 171, in render
    return self._render(context)
           ~~~~~~~~~~~~^^^^^^^^^
  File "D:\353504_SVIDINSKY_19\IGI\LR5\.venv\Lib\site-packages\django\template\base.py", line 163, in _render
    return self.nodelist.render(context)
           ~~~~~~~~~~~~~~~~~~~~^^^^^^^^^
  File "D:\353504_SVIDINSKY_19\IGI\LR5\.venv\Lib\site-packages\django\template\base.py", line 1016, in render
    return SafeString("".join([node.render_annotated(context) for node in self]))
                               ~~~~~~~~~~~~~~~~~~~~~^^^^^^^^^
  File "D:\353504_SVIDINSKY_19\IGI\LR5\.venv\Lib\site-packages\django\template\base.py", line 977, in render_annotated
    return self.render(context)
           ~~~~~~~~~~~^^^^^^^^^
  File "D:\353504_SVIDINSKY_19\IGI\LR5\.venv\Lib\site-packages\django\template\loader_tags.py", line 159, in render
    return compiled_parent._render(context)
           ~~~~~~~~~~~~~~~~~~~~~~~^^^^^^^^^
  File "D:\353504_SVIDINSKY_19\IGI\LR5\.venv\Lib\site-packages\django\template\base.py", line 163, in _render
    return self.nodelist.render(context)
           ~~~~~~~~~~~~~~~~~~~~^^^^^^^^^
  File "D:\353504_SVIDINSKY_19\IGI\LR5\.venv\Lib\site-packages\django\template\base.py", line 1016, in render
    return SafeString("".join([node.render_annotated(context) for node in self]))
                               ~~~~~~~~~~~~~~~~~~~~~^^^^^^^^^
  File "D:\353504_SVIDINSKY_19\IGI\LR5\.venv\Lib\site-packages\django\template\base.py", line 977, in render_annotated
    return self.render(context)
           ~~~~~~~~~~~^^^^^^^^^
  File "D:\353504_SVIDINSKY_19\IGI\LR5\.venv\Lib\site-packages\django\template\loader_tags.py", line 65, in render
    result = block.nodelist.render(context)
  File "D:\353504_SVIDINSKY_19\IGI\LR5\.venv\Lib\site-packages\django\template\base.py", line 1016, in render
    return SafeString("".join([node.render_annotated(context) for node in self]))
                               ~~~~~~~~~~~~~~~~~~~~~^^^^^^^^^
  File "D:\353504_SVIDINSKY_19\IGI\LR5\.venv\Lib\site-packages\django\template\base.py", line 977, in render_annotated
    return self.render(context)
           ~~~~~~~~~~~^^^^^^^^^
  File "D:\353504_SVIDINSKY_19\IGI\LR5\.venv\Lib\site-packages\django\template\defaulttags.py", line 243, in render
    nodelist.append(node.render_annotated(context))
                    ~~~~~~~~~~~~~~~~~~~~~^^^^^^^^^
  File "D:\353504_SVIDINSKY_19\IGI\LR5\.venv\Lib\site-packages\django\template\base.py", line 977, in render_annotated
    return self.render(context)
           ~~~~~~~~~~~^^^^^^^^^
  File "D:\353504_SVIDINSKY_19\IGI\LR5\.venv\Lib\site-packages\django\template\defaulttags.py", line 480, in render
    url = reverse(view_name, args=args, kwargs=kwargs, current_app=current_app)
  File "D:\353504_SVIDINSKY_19\IGI\LR5\.venv\Lib\site-packages\django\urls\base.py", line 98, in reverse
    resolved_url = resolver._reverse_with_prefix(view, prefix, *args, **kwargs)
  File "D:\353504_SVIDINSKY_19\IGI\LR5\.venv\Lib\site-packages\django\urls\resolvers.py", line 831, in _reverse_with_prefix
    raise NoReverseMatch(msg)
django.urls.exceptions.NoReverseMatch: Reverse for 'update_order_status' not found. 'update_order_status' is not a valid view function or pattern name.
[ERROR] 2025-05-26 21:22:24 "GET /orders/ HTTP/1.1" 500 181723
[INFO] 2025-05-26 21:24:36 D:\353504_SVIDINSKY_19\IGI\LR5\pizza\urls.py changed, reloading.
[INFO] 2025-05-26 21:24:38 Watching for file changes with StatReloader
[INFO] 2025-05-26 21:24:46 D:\353504_SVIDINSKY_19\IGI\LR5\pizza\views.py changed, reloading.
[INFO] 2025-05-26 21:24:47 Watching for file changes with StatReloader
[INFO] 2025-05-26 21:24:57 D:\353504_SVIDINSKY_19\IGI\LR5\pizza\urls.py changed, reloading.
[INFO] 2025-05-26 21:24:58 Watching for file changes with StatReloader
[INFO] 2025-05-26 21:24:59 "GET /orders/ HTTP/1.1" 200 20371
[WARNING] 2025-05-26 21:24:59 "GET /static/css/style.css HTTP/1.1" 404 1853
[WARNING] 2025-05-26 21:24:59 "GET /static/js/main.js HTTP/1.1" 404 1844
[WARNING] 2025-05-26 21:24:59 "GET /static/js/form-validation.js HTTP/1.1" 404 1877
[ERROR] 2025-05-26 21:25:06 Internal Server Error: /order/10/update-status/
Traceback (most recent call last):
  File "D:\353504_SVIDINSKY_19\IGI\LR5\.venv\Lib\site-packages\django\core\handlers\exception.py", line 55, in inner
    response = get_response(request)
  File "D:\353504_SVIDINSKY_19\IGI\LR5\.venv\Lib\site-packages\django\core\handlers\base.py", line 197, in _get_response
    response = wrapped_callback(request, *callback_args, **callback_kwargs)
  File "D:\353504_SVIDINSKY_19\IGI\LR5\.venv\Lib\site-packages\django\contrib\auth\decorators.py", line 59, in _view_wrapper
    return view_func(request, *args, **kwargs)
TypeError: update_order_status() got an unexpected keyword argument 'pk'
[ERROR] 2025-05-26 21:25:06 "POST /order/10/update-status/ HTTP/1.1" 500 71959
[INFO] 2025-05-26 21:25:24 "GET / HTTP/1.1" 200 5608
[WARNING] 2025-05-26 21:25:24 "GET /static/css/style.css HTTP/1.1" 404 1853
[WARNING] 2025-05-26 21:25:24 "GET /static/js/form-validation.js HTTP/1.1" 404 1877
[WARNING] 2025-05-26 21:25:24 "GET /static/js/main.js HTTP/1.1" 404 1844
[WARNING] 2025-05-26 21:25:27 Not Found: /privacy
[WARNING] 2025-05-26 21:25:27 "GET /privacy HTTP/1.1" 404 10030
[INFO] 2025-05-26 21:25:49 "GET /orders/ HTTP/1.1" 200 20371
[WARNING] 2025-05-26 21:25:49 "GET /static/css/style.css HTTP/1.1" 404 1853
[WARNING] 2025-05-26 21:25:49 "GET /static/js/main.js HTTP/1.1" 404 1844
[WARNING] 2025-05-26 21:25:49 "GET /static/js/form-validation.js HTTP/1.1" 404 1877
[ERROR] 2025-05-26 21:25:55 Internal Server Error: /order/8/update-status/
Traceback (most recent call last):
  File "D:\353504_SVIDINSKY_19\IGI\LR5\.venv\Lib\site-packages\django\core\handlers\exception.py", line 55, in inner
    response = get_response(request)
  File "D:\353504_SVIDINSKY_19\IGI\LR5\.venv\Lib\site-packages\django\core\handlers\base.py", line 197, in _get_response
    response = wrapped_callback(request, *callback_args, **callback_kwargs)
  File "D:\353504_SVIDINSKY_19\IGI\LR5\.venv\Lib\site-packages\django\contrib\auth\decorators.py", line 59, in _view_wrapper
    return view_func(request, *args, **kwargs)
TypeError: update_order_status() got an unexpected keyword argument 'pk'
[ERROR] 2025-05-26 21:25:55 "POST /order/8/update-status/ HTTP/1.1" 500 71947
[INFO] 2025-05-26 21:28:40 D:\353504_SVIDINSKY_19\IGI\LR5\pizza\urls.py changed, reloading.
[INFO] 2025-05-26 21:28:41 Watching for file changes with StatReloader
[INFO] 2025-05-26 21:28:45 D:\353504_SVIDINSKY_19\IGI\LR5\pizza\views.py changed, reloading.
[INFO] 2025-05-26 21:28:46 Watching for file changes with StatReloader
[INFO] 2025-05-26 21:28:50 D:\353504_SVIDINSKY_19\IGI\LR5\pizza\urls.py changed, reloading.
[INFO] 2025-05-26 21:28:51 Watching for file changes with StatReloader
[INFO] 2025-05-26 21:28:55 Order 8 status updated to preparing by alexander
[INFO] 2025-05-26 21:28:55 "POST /order/8/update-status/ HTTP/1.1" 302 0
[ERROR] 2025-05-26 21:28:55 Internal Server Error: /orders/
Traceback (most recent call last):
  File "D:\353504_SVIDINSKY_19\IGI\LR5\.venv\Lib\site-packages\django\core\handlers\exception.py", line 55, in inner
    response = get_response(request)
  File "D:\353504_SVIDINSKY_19\IGI\LR5\.venv\Lib\site-packages\django\core\handlers\base.py", line 220, in _get_response
    response = response.render()
  File "D:\353504_SVIDINSKY_19\IGI\LR5\.venv\Lib\site-packages\django\template\response.py", line 114, in render
    self.content = self.rendered_content
                   ^^^^^^^^^^^^^^^^^^^^^
  File "D:\353504_SVIDINSKY_19\IGI\LR5\.venv\Lib\site-packages\django\template\response.py", line 92, in rendered_content
    return template.render(context, self._request)
           ~~~~~~~~~~~~~~~^^^^^^^^^^^^^^^^^^^^^^^^
  File "D:\353504_SVIDINSKY_19\IGI\LR5\.venv\Lib\site-packages\django\template\backends\django.py", line 107, in render
    return self.template.render(context)
           ~~~~~~~~~~~~~~~~~~~~^^^^^^^^^
  File "D:\353504_SVIDINSKY_19\IGI\LR5\.venv\Lib\site-packages\django\template\base.py", line 171, in render
    return self._render(context)
           ~~~~~~~~~~~~^^^^^^^^^
  File "D:\353504_SVIDINSKY_19\IGI\LR5\.venv\Lib\site-packages\django\template\base.py", line 163, in _render
    return self.nodelist.render(context)
           ~~~~~~~~~~~~~~~~~~~~^^^^^^^^^
  File "D:\353504_SVIDINSKY_19\IGI\LR5\.venv\Lib\site-packages\django\template\base.py", line 1016, in render
    return SafeString("".join([node.render_annotated(context) for node in self]))
                               ~~~~~~~~~~~~~~~~~~~~~^^^^^^^^^
  File "D:\353504_SVIDINSKY_19\IGI\LR5\.venv\Lib\site-packages\django\template\base.py", line 977, in render_annotated
    return self.render(context)
           ~~~~~~~~~~~^^^^^^^^^
  File "D:\353504_SVIDINSKY_19\IGI\LR5\.venv\Lib\site-packages\django\template\loader_tags.py", line 159, in render
    return compiled_parent._render(context)
           ~~~~~~~~~~~~~~~~~~~~~~~^^^^^^^^^
  File "D:\353504_SVIDINSKY_19\IGI\LR5\.venv\Lib\site-packages\django\template\base.py", line 163, in _render
    return self.nodelist.render(context)
           ~~~~~~~~~~~~~~~~~~~~^^^^^^^^^
  File "D:\353504_SVIDINSKY_19\IGI\LR5\.venv\Lib\site-packages\django\template\base.py", line 1016, in render
    return SafeString("".join([node.render_annotated(context) for node in self]))
                               ~~~~~~~~~~~~~~~~~~~~~^^^^^^^^^
  File "D:\353504_SVIDINSKY_19\IGI\LR5\.venv\Lib\site-packages\django\template\base.py", line 977, in render_annotated
    return self.render(context)
           ~~~~~~~~~~~^^^^^^^^^
  File "D:\353504_SVIDINSKY_19\IGI\LR5\.venv\Lib\site-packages\django\template\defaulttags.py", line 480, in render
    url = reverse(view_name, args=args, kwargs=kwargs, current_app=current_app)
  File "D:\353504_SVIDINSKY_19\IGI\LR5\.venv\Lib\site-packages\django\urls\base.py", line 98, in reverse
    resolved_url = resolver._reverse_with_prefix(view, prefix, *args, **kwargs)
  File "D:\353504_SVIDINSKY_19\IGI\LR5\.venv\Lib\site-packages\django\urls\resolvers.py", line 831, in _reverse_with_prefix
    raise NoReverseMatch(msg)
django.urls.exceptions.NoReverseMatch: Reverse for 'privacy' not found. 'privacy' is not a valid view function or pattern name.
[ERROR] 2025-05-26 21:28:55 "GET /orders/ HTTP/1.1" 500 150130
[ERROR] 2025-05-26 21:28:56 Internal Server Error: /orders/
Traceback (most recent call last):
  File "D:\353504_SVIDINSKY_19\IGI\LR5\.venv\Lib\site-packages\django\core\handlers\exception.py", line 55, in inner
    response = get_response(request)
  File "D:\353504_SVIDINSKY_19\IGI\LR5\.venv\Lib\site-packages\django\core\handlers\base.py", line 220, in _get_response
    response = response.render()
  File "D:\353504_SVIDINSKY_19\IGI\LR5\.venv\Lib\site-packages\django\template\response.py", line 114, in render
    self.content = self.rendered_content
                   ^^^^^^^^^^^^^^^^^^^^^
  File "D:\353504_SVIDINSKY_19\IGI\LR5\.venv\Lib\site-packages\django\template\response.py", line 92, in rendered_content
    return template.render(context, self._request)
           ~~~~~~~~~~~~~~~^^^^^^^^^^^^^^^^^^^^^^^^
  File "D:\353504_SVIDINSKY_19\IGI\LR5\.venv\Lib\site-packages\django\template\backends\django.py", line 107, in render
    return self.template.render(context)
           ~~~~~~~~~~~~~~~~~~~~^^^^^^^^^
  File "D:\353504_SVIDINSKY_19\IGI\LR5\.venv\Lib\site-packages\django\template\base.py", line 171, in render
    return self._render(context)
           ~~~~~~~~~~~~^^^^^^^^^
  File "D:\353504_SVIDINSKY_19\IGI\LR5\.venv\Lib\site-packages\django\template\base.py", line 163, in _render
    return self.nodelist.render(context)
           ~~~~~~~~~~~~~~~~~~~~^^^^^^^^^
  File "D:\353504_SVIDINSKY_19\IGI\LR5\.venv\Lib\site-packages\django\template\base.py", line 1016, in render
    return SafeString("".join([node.render_annotated(context) for node in self]))
                               ~~~~~~~~~~~~~~~~~~~~~^^^^^^^^^
  File "D:\353504_SVIDINSKY_19\IGI\LR5\.venv\Lib\site-packages\django\template\base.py", line 977, in render_annotated
    return self.render(context)
           ~~~~~~~~~~~^^^^^^^^^
  File "D:\353504_SVIDINSKY_19\IGI\LR5\.venv\Lib\site-packages\django\template\loader_tags.py", line 159, in render
    return compiled_parent._render(context)
           ~~~~~~~~~~~~~~~~~~~~~~~^^^^^^^^^
  File "D:\353504_SVIDINSKY_19\IGI\LR5\.venv\Lib\site-packages\django\template\base.py", line 163, in _render
    return self.nodelist.render(context)
           ~~~~~~~~~~~~~~~~~~~~^^^^^^^^^
  File "D:\353504_SVIDINSKY_19\IGI\LR5\.venv\Lib\site-packages\django\template\base.py", line 1016, in render
    return SafeString("".join([node.render_annotated(context) for node in self]))
                               ~~~~~~~~~~~~~~~~~~~~~^^^^^^^^^
  File "D:\353504_SVIDINSKY_19\IGI\LR5\.venv\Lib\site-packages\django\template\base.py", line 977, in render_annotated
    return self.render(context)
           ~~~~~~~~~~~^^^^^^^^^
  File "D:\353504_SVIDINSKY_19\IGI\LR5\.venv\Lib\site-packages\django\template\defaulttags.py", line 480, in render
    url = reverse(view_name, args=args, kwargs=kwargs, current_app=current_app)
  File "D:\353504_SVIDINSKY_19\IGI\LR5\.venv\Lib\site-packages\django\urls\base.py", line 98, in reverse
    resolved_url = resolver._reverse_with_prefix(view, prefix, *args, **kwargs)
  File "D:\353504_SVIDINSKY_19\IGI\LR5\.venv\Lib\site-packages\django\urls\resolvers.py", line 831, in _reverse_with_prefix
    raise NoReverseMatch(msg)
django.urls.exceptions.NoReverseMatch: Reverse for 'privacy' not found. 'privacy' is not a valid view function or pattern name.
[ERROR] 2025-05-26 21:28:56 "GET /orders/ HTTP/1.1" 500 149547
[ERROR] 2025-05-26 21:29:00 Internal Server Error: /
Traceback (most recent call last):
  File "D:\353504_SVIDINSKY_19\IGI\LR5\.venv\Lib\site-packages\django\core\handlers\exception.py", line 55, in inner
    response = get_response(request)
  File "D:\353504_SVIDINSKY_19\IGI\LR5\.venv\Lib\site-packages\django\core\handlers\base.py", line 220, in _get_response
    response = response.render()
  File "D:\353504_SVIDINSKY_19\IGI\LR5\.venv\Lib\site-packages\django\template\response.py", line 114, in render
    self.content = self.rendered_content
                   ^^^^^^^^^^^^^^^^^^^^^
  File "D:\353504_SVIDINSKY_19\IGI\LR5\.venv\Lib\site-packages\django\template\response.py", line 92, in rendered_content
    return template.render(context, self._request)
           ~~~~~~~~~~~~~~~^^^^^^^^^^^^^^^^^^^^^^^^
  File "D:\353504_SVIDINSKY_19\IGI\LR5\.venv\Lib\site-packages\django\template\backends\django.py", line 107, in render
    return self.template.render(context)
           ~~~~~~~~~~~~~~~~~~~~^^^^^^^^^
  File "D:\353504_SVIDINSKY_19\IGI\LR5\.venv\Lib\site-packages\django\template\base.py", line 171, in render
    return self._render(context)
           ~~~~~~~~~~~~^^^^^^^^^
  File "D:\353504_SVIDINSKY_19\IGI\LR5\.venv\Lib\site-packages\django\template\base.py", line 163, in _render
    return self.nodelist.render(context)
           ~~~~~~~~~~~~~~~~~~~~^^^^^^^^^
  File "D:\353504_SVIDINSKY_19\IGI\LR5\.venv\Lib\site-packages\django\template\base.py", line 1016, in render
    return SafeString("".join([node.render_annotated(context) for node in self]))
                               ~~~~~~~~~~~~~~~~~~~~~^^^^^^^^^
  File "D:\353504_SVIDINSKY_19\IGI\LR5\.venv\Lib\site-packages\django\template\base.py", line 977, in render_annotated
    return self.render(context)
           ~~~~~~~~~~~^^^^^^^^^
  File "D:\353504_SVIDINSKY_19\IGI\LR5\.venv\Lib\site-packages\django\template\loader_tags.py", line 159, in render
    return compiled_parent._render(context)
           ~~~~~~~~~~~~~~~~~~~~~~~^^^^^^^^^
  File "D:\353504_SVIDINSKY_19\IGI\LR5\.venv\Lib\site-packages\django\template\base.py", line 163, in _render
    return self.nodelist.render(context)
           ~~~~~~~~~~~~~~~~~~~~^^^^^^^^^
  File "D:\353504_SVIDINSKY_19\IGI\LR5\.venv\Lib\site-packages\django\template\base.py", line 1016, in render
    return SafeString("".join([node.render_annotated(context) for node in self]))
                               ~~~~~~~~~~~~~~~~~~~~~^^^^^^^^^
  File "D:\353504_SVIDINSKY_19\IGI\LR5\.venv\Lib\site-packages\django\template\base.py", line 977, in render_annotated
    return self.render(context)
           ~~~~~~~~~~~^^^^^^^^^
  File "D:\353504_SVIDINSKY_19\IGI\LR5\.venv\Lib\site-packages\django\template\defaulttags.py", line 480, in render
    url = reverse(view_name, args=args, kwargs=kwargs, current_app=current_app)
  File "D:\353504_SVIDINSKY_19\IGI\LR5\.venv\Lib\site-packages\django\urls\base.py", line 98, in reverse
    resolved_url = resolver._reverse_with_prefix(view, prefix, *args, **kwargs)
  File "D:\353504_SVIDINSKY_19\IGI\LR5\.venv\Lib\site-packages\django\urls\resolvers.py", line 831, in _reverse_with_prefix
    raise NoReverseMatch(msg)
django.urls.exceptions.NoReverseMatch: Reverse for 'privacy' not found. 'privacy' is not a valid view function or pattern name.
[ERROR] 2025-05-26 21:29:00 "GET / HTTP/1.1" 500 139981
[ERROR] 2025-05-26 21:29:00 Internal Server Error: /
Traceback (most recent call last):
  File "D:\353504_SVIDINSKY_19\IGI\LR5\.venv\Lib\site-packages\django\core\handlers\exception.py", line 55, in inner
    response = get_response(request)
  File "D:\353504_SVIDINSKY_19\IGI\LR5\.venv\Lib\site-packages\django\core\handlers\base.py", line 220, in _get_response
    response = response.render()
  File "D:\353504_SVIDINSKY_19\IGI\LR5\.venv\Lib\site-packages\django\template\response.py", line 114, in render
    self.content = self.rendered_content
                   ^^^^^^^^^^^^^^^^^^^^^
  File "D:\353504_SVIDINSKY_19\IGI\LR5\.venv\Lib\site-packages\django\template\response.py", line 92, in rendered_content
    return template.render(context, self._request)
           ~~~~~~~~~~~~~~~^^^^^^^^^^^^^^^^^^^^^^^^
  File "D:\353504_SVIDINSKY_19\IGI\LR5\.venv\Lib\site-packages\django\template\backends\django.py", line 107, in render
    return self.template.render(context)
           ~~~~~~~~~~~~~~~~~~~~^^^^^^^^^
  File "D:\353504_SVIDINSKY_19\IGI\LR5\.venv\Lib\site-packages\django\template\base.py", line 171, in render
    return self._render(context)
           ~~~~~~~~~~~~^^^^^^^^^
  File "D:\353504_SVIDINSKY_19\IGI\LR5\.venv\Lib\site-packages\django\template\base.py", line 163, in _render
    return self.nodelist.render(context)
           ~~~~~~~~~~~~~~~~~~~~^^^^^^^^^
  File "D:\353504_SVIDINSKY_19\IGI\LR5\.venv\Lib\site-packages\django\template\base.py", line 1016, in render
    return SafeString("".join([node.render_annotated(context) for node in self]))
                               ~~~~~~~~~~~~~~~~~~~~~^^^^^^^^^
  File "D:\353504_SVIDINSKY_19\IGI\LR5\.venv\Lib\site-packages\django\template\base.py", line 977, in render_annotated
    return self.render(context)
           ~~~~~~~~~~~^^^^^^^^^
  File "D:\353504_SVIDINSKY_19\IGI\LR5\.venv\Lib\site-packages\django\template\loader_tags.py", line 159, in render
    return compiled_parent._render(context)
           ~~~~~~~~~~~~~~~~~~~~~~~^^^^^^^^^
  File "D:\353504_SVIDINSKY_19\IGI\LR5\.venv\Lib\site-packages\django\template\base.py", line 163, in _render
    return self.nodelist.render(context)
           ~~~~~~~~~~~~~~~~~~~~^^^^^^^^^
  File "D:\353504_SVIDINSKY_19\IGI\LR5\.venv\Lib\site-packages\django\template\base.py", line 1016, in render
    return SafeString("".join([node.render_annotated(context) for node in self]))
                               ~~~~~~~~~~~~~~~~~~~~~^^^^^^^^^
  File "D:\353504_SVIDINSKY_19\IGI\LR5\.venv\Lib\site-packages\django\template\base.py", line 977, in render_annotated
    return self.render(context)
           ~~~~~~~~~~~^^^^^^^^^
  File "D:\353504_SVIDINSKY_19\IGI\LR5\.venv\Lib\site-packages\django\template\defaulttags.py", line 480, in render
    url = reverse(view_name, args=args, kwargs=kwargs, current_app=current_app)
  File "D:\353504_SVIDINSKY_19\IGI\LR5\.venv\Lib\site-packages\django\urls\base.py", line 98, in reverse
    resolved_url = resolver._reverse_with_prefix(view, prefix, *args, **kwargs)
  File "D:\353504_SVIDINSKY_19\IGI\LR5\.venv\Lib\site-packages\django\urls\resolvers.py", line 831, in _reverse_with_prefix
    raise NoReverseMatch(msg)
django.urls.exceptions.NoReverseMatch: Reverse for 'privacy' not found. 'privacy' is not a valid view function or pattern name.
[ERROR] 2025-05-26 21:29:00 "GET / HTTP/1.1" 500 139707
[ERROR] 2025-05-26 21:29:03 Internal Server Error: /
Traceback (most recent call last):
  File "D:\353504_SVIDINSKY_19\IGI\LR5\.venv\Lib\site-packages\django\core\handlers\exception.py", line 55, in inner
    response = get_response(request)
  File "D:\353504_SVIDINSKY_19\IGI\LR5\.venv\Lib\site-packages\django\core\handlers\base.py", line 220, in _get_response
    response = response.render()
  File "D:\353504_SVIDINSKY_19\IGI\LR5\.venv\Lib\site-packages\django\template\response.py", line 114, in render
    self.content = self.rendered_content
                   ^^^^^^^^^^^^^^^^^^^^^
  File "D:\353504_SVIDINSKY_19\IGI\LR5\.venv\Lib\site-packages\django\template\response.py", line 92, in rendered_content
    return template.render(context, self._request)
           ~~~~~~~~~~~~~~~^^^^^^^^^^^^^^^^^^^^^^^^
  File "D:\353504_SVIDINSKY_19\IGI\LR5\.venv\Lib\site-packages\django\template\backends\django.py", line 107, in render
    return self.template.render(context)
           ~~~~~~~~~~~~~~~~~~~~^^^^^^^^^
  File "D:\353504_SVIDINSKY_19\IGI\LR5\.venv\Lib\site-packages\django\template\base.py", line 171, in render
    return self._render(context)
           ~~~~~~~~~~~~^^^^^^^^^
  File "D:\353504_SVIDINSKY_19\IGI\LR5\.venv\Lib\site-packages\django\template\base.py", line 163, in _render
    return self.nodelist.render(context)
           ~~~~~~~~~~~~~~~~~~~~^^^^^^^^^
  File "D:\353504_SVIDINSKY_19\IGI\LR5\.venv\Lib\site-packages\django\template\base.py", line 1016, in render
    return SafeString("".join([node.render_annotated(context) for node in self]))
                               ~~~~~~~~~~~~~~~~~~~~~^^^^^^^^^
  File "D:\353504_SVIDINSKY_19\IGI\LR5\.venv\Lib\site-packages\django\template\base.py", line 977, in render_annotated
    return self.render(context)
           ~~~~~~~~~~~^^^^^^^^^
  File "D:\353504_SVIDINSKY_19\IGI\LR5\.venv\Lib\site-packages\django\template\loader_tags.py", line 159, in render
    return compiled_parent._render(context)
           ~~~~~~~~~~~~~~~~~~~~~~~^^^^^^^^^
  File "D:\353504_SVIDINSKY_19\IGI\LR5\.venv\Lib\site-packages\django\template\base.py", line 163, in _render
    return self.nodelist.render(context)
           ~~~~~~~~~~~~~~~~~~~~^^^^^^^^^
  File "D:\353504_SVIDINSKY_19\IGI\LR5\.venv\Lib\site-packages\django\template\base.py", line 1016, in render
    return SafeString("".join([node.render_annotated(context) for node in self]))
                               ~~~~~~~~~~~~~~~~~~~~~^^^^^^^^^
  File "D:\353504_SVIDINSKY_19\IGI\LR5\.venv\Lib\site-packages\django\template\base.py", line 977, in render_annotated
    return self.render(context)
           ~~~~~~~~~~~^^^^^^^^^
  File "D:\353504_SVIDINSKY_19\IGI\LR5\.venv\Lib\site-packages\django\template\defaulttags.py", line 480, in render
    url = reverse(view_name, args=args, kwargs=kwargs, current_app=current_app)
  File "D:\353504_SVIDINSKY_19\IGI\LR5\.venv\Lib\site-packages\django\urls\base.py", line 98, in reverse
    resolved_url = resolver._reverse_with_prefix(view, prefix, *args, **kwargs)
  File "D:\353504_SVIDINSKY_19\IGI\LR5\.venv\Lib\site-packages\django\urls\resolvers.py", line 831, in _reverse_with_prefix
    raise NoReverseMatch(msg)
django.urls.exceptions.NoReverseMatch: Reverse for 'privacy' not found. 'privacy' is not a valid view function or pattern name.
[ERROR] 2025-05-26 21:29:03 "GET / HTTP/1.1" 500 139707
[ERROR] 2025-05-26 21:30:00 Internal Server Error: /
Traceback (most recent call last):
  File "D:\353504_SVIDINSKY_19\IGI\LR5\.venv\Lib\site-packages\django\core\handlers\exception.py", line 55, in inner
    response = get_response(request)
  File "D:\353504_SVIDINSKY_19\IGI\LR5\.venv\Lib\site-packages\django\core\handlers\base.py", line 220, in _get_response
    response = response.render()
  File "D:\353504_SVIDINSKY_19\IGI\LR5\.venv\Lib\site-packages\django\template\response.py", line 114, in render
    self.content = self.rendered_content
                   ^^^^^^^^^^^^^^^^^^^^^
  File "D:\353504_SVIDINSKY_19\IGI\LR5\.venv\Lib\site-packages\django\template\response.py", line 92, in rendered_content
    return template.render(context, self._request)
           ~~~~~~~~~~~~~~~^^^^^^^^^^^^^^^^^^^^^^^^
  File "D:\353504_SVIDINSKY_19\IGI\LR5\.venv\Lib\site-packages\django\template\backends\django.py", line 107, in render
    return self.template.render(context)
           ~~~~~~~~~~~~~~~~~~~~^^^^^^^^^
  File "D:\353504_SVIDINSKY_19\IGI\LR5\.venv\Lib\site-packages\django\template\base.py", line 171, in render
    return self._render(context)
           ~~~~~~~~~~~~^^^^^^^^^
  File "D:\353504_SVIDINSKY_19\IGI\LR5\.venv\Lib\site-packages\django\template\base.py", line 163, in _render
    return self.nodelist.render(context)
           ~~~~~~~~~~~~~~~~~~~~^^^^^^^^^
  File "D:\353504_SVIDINSKY_19\IGI\LR5\.venv\Lib\site-packages\django\template\base.py", line 1016, in render
    return SafeString("".join([node.render_annotated(context) for node in self]))
                               ~~~~~~~~~~~~~~~~~~~~~^^^^^^^^^
  File "D:\353504_SVIDINSKY_19\IGI\LR5\.venv\Lib\site-packages\django\template\base.py", line 977, in render_annotated
    return self.render(context)
           ~~~~~~~~~~~^^^^^^^^^
  File "D:\353504_SVIDINSKY_19\IGI\LR5\.venv\Lib\site-packages\django\template\loader_tags.py", line 159, in render
    return compiled_parent._render(context)
           ~~~~~~~~~~~~~~~~~~~~~~~^^^^^^^^^
  File "D:\353504_SVIDINSKY_19\IGI\LR5\.venv\Lib\site-packages\django\template\base.py", line 163, in _render
    return self.nodelist.render(context)
           ~~~~~~~~~~~~~~~~~~~~^^^^^^^^^
  File "D:\353504_SVIDINSKY_19\IGI\LR5\.venv\Lib\site-packages\django\template\base.py", line 1016, in render
    return SafeString("".join([node.render_annotated(context) for node in self]))
                               ~~~~~~~~~~~~~~~~~~~~~^^^^^^^^^
  File "D:\353504_SVIDINSKY_19\IGI\LR5\.venv\Lib\site-packages\django\template\base.py", line 977, in render_annotated
    return self.render(context)
           ~~~~~~~~~~~^^^^^^^^^
  File "D:\353504_SVIDINSKY_19\IGI\LR5\.venv\Lib\site-packages\django\template\defaulttags.py", line 480, in render
    url = reverse(view_name, args=args, kwargs=kwargs, current_app=current_app)
  File "D:\353504_SVIDINSKY_19\IGI\LR5\.venv\Lib\site-packages\django\urls\base.py", line 98, in reverse
    resolved_url = resolver._reverse_with_prefix(view, prefix, *args, **kwargs)
  File "D:\353504_SVIDINSKY_19\IGI\LR5\.venv\Lib\site-packages\django\urls\resolvers.py", line 831, in _reverse_with_prefix
    raise NoReverseMatch(msg)
django.urls.exceptions.NoReverseMatch: Reverse for 'privacy' not found. 'privacy' is not a valid view function or pattern name.
[ERROR] 2025-05-26 21:30:00 "GET / HTTP/1.1" 500 139844
[ERROR] 2025-05-26 21:30:01 Internal Server Error: /
Traceback (most recent call last):
  File "D:\353504_SVIDINSKY_19\IGI\LR5\.venv\Lib\site-packages\django\core\handlers\exception.py", line 55, in inner
    response = get_response(request)
  File "D:\353504_SVIDINSKY_19\IGI\LR5\.venv\Lib\site-packages\django\core\handlers\base.py", line 220, in _get_response
    response = response.render()
  File "D:\353504_SVIDINSKY_19\IGI\LR5\.venv\Lib\site-packages\django\template\response.py", line 114, in render
    self.content = self.rendered_content
                   ^^^^^^^^^^^^^^^^^^^^^
  File "D:\353504_SVIDINSKY_19\IGI\LR5\.venv\Lib\site-packages\django\template\response.py", line 92, in rendered_content
    return template.render(context, self._request)
           ~~~~~~~~~~~~~~~^^^^^^^^^^^^^^^^^^^^^^^^
  File "D:\353504_SVIDINSKY_19\IGI\LR5\.venv\Lib\site-packages\django\template\backends\django.py", line 107, in render
    return self.template.render(context)
           ~~~~~~~~~~~~~~~~~~~~^^^^^^^^^
  File "D:\353504_SVIDINSKY_19\IGI\LR5\.venv\Lib\site-packages\django\template\base.py", line 171, in render
    return self._render(context)
           ~~~~~~~~~~~~^^^^^^^^^
  File "D:\353504_SVIDINSKY_19\IGI\LR5\.venv\Lib\site-packages\django\template\base.py", line 163, in _render
    return self.nodelist.render(context)
           ~~~~~~~~~~~~~~~~~~~~^^^^^^^^^
  File "D:\353504_SVIDINSKY_19\IGI\LR5\.venv\Lib\site-packages\django\template\base.py", line 1016, in render
    return SafeString("".join([node.render_annotated(context) for node in self]))
                               ~~~~~~~~~~~~~~~~~~~~~^^^^^^^^^
  File "D:\353504_SVIDINSKY_19\IGI\LR5\.venv\Lib\site-packages\django\template\base.py", line 977, in render_annotated
    return self.render(context)
           ~~~~~~~~~~~^^^^^^^^^
  File "D:\353504_SVIDINSKY_19\IGI\LR5\.venv\Lib\site-packages\django\template\loader_tags.py", line 159, in render
    return compiled_parent._render(context)
           ~~~~~~~~~~~~~~~~~~~~~~~^^^^^^^^^
  File "D:\353504_SVIDINSKY_19\IGI\LR5\.venv\Lib\site-packages\django\template\base.py", line 163, in _render
    return self.nodelist.render(context)
           ~~~~~~~~~~~~~~~~~~~~^^^^^^^^^
  File "D:\353504_SVIDINSKY_19\IGI\LR5\.venv\Lib\site-packages\django\template\base.py", line 1016, in render
    return SafeString("".join([node.render_annotated(context) for node in self]))
                               ~~~~~~~~~~~~~~~~~~~~~^^^^^^^^^
  File "D:\353504_SVIDINSKY_19\IGI\LR5\.venv\Lib\site-packages\django\template\base.py", line 977, in render_annotated
    return self.render(context)
           ~~~~~~~~~~~^^^^^^^^^
  File "D:\353504_SVIDINSKY_19\IGI\LR5\.venv\Lib\site-packages\django\template\defaulttags.py", line 480, in render
    url = reverse(view_name, args=args, kwargs=kwargs, current_app=current_app)
  File "D:\353504_SVIDINSKY_19\IGI\LR5\.venv\Lib\site-packages\django\urls\base.py", line 98, in reverse
    resolved_url = resolver._reverse_with_prefix(view, prefix, *args, **kwargs)
  File "D:\353504_SVIDINSKY_19\IGI\LR5\.venv\Lib\site-packages\django\urls\resolvers.py", line 831, in _reverse_with_prefix
    raise NoReverseMatch(msg)
django.urls.exceptions.NoReverseMatch: Reverse for 'privacy' not found. 'privacy' is not a valid view function or pattern name.
[ERROR] 2025-05-26 21:30:01 "GET / HTTP/1.1" 500 139844
[INFO] 2025-05-26 21:31:59 D:\353504_SVIDINSKY_19\IGI\LR5\pizza\urls.py changed, reloading.
[INFO] 2025-05-26 21:32:00 Watching for file changes with StatReloader
[INFO] 2025-05-26 21:32:09 D:\353504_SVIDINSKY_19\IGI\LR5\pizza\views.py changed, reloading.
[INFO] 2025-05-26 21:32:10 Watching for file changes with StatReloader
[INFO] 2025-05-26 21:32:23 "GET / HTTP/1.1" 200 5608
[WARNING] 2025-05-26 21:32:23 "GET /static/css/style.css HTTP/1.1" 404 1853
[WARNING] 2025-05-26 21:32:23 "GET /static/js/main.js HTTP/1.1" 404 1844
[WARNING] 2025-05-26 21:32:23 "GET /static/js/form-validation.js HTTP/1.1" 404 1877
[INFO] 2025-05-26 21:32:28 Privacy policy viewed by alexander
[INFO] 2025-05-26 21:32:28 "GET /privacy-policy/ HTTP/1.1" 200 2354
[WARNING] 2025-05-26 21:32:28 "GET /static/js/main.js HTTP/1.1" 404 1844
[WARNING] 2025-05-26 21:32:28 "GET /static/css/style.css HTTP/1.1" 404 1853
[WARNING] 2025-05-26 21:32:28 "GET /static/js/form-validation.js HTTP/1.1" 404 1877
[INFO] 2025-05-26 21:32:50 Privacy policy viewed by alexander
[INFO] 2025-05-26 21:32:50 "GET /privacy-policy/ HTTP/1.1" 200 2354
[WARNING] 2025-05-26 21:32:50 "GET /static/css/style.css HTTP/1.1" 404 1853
[WARNING] 2025-05-26 21:32:50 "GET /static/js/main.js HTTP/1.1" 404 1844
[WARNING] 2025-05-26 21:32:50 "GET /static/js/form-validation.js HTTP/1.1" 404 1877
[INFO] 2025-05-26 21:32:53 "GET /orders/ HTTP/1.1" 200 20371
[WARNING] 2025-05-26 21:32:53 "GET /static/css/style.css HTTP/1.1" 404 1853
[WARNING] 2025-05-26 21:32:53 "GET /static/js/form-validation.js HTTP/1.1" 404 1877
[WARNING] 2025-05-26 21:32:53 "GET /static/js/main.js HTTP/1.1" 404 1844
[INFO] 2025-05-26 21:32:58 Order 10 status updated to completed by alexander
[INFO] 2025-05-26 21:32:58 "POST /order/10/update-status/ HTTP/1.1" 302 0
[INFO] 2025-05-26 21:32:58 "GET /orders/ HTTP/1.1" 200 20597
[WARNING] 2025-05-26 21:32:58 "GET /static/css/style.css HTTP/1.1" 404 1853
[WARNING] 2025-05-26 21:32:58 "GET /static/js/main.js HTTP/1.1" 404 1844
[WARNING] 2025-05-26 21:32:58 "GET /static/js/form-validation.js HTTP/1.1" 404 1877
[INFO] 2025-05-26 21:33:00 "GET /my-orders/ HTTP/1.1" 200 7397
[WARNING] 2025-05-26 21:33:00 "GET /static/js/main.js HTTP/1.1" 404 1844
[WARNING] 2025-05-26 21:33:00 "GET /static/css/style.css HTTP/1.1" 404 1853
[WARNING] 2025-05-26 21:33:00 "GET /static/js/form-validation.js HTTP/1.1" 404 1877
[INFO] 2025-05-26 21:33:10 "GET / HTTP/1.1" 200 5608
[WARNING] 2025-05-26 21:33:10 "GET /static/css/style.css HTTP/1.1" 404 1853
[WARNING] 2025-05-26 21:33:10 "GET /static/js/main.js HTTP/1.1" 404 1844
[WARNING] 2025-05-26 21:33:10 "GET /static/js/form-validation.js HTTP/1.1" 404 1877
[INFO] 2025-05-26 21:33:11 "GET /about/ HTTP/1.1" 200 3228
[WARNING] 2025-05-26 21:33:11 "GET /static/css/style.css HTTP/1.1" 404 1853
[WARNING] 2025-05-26 21:33:11 "GET /static/js/main.js HTTP/1.1" 404 1844
[WARNING] 2025-05-26 21:33:11 "GET /static/js/form-validation.js HTTP/1.1" 404 1877
[DEBUG] 2025-05-26 21:33:12 Menu filter params: category=None, sauce=None, is_vegan=None, price=None-None
[INFO] 2025-05-26 21:33:12 "GET /menu/ HTTP/1.1" 200 10986
[WARNING] 2025-05-26 21:33:12 "GET /static/css/style.css HTTP/1.1" 404 1853
[WARNING] 2025-05-26 21:33:12 "GET /static/js/main.js HTTP/1.1" 404 1844
[WARNING] 2025-05-26 21:33:12 "GET /static/js/form-validation.js HTTP/1.1" 404 1877
[INFO] 2025-05-26 21:33:13 "GET /news/ HTTP/1.1" 200 3167
[WARNING] 2025-05-26 21:33:13 "GET /static/js/main.js HTTP/1.1" 404 1844
[WARNING] 2025-05-26 21:33:13 "GET /static/js/form-validation.js HTTP/1.1" 404 1877
[WARNING] 2025-05-26 21:33:13 "GET /static/css/style.css HTTP/1.1" 404 1853
[INFO] 2025-05-26 21:33:14 "GET /about/ HTTP/1.1" 200 3228
[WARNING] 2025-05-26 21:33:14 "GET /static/css/style.css HTTP/1.1" 404 1853
[WARNING] 2025-05-26 21:33:14 "GET /static/js/main.js HTTP/1.1" 404 1844
[WARNING] 2025-05-26 21:33:14 "GET /static/js/form-validation.js HTTP/1.1" 404 1877
[INFO] 2025-05-26 21:33:16 "GET /news/ HTTP/1.1" 200 3167
[WARNING] 2025-05-26 21:33:16 "GET /static/css/style.css HTTP/1.1" 404 1853
[WARNING] 2025-05-26 21:33:16 "GET /static/js/main.js HTTP/1.1" 404 1844
[WARNING] 2025-05-26 21:33:16 "GET /static/js/form-validation.js HTTP/1.1" 404 1877
[INFO] 2025-05-26 21:33:17 "GET /faq/ HTTP/1.1" 200 2465
[WARNING] 2025-05-26 21:33:17 "GET /static/css/style.css HTTP/1.1" 404 1853
[WARNING] 2025-05-26 21:33:17 "GET /static/js/main.js HTTP/1.1" 404 1844
[WARNING] 2025-05-26 21:33:17 "GET /static/js/form-validation.js HTTP/1.1" 404 1877
[INFO] 2025-05-26 21:33:17 "GET /contacts/ HTTP/1.1" 200 2457
[WARNING] 2025-05-26 21:33:17 "GET /static/css/style.css HTTP/1.1" 404 1853
[WARNING] 2025-05-26 21:33:17 "GET /static/js/form-validation.js HTTP/1.1" 404 1877
[WARNING] 2025-05-26 21:33:17 "GET /static/js/main.js HTTP/1.1" 404 1844
[INFO] 2025-05-26 21:33:18 "GET /jobs/ HTTP/1.1" 200 3027
[WARNING] 2025-05-26 21:33:18 "GET /static/js/main.js HTTP/1.1" 404 1844
[WARNING] 2025-05-26 21:33:18 "GET /static/css/style.css HTTP/1.1" 404 1853
[WARNING] 2025-05-26 21:33:18 "GET /static/js/form-validation.js HTTP/1.1" 404 1877
[INFO] 2025-05-26 21:33:19 "GET /reviews/ HTTP/1.1" 200 6610
[WARNING] 2025-05-26 21:33:19 "GET /static/css/style.css HTTP/1.1" 404 1853
[WARNING] 2025-05-26 21:33:19 "GET /static/js/main.js HTTP/1.1" 404 1844
[WARNING] 2025-05-26 21:33:19 "GET /static/js/form-validation.js HTTP/1.1" 404 1877
[INFO] 2025-05-26 21:33:19 "GET /orders/ HTTP/1.1" 200 20381
[WARNING] 2025-05-26 21:33:19 "GET /static/css/style.css HTTP/1.1" 404 1853
[WARNING] 2025-05-26 21:33:19 "GET /static/js/main.js HTTP/1.1" 404 1844
[WARNING] 2025-05-26 21:33:19 "GET /static/js/form-validation.js HTTP/1.1" 404 1877
[INFO] 2025-05-26 21:33:20 "GET /promotions/ HTTP/1.1" 200 6280
[WARNING] 2025-05-26 21:33:20 "GET /static/css/style.css HTTP/1.1" 404 1853
[WARNING] 2025-05-26 21:33:20 "GET /static/js/main.js HTTP/1.1" 404 1844
[WARNING] 2025-05-26 21:33:20 "GET /static/js/form-validation.js HTTP/1.1" 404 1877
[INFO] 2025-05-26 21:33:21 "GET /orders/ HTTP/1.1" 200 20381
[WARNING] 2025-05-26 21:33:21 "GET /static/css/style.css HTTP/1.1" 404 1853
[WARNING] 2025-05-26 21:33:21 "GET /static/js/main.js HTTP/1.1" 404 1844
[WARNING] 2025-05-26 21:33:21 "GET /static/js/form-validation.js HTTP/1.1" 404 1877
[INFO] 2025-05-26 21:33:22 "GET /promotions/ HTTP/1.1" 200 6280
[WARNING] 2025-05-26 21:33:22 "GET /static/js/main.js HTTP/1.1" 404 1844
[WARNING] 2025-05-26 21:33:22 "GET /static/css/style.css HTTP/1.1" 404 1853
[WARNING] 2025-05-26 21:33:22 "GET /static/js/form-validation.js HTTP/1.1" 404 1877
[INFO] 2025-05-26 21:33:24 "GET /my-orders/ HTTP/1.1" 200 7397
[WARNING] 2025-05-26 21:33:24 "GET /static/css/style.css HTTP/1.1" 404 1853
[WARNING] 2025-05-26 21:33:24 "GET /static/js/main.js HTTP/1.1" 404 1844
[WARNING] 2025-05-26 21:33:24 "GET /static/js/form-validation.js HTTP/1.1" 404 1877
[INFO] 2025-05-26 21:33:25 "GET /admin/ HTTP/1.1" 200 20999
[INFO] 2025-05-26 21:33:27 "GET / HTTP/1.1" 200 5608
[WARNING] 2025-05-26 21:33:28 "GET /static/css/style.css HTTP/1.1" 404 1853
[WARNING] 2025-05-26 21:33:28 "GET /static/js/main.js HTTP/1.1" 404 1844
[WARNING] 2025-05-26 21:33:28 "GET /static/js/form-validation.js HTTP/1.1" 404 1877
[INFO] 2025-05-26 21:33:34 "GET /about/ HTTP/1.1" 200 3228
[WARNING] 2025-05-26 21:33:34 "GET /static/css/style.css HTTP/1.1" 404 1853
[WARNING] 2025-05-26 21:33:34 "GET /static/js/main.js HTTP/1.1" 404 1844
[WARNING] 2025-05-26 21:33:34 "GET /static/js/form-validation.js HTTP/1.1" 404 1877
[DEBUG] 2025-05-26 21:33:35 Menu filter params: category=None, sauce=None, is_vegan=None, price=None-None
[INFO] 2025-05-26 21:33:35 "GET /menu/ HTTP/1.1" 200 10986
[WARNING] 2025-05-26 21:33:35 "GET /static/css/style.css HTTP/1.1" 404 1853
[WARNING] 2025-05-26 21:33:35 "GET /static/js/main.js HTTP/1.1" 404 1844
[WARNING] 2025-05-26 21:33:35 "GET /static/js/form-validation.js HTTP/1.1" 404 1877
[INFO] 2025-05-26 21:33:37 "GET /pizza/1/ HTTP/1.1" 200 3968
[WARNING] 2025-05-26 21:33:37 "GET /static/css/style.css HTTP/1.1" 404 1853
[WARNING] 2025-05-26 21:33:37 "GET /static/js/main.js HTTP/1.1" 404 1844
[WARNING] 2025-05-26 21:33:37 "GET /static/js/form-validation.js HTTP/1.1" 404 1877
[INFO] 2025-05-26 21:33:41 "GET /pizza/1/edit/ HTTP/1.1" 200 11064
[WARNING] 2025-05-26 21:33:41 "GET /static/css/style.css HTTP/1.1" 404 1853
[WARNING] 2025-05-26 21:33:41 "GET /static/js/main.js HTTP/1.1" 404 1844
[WARNING] 2025-05-26 21:33:41 "GET /static/js/form-validation.js HTTP/1.1" 404 1877
[INFO] 2025-05-26 21:33:53 "GET /pizza/1/edit/ HTTP/1.1" 200 11064
[WARNING] 2025-05-26 21:33:53 "GET /static/css/style.css HTTP/1.1" 404 1853
[WARNING] 2025-05-26 21:33:53 "GET /static/js/main.js HTTP/1.1" 404 1844
[WARNING] 2025-05-26 21:33:53 "GET /static/js/form-validation.js HTTP/1.1" 404 1877
[INFO] 2025-05-26 21:34:02 "GET /pizza/create/ HTTP/1.1" 200 10757
[WARNING] 2025-05-26 21:34:02 "GET /static/js/main.js HTTP/1.1" 404 1844
[WARNING] 2025-05-26 21:34:02 "GET /static/css/style.css HTTP/1.1" 404 1853
[WARNING] 2025-05-26 21:34:02 "GET /static/js/form-validation.js HTTP/1.1" 404 1877
[INFO] 2025-05-26 21:34:35 "GET / HTTP/1.1" 200 5608
[WARNING] 2025-05-26 21:34:35 "GET /static/css/style.css HTTP/1.1" 404 1853
[WARNING] 2025-05-26 21:34:35 "GET /static/js/main.js HTTP/1.1" 404 1844
[WARNING] 2025-05-26 21:34:35 "GET /static/js/form-validation.js HTTP/1.1" 404 1877
[INFO] 2025-05-26 21:34:37 "GET /admin/ HTTP/1.1" 200 20999
[INFO] 2025-05-26 21:34:52 "GET /admin/pizza/allergen/ HTTP/1.1" 200 17434
[INFO] 2025-05-26 21:34:52 "GET /admin/jsi18n/ HTTP/1.1" 200 3342
[INFO] 2025-05-26 21:34:55 "GET /admin/pizza/employee/ HTTP/1.1" 200 17959
[INFO] 2025-05-26 21:34:55 "GET /admin/jsi18n/ HTTP/1.1" 200 3342
[INFO] 2025-05-26 21:34:56 "GET /admin/pizza/employee/1/change/ HTTP/1.1" 200 22554
[INFO] 2025-05-26 21:34:56 "GET /static/admin/js/calendar.js HTTP/1.1" 304 0
[INFO] 2025-05-26 21:34:56 "GET /static/admin/js/admin/DateTimeShortcuts.js HTTP/1.1" 304 0
[INFO] 2025-05-26 21:34:56 "GET /admin/jsi18n/ HTTP/1.1" 200 3342
[INFO] 2025-05-26 21:34:56 "GET /static/admin/img/icon-calendar.svg HTTP/1.1" 304 0
[INFO] 2025-05-26 21:35:01 "GET /admin/pizza/pizza/ HTTP/1.1" 200 27496
[INFO] 2025-05-26 21:35:01 "GET /admin/jsi18n/ HTTP/1.1" 200 3342
[INFO] 2025-05-26 21:35:03 "GET /admin/pizza/pizza/10/change/ HTTP/1.1" 200 38790
[INFO] 2025-05-26 21:35:03 "GET /admin/jsi18n/ HTTP/1.1" 200 3342
[INFO] 2025-05-26 21:35:03 "GET /static/admin/js/inlines.js HTTP/1.1" 304 0
[INFO] 2025-05-26 21:35:03 "GET /static/admin/js/SelectBox.js HTTP/1.1" 304 0
[INFO] 2025-05-26 21:35:03 "GET /static/admin/js/SelectFilter2.js HTTP/1.1" 304 0
[INFO] 2025-05-26 21:35:03 "GET /static/admin/img/icon-deletelink.svg HTTP/1.1" 304 0
[INFO] 2025-05-26 21:35:03 "GET /static/admin/img/inline-delete.svg HTTP/1.1" 304 0
[INFO] 2025-05-26 21:35:03 "GET /static/admin/img/selector-icons.svg HTTP/1.1" 304 0
[INFO] 2025-05-26 21:35:19 "GET /admin/pizza/pizza/ HTTP/1.1" 200 27496
[INFO] 2025-05-26 21:35:22 "GET /admin/pizza/pizza/10/change/ HTTP/1.1" 200 38790
[INFO] 2025-05-26 21:35:22 "GET /admin/jsi18n/ HTTP/1.1" 200 3342
[INFO] 2025-09-03 14:14:15 Watching for file changes with StatReloader
[INFO] 2025-09-03 14:17:55 Watching for file changes with StatReloader
[INFO] 2025-09-03 14:27:13 Watching for file changes with StatReloader
[INFO] 2025-09-03 14:29:12 D:\353504_SVIDINSKY_19\IGI\LR5\pizza\forms.py changed, reloading.
[INFO] 2025-09-03 14:29:13 Watching for file changes with StatReloader
[INFO] 2025-09-03 14:29:26 D:\353504_SVIDINSKY_19\IGI\LR5\pizza\services.py changed, reloading.
[INFO] 2025-09-03 14:29:27 Watching for file changes with StatReloader
[INFO] 2025-09-03 14:29:31 D:\353504_SVIDINSKY_19\IGI\LR5\pizza\forms.py changed, reloading.
[INFO] 2025-09-03 14:29:32 Watching for file changes with StatReloader
[INFO] 2025-09-03 14:29:52 "GET / HTTP/1.1" 200 4951
[WARNING] 2025-09-03 14:29:52 "GET /static/js/main.js HTTP/1.1" 404 1844
[WARNING] 2025-09-03 14:29:52 "GET /static/js/form-validation.js HTTP/1.1" 404 1877
[WARNING] 2025-09-03 14:29:52 "GET /static/css/style.css HTTP/1.1" 404 1853
[WARNING] 2025-09-03 14:29:52 Not Found: /favicon.ico
[WARNING] 2025-09-03 14:29:52 "GET /favicon.ico HTTP/1.1" 404 10048
[INFO] 2025-09-03 14:29:59 "GET / HTTP/1.1" 200 4951
[WARNING] 2025-09-03 14:29:59 "GET /static/css/style.css HTTP/1.1" 404 1853
[WARNING] 2025-09-03 14:29:59 "GET /static/js/main.js HTTP/1.1" 404 1844
[WARNING] 2025-09-03 14:29:59 "GET /static/js/form-validation.js HTTP/1.1" 404 1877
[INFO] 2025-09-03 14:30:01 "GET /about/ HTTP/1.1" 200 2571
[WARNING] 2025-09-03 14:30:01 "GET /static/js/form-validation.js HTTP/1.1" 404 1877
[WARNING] 2025-09-03 14:30:01 "GET /static/css/style.css HTTP/1.1" 404 1853
[WARNING] 2025-09-03 14:30:01 "GET /static/js/main.js HTTP/1.1" 404 1844
[INFO] 2025-09-03 14:30:04 "GET /login/ HTTP/1.1" 200 2481
[WARNING] 2025-09-03 14:30:04 "GET /static/css/style.css HTTP/1.1" 404 1853
[WARNING] 2025-09-03 14:30:04 "GET /static/js/main.js HTTP/1.1" 404 1844
[WARNING] 2025-09-03 14:30:04 "GET /static/js/form-validation.js HTTP/1.1" 404 1877
[INFO] 2025-09-03 14:30:07 "POST /login/ HTTP/1.1" 302 0
[DEBUG] 2025-09-03 14:30:07 Menu filter params: category=None, sauce=None, is_vegan=None, price=None-None
[INFO] 2025-09-03 14:30:07 "GET /menu/ HTTP/1.1" 200 10986
[WARNING] 2025-09-03 14:30:07 "GET /static/js/main.js HTTP/1.1" 404 1844
[WARNING] 2025-09-03 14:30:07 "GET /static/css/style.css HTTP/1.1" 404 1853
[WARNING] 2025-09-03 14:30:07 "GET /static/js/form-validation.js HTTP/1.1" 404 1877
[INFO] 2025-09-03 14:30:13 "GET /admin/ HTTP/1.1" 200 20999
[INFO] 2025-09-03 14:30:13 "GET /static/admin/css/base.css HTTP/1.1" 304 0
[INFO] 2025-09-03 14:30:13 "GET /static/admin/css/nav_sidebar.css HTTP/1.1" 304 0
[INFO] 2025-09-03 14:30:13 "GET /static/admin/js/theme.js HTTP/1.1" 304 0
[INFO] 2025-09-03 14:30:13 "GET /static/admin/css/dashboard.css HTTP/1.1" 304 0
[INFO] 2025-09-03 14:30:13 "GET /static/admin/css/responsive.css HTTP/1.1" 304 0
[INFO] 2025-09-03 14:30:13 "GET /static/admin/css/dark_mode.css HTTP/1.1" 304 0
[INFO] 2025-09-03 14:30:13 "GET /static/admin/js/nav_sidebar.js HTTP/1.1" 304 0
[INFO] 2025-09-03 14:30:13 "GET /static/admin/img/icon-changelink.svg HTTP/1.1" 304 0
[INFO] 2025-09-03 14:30:13 "GET /static/admin/img/icon-addlink.svg HTTP/1.1" 304 0
[INFO] 2025-09-03 14:34:02 "GET /admin/pizza/vacancy/ HTTP/1.1" 200 18309
[INFO] 2025-09-03 14:34:02 "GET /static/admin/css/changelists.css HTTP/1.1" 304 0
[INFO] 2025-09-03 14:34:02 "GET /static/admin/js/core.js HTTP/1.1" 304 0
[INFO] 2025-09-03 14:34:02 "GET /static/admin/js/jquery.init.js HTTP/1.1" 304 0
[INFO] 2025-09-03 14:34:02 "GET /static/admin/js/prepopulate.js HTTP/1.1" 304 0
[INFO] 2025-09-03 14:34:02 "GET /static/admin/js/actions.js HTTP/1.1" 304 0
[INFO] 2025-09-03 14:34:02 "GET /static/admin/js/vendor/jquery/jquery.js HTTP/1.1" 304 0
[INFO] 2025-09-03 14:34:02 "GET /static/admin/js/urlify.js HTTP/1.1" 304 0
[INFO] 2025-09-03 14:34:02 "GET /static/admin/js/admin/RelatedObjectLookups.js HTTP/1.1" 304 0
[INFO] 2025-09-03 14:34:02 "GET /admin/jsi18n/ HTTP/1.1" 200 3342
[INFO] 2025-09-03 14:34:02 "GET /static/admin/js/vendor/xregexp/xregexp.js HTTP/1.1" 304 0
[INFO] 2025-09-03 14:34:02 "GET /static/admin/img/search.svg HTTP/1.1" 304 0
[INFO] 2025-09-03 14:34:02 "GET /static/admin/img/icon-yes.svg HTTP/1.1" 304 0
[INFO] 2025-09-03 14:34:02 "GET /static/admin/js/filters.js HTTP/1.1" 304 0
[INFO] 2025-09-03 14:34:02 "GET /static/admin/img/tooltag-add.svg HTTP/1.1" 304 0
[INFO] 2025-09-03 14:34:02 "GET /static/admin/img/icon-viewlink.svg HTTP/1.1" 304 0
[INFO] 2025-09-03 14:34:05 "GET /admin/pizza/seasonalperiod/ HTTP/1.1" 200 15644
[INFO] 2025-09-03 14:34:05 "GET /admin/jsi18n/ HTTP/1.1" 200 3342
[INFO] 2025-09-03 14:34:08 "GET /admin/pizza/review/ HTTP/1.1" 200 20557
[INFO] 2025-09-03 14:34:08 "GET /admin/jsi18n/ HTTP/1.1" 200 3342
[INFO] 2025-09-03 14:34:21 "GET / HTTP/1.1" 200 5608
[WARNING] 2025-09-03 14:34:21 "GET /static/js/form-validation.js HTTP/1.1" 404 1877
[WARNING] 2025-09-03 14:34:21 "GET /static/css/style.css HTTP/1.1" 404 1853
[WARNING] 2025-09-03 14:34:21 "GET /static/js/main.js HTTP/1.1" 404 1844
[DEBUG] 2025-09-03 14:34:28 Menu filter params: category=None, sauce=None, is_vegan=None, price=None-None
[INFO] 2025-09-03 14:34:28 "GET /menu/ HTTP/1.1" 200 10986
[WARNING] 2025-09-03 14:34:28 "GET /static/css/style.css HTTP/1.1" 404 1853
[WARNING] 2025-09-03 14:34:28 "GET /static/js/main.js HTTP/1.1" 404 1844
[WARNING] 2025-09-03 14:34:28 "GET /static/js/form-validation.js HTTP/1.1" 404 1877
[INFO] 2025-09-03 14:34:29 "GET /news/ HTTP/1.1" 200 3167
[WARNING] 2025-09-03 14:34:29 "GET /static/css/style.css HTTP/1.1" 404 1853
[WARNING] 2025-09-03 14:34:29 "GET /static/js/main.js HTTP/1.1" 404 1844
[WARNING] 2025-09-03 14:34:29 "GET /static/js/form-validation.js HTTP/1.1" 404 1877
[INFO] 2025-09-03 14:34:30 "GET /about/ HTTP/1.1" 200 3228
[WARNING] 2025-09-03 14:34:30 "GET /static/css/style.css HTTP/1.1" 404 1853
[WARNING] 2025-09-03 14:34:30 "GET /static/js/main.js HTTP/1.1" 404 1844
[WARNING] 2025-09-03 14:34:30 "GET /static/js/form-validation.js HTTP/1.1" 404 1877
[INFO] 2025-09-03 14:34:31 "GET /about/ HTTP/1.1" 200 3228
[WARNING] 2025-09-03 14:34:31 "GET /static/css/style.css HTTP/1.1" 404 1853
[WARNING] 2025-09-03 14:34:31 "GET /static/js/main.js HTTP/1.1" 404 1844
[WARNING] 2025-09-03 14:34:31 "GET /static/js/form-validation.js HTTP/1.1" 404 1877
[INFO] 2025-09-03 14:34:32 "GET / HTTP/1.1" 200 5608
[WARNING] 2025-09-03 14:34:32 "GET /static/css/style.css HTTP/1.1" 404 1853
[WARNING] 2025-09-03 14:34:32 "GET /static/js/main.js HTTP/1.1" 404 1844
[WARNING] 2025-09-03 14:34:32 "GET /static/js/form-validation.js HTTP/1.1" 404 1877
[INFO] 2025-09-03 14:34:43 "GET / HTTP/1.1" 200 5608
[WARNING] 2025-09-03 14:34:43 "GET /static/css/style.css HTTP/1.1" 404 1853
[WARNING] 2025-09-03 14:34:43 "GET /static/js/main.js HTTP/1.1" 404 1844
[WARNING] 2025-09-03 14:34:43 "GET /static/js/form-validation.js HTTP/1.1" 404 1877
[INFO] 2025-09-03 14:34:43 "GET /about/ HTTP/1.1" 200 3228
[WARNING] 2025-09-03 14:34:43 "GET /static/js/main.js HTTP/1.1" 404 1844
[WARNING] 2025-09-03 14:34:43 "GET /static/css/style.css HTTP/1.1" 404 1853
[WARNING] 2025-09-03 14:34:44 "GET /static/js/form-validation.js HTTP/1.1" 404 1877
[DEBUG] 2025-09-03 14:34:44 Menu filter params: category=None, sauce=None, is_vegan=None, price=None-None
[INFO] 2025-09-03 14:34:44 "GET /menu/ HTTP/1.1" 200 10986
[WARNING] 2025-09-03 14:34:44 "GET /static/css/style.css HTTP/1.1" 404 1853
[WARNING] 2025-09-03 14:34:44 "GET /static/js/main.js HTTP/1.1" 404 1844
[WARNING] 2025-09-03 14:34:44 "GET /static/js/form-validation.js HTTP/1.1" 404 1877
[INFO] 2025-09-03 14:34:49 "GET /pizza/1/ HTTP/1.1" 200 3968
[WARNING] 2025-09-03 14:34:49 "GET /static/css/style.css HTTP/1.1" 404 1853
[WARNING] 2025-09-03 14:34:49 "GET /static/js/main.js HTTP/1.1" 404 1844
[WARNING] 2025-09-03 14:34:49 "GET /static/js/form-validation.js HTTP/1.1" 404 1877
[INFO] 2025-09-03 14:34:54 "GET /pizza/2/ HTTP/1.1" 200 3906
[WARNING] 2025-09-03 14:34:54 "GET /static/css/style.css HTTP/1.1" 404 1853
[WARNING] 2025-09-03 14:34:54 "GET /static/js/main.js HTTP/1.1" 404 1844
[WARNING] 2025-09-03 14:34:54 "GET /static/js/form-validation.js HTTP/1.1" 404 1877
[INFO] 2025-09-03 14:34:58 "GET /pizza/3/ HTTP/1.1" 200 3901
[WARNING] 2025-09-03 14:34:58 "GET /static/js/main.js HTTP/1.1" 404 1844
[WARNING] 2025-09-03 14:34:58 "GET /static/js/form-validation.js HTTP/1.1" 404 1877
[WARNING] 2025-09-03 14:34:58 "GET /static/css/style.css HTTP/1.1" 404 1853
[INFO] 2025-09-03 14:35:02 "GET /reviews/ HTTP/1.1" 200 6610
[WARNING] 2025-09-03 14:35:03 "GET /static/css/style.css HTTP/1.1" 404 1853
[WARNING] 2025-09-03 14:35:03 "GET /static/js/main.js HTTP/1.1" 404 1844
[WARNING] 2025-09-03 14:35:03 "GET /static/js/form-validation.js HTTP/1.1" 404 1877
[INFO] 2025-09-03 14:35:45 "GET /admin/ HTTP/1.1" 200 20999
[INFO] 2025-09-04 20:29:28 Watching for file changes with StatReloader
[INFO] 2025-09-04 20:29:36 "GET / HTTP/1.1" 200 5608
[WARNING] 2025-09-04 20:29:36 "GET /static/css/style.css HTTP/1.1" 404 1853
[WARNING] 2025-09-04 20:29:36 "GET /static/js/main.js HTTP/1.1" 404 1844
[WARNING] 2025-09-04 20:29:36 "GET /static/js/form-validation.js HTTP/1.1" 404 1877
[WARNING] 2025-09-04 20:29:36 Not Found: /favicon.ico
[WARNING] 2025-09-04 20:29:36 "GET /favicon.ico HTTP/1.1" 404 10048
[INFO] 2025-09-04 20:29:42 "GET / HTTP/1.1" 200 5608
[WARNING] 2025-09-04 20:29:42 "GET /static/js/main.js HTTP/1.1" 404 1844
[WARNING] 2025-09-04 20:29:42 "GET /static/css/style.css HTTP/1.1" 404 1853
[WARNING] 2025-09-04 20:29:42 "GET /static/js/form-validation.js HTTP/1.1" 404 1877
[INFO] 2025-09-04 20:34:25 "GET /pizza/1/ HTTP/1.1" 200 3968
[WARNING] 2025-09-04 20:34:26 "GET /static/css/style.css HTTP/1.1" 404 1853
[WARNING] 2025-09-04 20:34:26 "GET /static/js/main.js HTTP/1.1" 404 1844
[WARNING] 2025-09-04 20:34:26 "GET /static/js/form-validation.js HTTP/1.1" 404 1877
[INFO] 2025-09-04 20:34:38 "GET /couriers/ HTTP/1.1" 200 3272
[WARNING] 2025-09-04 20:34:38 "GET /static/css/style.css HTTP/1.1" 404 1853
[WARNING] 2025-09-04 20:34:38 "GET /static/js/main.js HTTP/1.1" 404 1844
[WARNING] 2025-09-04 20:34:38 "GET /static/js/form-validation.js HTTP/1.1" 404 1877
[INFO] 2025-09-04 20:34:41 "GET / HTTP/1.1" 200 5608
[WARNING] 2025-09-04 20:34:41 "GET /static/css/style.css HTTP/1.1" 404 1853
[WARNING] 2025-09-04 20:34:41 "GET /static/js/form-validation.js HTTP/1.1" 404 1877
[WARNING] 2025-09-04 20:34:41 "GET /static/js/main.js HTTP/1.1" 404 1844
[INFO] 2025-09-04 20:34:45 "GET /faq/ HTTP/1.1" 200 2465
[WARNING] 2025-09-04 20:34:45 "GET /static/js/main.js HTTP/1.1" 404 1844
[WARNING] 2025-09-04 20:34:45 "GET /static/css/style.css HTTP/1.1" 404 1853
[WARNING] 2025-09-04 20:34:45 "GET /static/js/form-validation.js HTTP/1.1" 404 1877
[INFO] 2025-09-04 20:34:47 "GET /about/ HTTP/1.1" 200 3228
[WARNING] 2025-09-04 20:34:47 "GET /static/js/form-validation.js HTTP/1.1" 404 1877
[WARNING] 2025-09-04 20:34:47 "GET /static/css/style.css HTTP/1.1" 404 1853
[WARNING] 2025-09-04 20:34:47 "GET /static/js/main.js HTTP/1.1" 404 1844
[INFO] 2025-09-04 20:34:54 "GET /about/ HTTP/1.1" 200 3228
[WARNING] 2025-09-04 20:34:54 "GET /static/css/style.css HTTP/1.1" 404 1853
[WARNING] 2025-09-04 20:34:54 "GET /static/js/main.js HTTP/1.1" 404 1844
[WARNING] 2025-09-04 20:34:54 "GET /static/js/form-validation.js HTTP/1.1" 404 1877
[INFO] 2025-09-04 20:34:54 "GET / HTTP/1.1" 200 5608
[WARNING] 2025-09-04 20:34:54 "GET /static/css/style.css HTTP/1.1" 404 1853
[WARNING] 2025-09-04 20:34:54 "GET /static/js/main.js HTTP/1.1" 404 1844
[WARNING] 2025-09-04 20:34:54 "GET /static/js/form-validation.js HTTP/1.1" 404 1877
[INFO] 2025-09-04 20:35:17 "GET /order/new/ HTTP/1.1" 200 41946
[WARNING] 2025-09-04 20:35:17 "GET /static/css/style.css HTTP/1.1" 404 1853
[WARNING] 2025-09-04 20:35:17 "GET /static/js/main.js HTTP/1.1" 404 1844
[WARNING] 2025-09-04 20:35:17 "GET /static/js/form-validation.js HTTP/1.1" 404 1877
[INFO] 2025-09-04 20:35:33 "GET /faq/ HTTP/1.1" 200 2465
[WARNING] 2025-09-04 20:35:33 "GET /static/css/style.css HTTP/1.1" 404 1853
[WARNING] 2025-09-04 20:35:33 "GET /static/js/main.js HTTP/1.1" 404 1844
[WARNING] 2025-09-04 20:35:33 "GET /static/js/form-validation.js HTTP/1.1" 404 1877
[INFO] 2025-09-04 20:35:34 "GET /news/ HTTP/1.1" 200 3167
[WARNING] 2025-09-04 20:35:34 "GET /static/css/style.css HTTP/1.1" 404 1853
[WARNING] 2025-09-04 20:35:34 "GET /static/js/main.js HTTP/1.1" 404 1844
[WARNING] 2025-09-04 20:35:34 "GET /static/js/form-validation.js HTTP/1.1" 404 1877
[DEBUG] 2025-09-04 20:35:43 Starting statistics calculation
[INFO] 2025-09-04 20:35:44 "GET /pizza/create/ HTTP/1.1" 200 10757
[WARNING] 2025-09-04 20:35:44 "GET /static/css/style.css HTTP/1.1" 404 1853
[WARNING] 2025-09-04 20:35:44 "GET /static/js/main.js HTTP/1.1" 404 1844
[WARNING] 2025-09-04 20:35:44 "GET /static/js/form-validation.js HTTP/1.1" 404 1877
[INFO] 2025-09-04 20:35:45 Statistics viewed by user alexander
[INFO] 2025-09-04 20:35:45 - Broken pipe from ('127.0.0.1', 50094)
[INFO] 2025-09-04 20:35:45 "GET /couriers/ HTTP/1.1" 200 3272
[WARNING] 2025-09-04 20:35:45 "GET /static/css/style.css HTTP/1.1" 404 1853
[WARNING] 2025-09-04 20:35:45 "GET /static/js/main.js HTTP/1.1" 404 1844
[WARNING] 2025-09-04 20:35:45 "GET /static/js/form-validation.js HTTP/1.1" 404 1877
[INFO] 2025-09-04 20:35:46 "GET /my-orders/ HTTP/1.1" 200 7397
[WARNING] 2025-09-04 20:35:46 "GET /static/css/style.css HTTP/1.1" 404 1853
[WARNING] 2025-09-04 20:35:46 "GET /static/js/main.js HTTP/1.1" 404 1844
[WARNING] 2025-09-04 20:35:46 "GET /static/js/form-validation.js HTTP/1.1" 404 1877
[INFO] 2025-09-04 20:35:47 "GET /admin/ HTTP/1.1" 200 20999
[INFO] 2025-09-04 20:35:56 "GET /admin/pizza/pizza/ HTTP/1.1" 200 27496
[INFO] 2025-09-04 20:35:56 "GET /admin/jsi18n/ HTTP/1.1" 200 3342
[INFO] 2025-09-04 20:35:59 "GET /admin/pizza/pizza/1/change/ HTTP/1.1" 200 38714
[INFO] 2025-09-04 20:35:59 "GET /static/admin/css/forms.css HTTP/1.1" 304 0
[INFO] 2025-09-04 20:35:59 "GET /static/admin/js/inlines.js HTTP/1.1" 304 0
[INFO] 2025-09-04 20:35:59 "GET /static/admin/js/SelectBox.js HTTP/1.1" 304 0
[INFO] 2025-09-04 20:35:59 "GET /static/admin/js/SelectFilter2.js HTTP/1.1" 304 0
[INFO] 2025-09-04 20:35:59 "GET /static/admin/js/prepopulate_init.js HTTP/1.1" 304 0
[INFO] 2025-09-04 20:35:59 "GET /admin/jsi18n/ HTTP/1.1" 200 3342
[INFO] 2025-09-04 20:35:59 "GET /static/admin/css/widgets.css HTTP/1.1" 304 0
[INFO] 2025-09-04 20:35:59 "GET /static/admin/js/change_form.js HTTP/1.1" 304 0
[INFO] 2025-09-04 20:35:59 "GET /static/admin/img/icon-deletelink.svg HTTP/1.1" 304 0
[INFO] 2025-09-04 20:35:59 "GET /static/admin/img/inline-delete.svg HTTP/1.1" 304 0
[INFO] 2025-09-04 20:35:59 "GET /static/admin/img/selector-icons.svg HTTP/1.1" 304 0
[INFO] 2025-09-04 20:36:04 "GET /admin/pizza/pizza/ HTTP/1.1" 200 27496
[INFO] 2025-09-04 20:37:50 "GET /admin/pizza/pizza/2/change/ HTTP/1.1" 200 38640
[INFO] 2025-09-04 20:37:50 "GET /admin/jsi18n/ HTTP/1.1" 200 3342
[INFO] 2025-09-04 20:38:08 "GET /admin/pizza/companyinfo/ HTTP/1.1" 200 17131
[INFO] 2025-09-04 20:38:08 "GET /admin/jsi18n/ HTTP/1.1" 200 3342
[INFO] 2025-09-04 20:38:10 "GET /admin/pizza/companyinfo/1/change/ HTTP/1.1" 200 22949
[INFO] 2025-09-04 20:38:10 "GET /admin/jsi18n/ HTTP/1.1" 200 3342
[INFO] 2025-09-04 20:38:37 "POST /admin/pizza/companyinfo/1/change/ HTTP/1.1" 302 0
[INFO] 2025-09-04 20:38:37 "GET /admin/pizza/companyinfo/ HTTP/1.1" 200 17359
[INFO] 2025-09-04 20:38:37 "GET /admin/jsi18n/ HTTP/1.1" 200 3342
[INFO] 2025-09-04 20:38:41 "GET / HTTP/1.1" 200 5608
[WARNING] 2025-09-04 20:38:41 "GET /static/css/style.css HTTP/1.1" 404 1853
[WARNING] 2025-09-04 20:38:41 "GET /static/js/main.js HTTP/1.1" 404 1844
[WARNING] 2025-09-04 20:38:41 "GET /static/js/form-validation.js HTTP/1.1" 404 1877
[INFO] 2025-09-04 20:38:42 "GET /about/ HTTP/1.1" 200 3348
[WARNING] 2025-09-04 20:38:42 "GET /static/css/style.css HTTP/1.1" 404 1853
[WARNING] 2025-09-04 20:38:42 "GET /static/js/main.js HTTP/1.1" 404 1844
[WARNING] 2025-09-04 20:38:42 "GET /static/js/form-validation.js HTTP/1.1" 404 1877
[INFO] 2025-09-04 20:38:42 "GET /media/company/npc_dota_hero_pudge.gif HTTP/1.1" 200 5524167
[INFO] 2025-09-04 20:38:52 "GET / HTTP/1.1" 200 5608
[WARNING] 2025-09-04 20:38:52 "GET /static/css/style.css HTTP/1.1" 404 1853
[WARNING] 2025-09-04 20:38:52 "GET /static/js/main.js HTTP/1.1" 404 1844
[WARNING] 2025-09-04 20:38:52 "GET /static/js/form-validation.js HTTP/1.1" 404 1877
[INFO] 2025-09-04 20:39:27 "GET /pizza/1/ HTTP/1.1" 200 3968
[WARNING] 2025-09-04 20:39:27 "GET /static/js/main.js HTTP/1.1" 404 1844
[WARNING] 2025-09-04 20:39:27 "GET /static/js/form-validation.js HTTP/1.1" 404 1877
[WARNING] 2025-09-04 20:39:27 "GET /static/css/style.css HTTP/1.1" 404 1853
[INFO] 2025-09-04 20:39:29 "GET /pizza/1/edit/ HTTP/1.1" 200 11064
[WARNING] 2025-09-04 20:39:30 "GET /static/css/style.css HTTP/1.1" 404 1853
[WARNING] 2025-09-04 20:39:30 "GET /static/js/main.js HTTP/1.1" 404 1844
[WARNING] 2025-09-04 20:39:30 "GET /static/js/form-validation.js HTTP/1.1" 404 1877
[INFO] 2025-09-04 20:43:09 Watching for file changes with StatReloader
[INFO] 2025-09-04 20:43:13 D:\353504_SVIDINSKY_19\IGI\LR5\pizza\models.py changed, reloading.
[INFO] 2025-09-04 20:43:14 Watching for file changes with StatReloader
[INFO] 2025-09-04 20:43:18 "GET / HTTP/1.1" 200 5608
[WARNING] 2025-09-04 20:43:18 "GET /static/css/style.css HTTP/1.1" 404 1853
[WARNING] 2025-09-04 20:43:18 "GET /static/js/main.js HTTP/1.1" 404 1844
[WARNING] 2025-09-04 20:43:18 "GET /static/js/form-validation.js HTTP/1.1" 404 1877
[INFO] 2025-09-04 20:43:21 "GET /about/ HTTP/1.1" 200 3348
[INFO] 2025-09-04 20:43:21 "GET /media/company/npc_dota_hero_pudge.gif HTTP/1.1" 304 0
[WARNING] 2025-09-04 20:43:21 "GET /static/css/style.css HTTP/1.1" 404 1853
[WARNING] 2025-09-04 20:43:21 "GET /static/js/main.js HTTP/1.1" 404 1844
[WARNING] 2025-09-04 20:43:21 "GET /static/js/form-validation.js HTTP/1.1" 404 1877
[INFO] 2025-09-04 20:43:27 D:\353504_SVIDINSKY_19\IGI\LR5\pizza\urls.py changed, reloading.
[INFO] 2025-09-04 20:43:29 Watching for file changes with StatReloader
[INFO] 2025-09-04 20:43:39 D:\353504_SVIDINSKY_19\IGI\LR5\pizza\views.py changed, reloading.
[INFO] 2025-09-04 20:43:39 Watching for file changes with StatReloader
[DEBUG] 2025-09-04 20:43:40 Menu filter params: category=None, sauce=None, is_vegan=None, price=None-None
[INFO] 2025-09-04 20:43:40 "GET /menu/ HTTP/1.1" 200 10986
[WARNING] 2025-09-04 20:43:40 "GET /static/css/style.css HTTP/1.1" 404 1853
[WARNING] 2025-09-04 20:43:40 "GET /static/js/main.js HTTP/1.1" 404 1844
[WARNING] 2025-09-04 20:43:40 "GET /static/js/form-validation.js HTTP/1.1" 404 1877
[INFO] 2025-09-04 20:44:06 "GET /pizza/2/ HTTP/1.1" 200 3906
[WARNING] 2025-09-04 20:44:06 "GET /static/js/main.js HTTP/1.1" 404 1844
[WARNING] 2025-09-04 20:44:06 "GET /static/css/style.css HTTP/1.1" 404 1853
[WARNING] 2025-09-04 20:44:06 "GET /static/js/form-validation.js HTTP/1.1" 404 1877
[DEBUG] 2025-09-04 20:44:17 Starting statistics calculation
[INFO] 2025-09-04 20:44:18 Statistics viewed by user alexander
[INFO] 2025-09-04 20:44:18 "GET /statistics/ HTTP/1.1" 200 109666
[WARNING] 2025-09-04 20:44:18 "GET /static/css/style.css HTTP/1.1" 404 1853
[WARNING] 2025-09-04 20:44:18 "GET /static/js/main.js HTTP/1.1" 404 1844
[WARNING] 2025-09-04 20:44:18 "GET /static/js/form-validation.js HTTP/1.1" 404 1877
[ERROR] 2025-09-04 20:44:24 Internal Server Error: /
Traceback (most recent call last):
  File "C:\Users\Alexander\AppData\Roaming\Python\Python313\site-packages\django\db\backends\utils.py", line 105, in _execute
    return self.cursor.execute(sql, params)
           ~~~~~~~~~~~~~~~~~~~^^^^^^^^^^^^^
  File "C:\Users\Alexander\AppData\Roaming\Python\Python313\site-packages\django\db\backends\sqlite3\base.py", line 360, in execute
    return super().execute(query, params)
           ~~~~~~~~~~~~~~~^^^^^^^^^^^^^^^
sqlite3.OperationalError: no such table: pizza_banner

The above exception was the direct cause of the following exception:

Traceback (most recent call last):
  File "C:\Users\Alexander\AppData\Roaming\Python\Python313\site-packages\django\core\handlers\exception.py", line 55, in inner
    response = get_response(request)
  File "C:\Users\Alexander\AppData\Roaming\Python\Python313\site-packages\django\core\handlers\base.py", line 220, in _get_response
    response = response.render()
  File "C:\Users\Alexander\AppData\Roaming\Python\Python313\site-packages\django\template\response.py", line 114, in render
    self.content = self.rendered_content
                   ^^^^^^^^^^^^^^^^^^^^^
  File "C:\Users\Alexander\AppData\Roaming\Python\Python313\site-packages\django\template\response.py", line 92, in rendered_content
    return template.render(context, self._request)
           ~~~~~~~~~~~~~~~^^^^^^^^^^^^^^^^^^^^^^^^
  File "C:\Users\Alexander\AppData\Roaming\Python\Python313\site-packages\django\template\backends\django.py", line 107, in render
    return self.template.render(context)
           ~~~~~~~~~~~~~~~~~~~~^^^^^^^^^
  File "C:\Users\Alexander\AppData\Roaming\Python\Python313\site-packages\django\template\base.py", line 171, in render
    return self._render(context)
           ~~~~~~~~~~~~^^^^^^^^^
  File "C:\Users\Alexander\AppData\Roaming\Python\Python313\site-packages\django\template\base.py", line 163, in _render
    return self.nodelist.render(context)
           ~~~~~~~~~~~~~~~~~~~~^^^^^^^^^
  File "C:\Users\Alexander\AppData\Roaming\Python\Python313\site-packages\django\template\base.py", line 1016, in render
    return SafeString("".join([node.render_annotated(context) for node in self]))
                               ~~~~~~~~~~~~~~~~~~~~~^^^^^^^^^
  File "C:\Users\Alexander\AppData\Roaming\Python\Python313\site-packages\django\template\base.py", line 977, in render_annotated
    return self.render(context)
           ~~~~~~~~~~~^^^^^^^^^
  File "C:\Users\Alexander\AppData\Roaming\Python\Python313\site-packages\django\template\loader_tags.py", line 159, in render
    return compiled_parent._render(context)
           ~~~~~~~~~~~~~~~~~~~~~~~^^^^^^^^^
  File "C:\Users\Alexander\AppData\Roaming\Python\Python313\site-packages\django\template\base.py", line 163, in _render
    return self.nodelist.render(context)
           ~~~~~~~~~~~~~~~~~~~~^^^^^^^^^
  File "C:\Users\Alexander\AppData\Roaming\Python\Python313\site-packages\django\template\base.py", line 1016, in render
    return SafeString("".join([node.render_annotated(context) for node in self]))
                               ~~~~~~~~~~~~~~~~~~~~~^^^^^^^^^
  File "C:\Users\Alexander\AppData\Roaming\Python\Python313\site-packages\django\template\base.py", line 977, in render_annotated
    return self.render(context)
           ~~~~~~~~~~~^^^^^^^^^
  File "C:\Users\Alexander\AppData\Roaming\Python\Python313\site-packages\django\template\loader_tags.py", line 65, in render
    result = block.nodelist.render(context)
  File "C:\Users\Alexander\AppData\Roaming\Python\Python313\site-packages\django\template\base.py", line 1016, in render
    return SafeString("".join([node.render_annotated(context) for node in self]))
                               ~~~~~~~~~~~~~~~~~~~~~^^^^^^^^^
  File "C:\Users\Alexander\AppData\Roaming\Python\Python313\site-packages\django\template\base.py", line 977, in render_annotated
    return self.render(context)
           ~~~~~~~~~~~^^^^^^^^^
  File "C:\Users\Alexander\AppData\Roaming\Python\Python313\site-packages\django\template\defaulttags.py", line 199, in render
    len_values = len(values)
  File "C:\Users\Alexander\AppData\Roaming\Python\Python313\site-packages\django\db\models\query.py", line 366, in __len__
    self._fetch_all()
    ~~~~~~~~~~~~~~~^^
  File "C:\Users\Alexander\AppData\Roaming\Python\Python313\site-packages\django\db\models\query.py", line 1945, in _fetch_all
    self._result_cache = list(self._iterable_class(self))
                         ~~~~^^^^^^^^^^^^^^^^^^^^^^^^^^^^
  File "C:\Users\Alexander\AppData\Roaming\Python\Python313\site-packages\django\db\models\query.py", line 91, in __iter__
    results = compiler.execute_sql(
        chunked_fetch=self.chunked_fetch, chunk_size=self.chunk_size
    )
  File "C:\Users\Alexander\AppData\Roaming\Python\Python313\site-packages\django\db\models\sql\compiler.py", line 1623, in execute_sql
    cursor.execute(sql, params)
    ~~~~~~~~~~~~~~^^^^^^^^^^^^^
  File "C:\Users\Alexander\AppData\Roaming\Python\Python313\site-packages\django\db\backends\utils.py", line 122, in execute
    return super().execute(sql, params)
           ~~~~~~~~~~~~~~~^^^^^^^^^^^^^
  File "C:\Users\Alexander\AppData\Roaming\Python\Python313\site-packages\django\db\backends\utils.py", line 79, in execute
    return self._execute_with_wrappers(
           ~~~~~~~~~~~~~~~~~~~~~~~~~~~^
        sql, params, many=False, executor=self._execute
        ^^^^^^^^^^^^^^^^^^^^^^^^^^^^^^^^^^^^^^^^^^^^^^^
    )
    ^
  File "C:\Users\Alexander\AppData\Roaming\Python\Python313\site-packages\django\db\backends\utils.py", line 92, in _execute_with_wrappers
    return executor(sql, params, many, context)
  File "C:\Users\Alexander\AppData\Roaming\Python\Python313\site-packages\django\db\backends\utils.py", line 100, in _execute
    with self.db.wrap_database_errors:
         ^^^^^^^^^^^^^^^^^^^^^^^^^^^^
  File "C:\Users\Alexander\AppData\Roaming\Python\Python313\site-packages\django\db\utils.py", line 91, in __exit__
    raise dj_exc_value.with_traceback(traceback) from exc_value
  File "C:\Users\Alexander\AppData\Roaming\Python\Python313\site-packages\django\db\backends\utils.py", line 105, in _execute
    return self.cursor.execute(sql, params)
           ~~~~~~~~~~~~~~~~~~~^^^^^^^^^^^^^
  File "C:\Users\Alexander\AppData\Roaming\Python\Python313\site-packages\django\db\backends\sqlite3\base.py", line 360, in execute
    return super().execute(query, params)
           ~~~~~~~~~~~~~~~^^^^^^^^^^^^^^^
django.db.utils.OperationalError: no such table: pizza_banner
[ERROR] 2025-09-04 20:44:24 "GET / HTTP/1.1" 500 198661
[INFO] 2025-09-04 20:44:33 D:\353504_SVIDINSKY_19\IGI\LR5\pizza\models.py changed, reloading.
[INFO] 2025-09-04 20:44:35 Watching for file changes with StatReloader
[ERROR] 2025-09-04 20:44:38 Internal Server Error: /
Traceback (most recent call last):
  File "C:\Users\Alexander\AppData\Roaming\Python\Python313\site-packages\django\db\backends\utils.py", line 105, in _execute
    return self.cursor.execute(sql, params)
           ~~~~~~~~~~~~~~~~~~~^^^^^^^^^^^^^
  File "C:\Users\Alexander\AppData\Roaming\Python\Python313\site-packages\django\db\backends\sqlite3\base.py", line 360, in execute
    return super().execute(query, params)
           ~~~~~~~~~~~~~~~^^^^^^^^^^^^^^^
sqlite3.OperationalError: no such table: pizza_banner

The above exception was the direct cause of the following exception:

Traceback (most recent call last):
  File "C:\Users\Alexander\AppData\Roaming\Python\Python313\site-packages\django\core\handlers\exception.py", line 55, in inner
    response = get_response(request)
  File "C:\Users\Alexander\AppData\Roaming\Python\Python313\site-packages\django\core\handlers\base.py", line 220, in _get_response
    response = response.render()
  File "C:\Users\Alexander\AppData\Roaming\Python\Python313\site-packages\django\template\response.py", line 114, in render
    self.content = self.rendered_content
                   ^^^^^^^^^^^^^^^^^^^^^
  File "C:\Users\Alexander\AppData\Roaming\Python\Python313\site-packages\django\template\response.py", line 92, in rendered_content
    return template.render(context, self._request)
           ~~~~~~~~~~~~~~~^^^^^^^^^^^^^^^^^^^^^^^^
  File "C:\Users\Alexander\AppData\Roaming\Python\Python313\site-packages\django\template\backends\django.py", line 107, in render
    return self.template.render(context)
           ~~~~~~~~~~~~~~~~~~~~^^^^^^^^^
  File "C:\Users\Alexander\AppData\Roaming\Python\Python313\site-packages\django\template\base.py", line 171, in render
    return self._render(context)
           ~~~~~~~~~~~~^^^^^^^^^
  File "C:\Users\Alexander\AppData\Roaming\Python\Python313\site-packages\django\template\base.py", line 163, in _render
    return self.nodelist.render(context)
           ~~~~~~~~~~~~~~~~~~~~^^^^^^^^^
  File "C:\Users\Alexander\AppData\Roaming\Python\Python313\site-packages\django\template\base.py", line 1016, in render
    return SafeString("".join([node.render_annotated(context) for node in self]))
                               ~~~~~~~~~~~~~~~~~~~~~^^^^^^^^^
  File "C:\Users\Alexander\AppData\Roaming\Python\Python313\site-packages\django\template\base.py", line 977, in render_annotated
    return self.render(context)
           ~~~~~~~~~~~^^^^^^^^^
  File "C:\Users\Alexander\AppData\Roaming\Python\Python313\site-packages\django\template\loader_tags.py", line 159, in render
    return compiled_parent._render(context)
           ~~~~~~~~~~~~~~~~~~~~~~~^^^^^^^^^
  File "C:\Users\Alexander\AppData\Roaming\Python\Python313\site-packages\django\template\base.py", line 163, in _render
    return self.nodelist.render(context)
           ~~~~~~~~~~~~~~~~~~~~^^^^^^^^^
  File "C:\Users\Alexander\AppData\Roaming\Python\Python313\site-packages\django\template\base.py", line 1016, in render
    return SafeString("".join([node.render_annotated(context) for node in self]))
                               ~~~~~~~~~~~~~~~~~~~~~^^^^^^^^^
  File "C:\Users\Alexander\AppData\Roaming\Python\Python313\site-packages\django\template\base.py", line 977, in render_annotated
    return self.render(context)
           ~~~~~~~~~~~^^^^^^^^^
  File "C:\Users\Alexander\AppData\Roaming\Python\Python313\site-packages\django\template\loader_tags.py", line 65, in render
    result = block.nodelist.render(context)
  File "C:\Users\Alexander\AppData\Roaming\Python\Python313\site-packages\django\template\base.py", line 1016, in render
    return SafeString("".join([node.render_annotated(context) for node in self]))
                               ~~~~~~~~~~~~~~~~~~~~~^^^^^^^^^
  File "C:\Users\Alexander\AppData\Roaming\Python\Python313\site-packages\django\template\base.py", line 977, in render_annotated
    return self.render(context)
           ~~~~~~~~~~~^^^^^^^^^
  File "C:\Users\Alexander\AppData\Roaming\Python\Python313\site-packages\django\template\defaulttags.py", line 199, in render
    len_values = len(values)
  File "C:\Users\Alexander\AppData\Roaming\Python\Python313\site-packages\django\db\models\query.py", line 366, in __len__
    self._fetch_all()
    ~~~~~~~~~~~~~~~^^
  File "C:\Users\Alexander\AppData\Roaming\Python\Python313\site-packages\django\db\models\query.py", line 1945, in _fetch_all
    self._result_cache = list(self._iterable_class(self))
                         ~~~~^^^^^^^^^^^^^^^^^^^^^^^^^^^^
  File "C:\Users\Alexander\AppData\Roaming\Python\Python313\site-packages\django\db\models\query.py", line 91, in __iter__
    results = compiler.execute_sql(
        chunked_fetch=self.chunked_fetch, chunk_size=self.chunk_size
    )
  File "C:\Users\Alexander\AppData\Roaming\Python\Python313\site-packages\django\db\models\sql\compiler.py", line 1623, in execute_sql
    cursor.execute(sql, params)
    ~~~~~~~~~~~~~~^^^^^^^^^^^^^
  File "C:\Users\Alexander\AppData\Roaming\Python\Python313\site-packages\django\db\backends\utils.py", line 122, in execute
    return super().execute(sql, params)
           ~~~~~~~~~~~~~~~^^^^^^^^^^^^^
  File "C:\Users\Alexander\AppData\Roaming\Python\Python313\site-packages\django\db\backends\utils.py", line 79, in execute
    return self._execute_with_wrappers(
           ~~~~~~~~~~~~~~~~~~~~~~~~~~~^
        sql, params, many=False, executor=self._execute
        ^^^^^^^^^^^^^^^^^^^^^^^^^^^^^^^^^^^^^^^^^^^^^^^
    )
    ^
  File "C:\Users\Alexander\AppData\Roaming\Python\Python313\site-packages\django\db\backends\utils.py", line 92, in _execute_with_wrappers
    return executor(sql, params, many, context)
  File "C:\Users\Alexander\AppData\Roaming\Python\Python313\site-packages\django\db\backends\utils.py", line 100, in _execute
    with self.db.wrap_database_errors:
         ^^^^^^^^^^^^^^^^^^^^^^^^^^^^
  File "C:\Users\Alexander\AppData\Roaming\Python\Python313\site-packages\django\db\utils.py", line 91, in __exit__
    raise dj_exc_value.with_traceback(traceback) from exc_value
  File "C:\Users\Alexander\AppData\Roaming\Python\Python313\site-packages\django\db\backends\utils.py", line 105, in _execute
    return self.cursor.execute(sql, params)
           ~~~~~~~~~~~~~~~~~~~^^^^^^^^^^^^^
  File "C:\Users\Alexander\AppData\Roaming\Python\Python313\site-packages\django\db\backends\sqlite3\base.py", line 360, in execute
    return super().execute(query, params)
           ~~~~~~~~~~~~~~~^^^^^^^^^^^^^^^
django.db.utils.OperationalError: no such table: pizza_banner
[ERROR] 2025-09-04 20:44:38 "GET / HTTP/1.1" 500 198798
[ERROR] 2025-09-04 20:44:39 Internal Server Error: /
Traceback (most recent call last):
  File "C:\Users\Alexander\AppData\Roaming\Python\Python313\site-packages\django\db\backends\utils.py", line 105, in _execute
    return self.cursor.execute(sql, params)
           ~~~~~~~~~~~~~~~~~~~^^^^^^^^^^^^^
  File "C:\Users\Alexander\AppData\Roaming\Python\Python313\site-packages\django\db\backends\sqlite3\base.py", line 360, in execute
    return super().execute(query, params)
           ~~~~~~~~~~~~~~~^^^^^^^^^^^^^^^
sqlite3.OperationalError: no such table: pizza_banner

The above exception was the direct cause of the following exception:

Traceback (most recent call last):
  File "C:\Users\Alexander\AppData\Roaming\Python\Python313\site-packages\django\core\handlers\exception.py", line 55, in inner
    response = get_response(request)
  File "C:\Users\Alexander\AppData\Roaming\Python\Python313\site-packages\django\core\handlers\base.py", line 220, in _get_response
    response = response.render()
  File "C:\Users\Alexander\AppData\Roaming\Python\Python313\site-packages\django\template\response.py", line 114, in render
    self.content = self.rendered_content
                   ^^^^^^^^^^^^^^^^^^^^^
  File "C:\Users\Alexander\AppData\Roaming\Python\Python313\site-packages\django\template\response.py", line 92, in rendered_content
    return template.render(context, self._request)
           ~~~~~~~~~~~~~~~^^^^^^^^^^^^^^^^^^^^^^^^
  File "C:\Users\Alexander\AppData\Roaming\Python\Python313\site-packages\django\template\backends\django.py", line 107, in render
    return self.template.render(context)
           ~~~~~~~~~~~~~~~~~~~~^^^^^^^^^
  File "C:\Users\Alexander\AppData\Roaming\Python\Python313\site-packages\django\template\base.py", line 171, in render
    return self._render(context)
           ~~~~~~~~~~~~^^^^^^^^^
  File "C:\Users\Alexander\AppData\Roaming\Python\Python313\site-packages\django\template\base.py", line 163, in _render
    return self.nodelist.render(context)
           ~~~~~~~~~~~~~~~~~~~~^^^^^^^^^
  File "C:\Users\Alexander\AppData\Roaming\Python\Python313\site-packages\django\template\base.py", line 1016, in render
    return SafeString("".join([node.render_annotated(context) for node in self]))
                               ~~~~~~~~~~~~~~~~~~~~~^^^^^^^^^
  File "C:\Users\Alexander\AppData\Roaming\Python\Python313\site-packages\django\template\base.py", line 977, in render_annotated
    return self.render(context)
           ~~~~~~~~~~~^^^^^^^^^
  File "C:\Users\Alexander\AppData\Roaming\Python\Python313\site-packages\django\template\loader_tags.py", line 159, in render
    return compiled_parent._render(context)
           ~~~~~~~~~~~~~~~~~~~~~~~^^^^^^^^^
  File "C:\Users\Alexander\AppData\Roaming\Python\Python313\site-packages\django\template\base.py", line 163, in _render
    return self.nodelist.render(context)
           ~~~~~~~~~~~~~~~~~~~~^^^^^^^^^
  File "C:\Users\Alexander\AppData\Roaming\Python\Python313\site-packages\django\template\base.py", line 1016, in render
    return SafeString("".join([node.render_annotated(context) for node in self]))
                               ~~~~~~~~~~~~~~~~~~~~~^^^^^^^^^
  File "C:\Users\Alexander\AppData\Roaming\Python\Python313\site-packages\django\template\base.py", line 977, in render_annotated
    return self.render(context)
           ~~~~~~~~~~~^^^^^^^^^
  File "C:\Users\Alexander\AppData\Roaming\Python\Python313\site-packages\django\template\loader_tags.py", line 65, in render
    result = block.nodelist.render(context)
  File "C:\Users\Alexander\AppData\Roaming\Python\Python313\site-packages\django\template\base.py", line 1016, in render
    return SafeString("".join([node.render_annotated(context) for node in self]))
                               ~~~~~~~~~~~~~~~~~~~~~^^^^^^^^^
  File "C:\Users\Alexander\AppData\Roaming\Python\Python313\site-packages\django\template\base.py", line 977, in render_annotated
    return self.render(context)
           ~~~~~~~~~~~^^^^^^^^^
  File "C:\Users\Alexander\AppData\Roaming\Python\Python313\site-packages\django\template\defaulttags.py", line 199, in render
    len_values = len(values)
  File "C:\Users\Alexander\AppData\Roaming\Python\Python313\site-packages\django\db\models\query.py", line 366, in __len__
    self._fetch_all()
    ~~~~~~~~~~~~~~~^^
  File "C:\Users\Alexander\AppData\Roaming\Python\Python313\site-packages\django\db\models\query.py", line 1945, in _fetch_all
    self._result_cache = list(self._iterable_class(self))
                         ~~~~^^^^^^^^^^^^^^^^^^^^^^^^^^^^
  File "C:\Users\Alexander\AppData\Roaming\Python\Python313\site-packages\django\db\models\query.py", line 91, in __iter__
    results = compiler.execute_sql(
        chunked_fetch=self.chunked_fetch, chunk_size=self.chunk_size
    )
  File "C:\Users\Alexander\AppData\Roaming\Python\Python313\site-packages\django\db\models\sql\compiler.py", line 1623, in execute_sql
    cursor.execute(sql, params)
    ~~~~~~~~~~~~~~^^^^^^^^^^^^^
  File "C:\Users\Alexander\AppData\Roaming\Python\Python313\site-packages\django\db\backends\utils.py", line 122, in execute
    return super().execute(sql, params)
           ~~~~~~~~~~~~~~~^^^^^^^^^^^^^
  File "C:\Users\Alexander\AppData\Roaming\Python\Python313\site-packages\django\db\backends\utils.py", line 79, in execute
    return self._execute_with_wrappers(
           ~~~~~~~~~~~~~~~~~~~~~~~~~~~^
        sql, params, many=False, executor=self._execute
        ^^^^^^^^^^^^^^^^^^^^^^^^^^^^^^^^^^^^^^^^^^^^^^^
    )
    ^
  File "C:\Users\Alexander\AppData\Roaming\Python\Python313\site-packages\django\db\backends\utils.py", line 92, in _execute_with_wrappers
    return executor(sql, params, many, context)
  File "C:\Users\Alexander\AppData\Roaming\Python\Python313\site-packages\django\db\backends\utils.py", line 100, in _execute
    with self.db.wrap_database_errors:
         ^^^^^^^^^^^^^^^^^^^^^^^^^^^^
  File "C:\Users\Alexander\AppData\Roaming\Python\Python313\site-packages\django\db\utils.py", line 91, in __exit__
    raise dj_exc_value.with_traceback(traceback) from exc_value
  File "C:\Users\Alexander\AppData\Roaming\Python\Python313\site-packages\django\db\backends\utils.py", line 105, in _execute
    return self.cursor.execute(sql, params)
           ~~~~~~~~~~~~~~~~~~~^^^^^^^^^^^^^
  File "C:\Users\Alexander\AppData\Roaming\Python\Python313\site-packages\django\db\backends\sqlite3\base.py", line 360, in execute
    return super().execute(query, params)
           ~~~~~~~~~~~~~~~^^^^^^^^^^^^^^^
django.db.utils.OperationalError: no such table: pizza_banner
[ERROR] 2025-09-04 20:44:39 "GET / HTTP/1.1" 500 198798
[ERROR] 2025-09-04 20:44:42 Internal Server Error: /
Traceback (most recent call last):
  File "C:\Users\Alexander\AppData\Roaming\Python\Python313\site-packages\django\db\backends\utils.py", line 105, in _execute
    return self.cursor.execute(sql, params)
           ~~~~~~~~~~~~~~~~~~~^^^^^^^^^^^^^
  File "C:\Users\Alexander\AppData\Roaming\Python\Python313\site-packages\django\db\backends\sqlite3\base.py", line 360, in execute
    return super().execute(query, params)
           ~~~~~~~~~~~~~~~^^^^^^^^^^^^^^^
sqlite3.OperationalError: no such table: pizza_banner

The above exception was the direct cause of the following exception:

Traceback (most recent call last):
  File "C:\Users\Alexander\AppData\Roaming\Python\Python313\site-packages\django\core\handlers\exception.py", line 55, in inner
    response = get_response(request)
  File "C:\Users\Alexander\AppData\Roaming\Python\Python313\site-packages\django\core\handlers\base.py", line 220, in _get_response
    response = response.render()
  File "C:\Users\Alexander\AppData\Roaming\Python\Python313\site-packages\django\template\response.py", line 114, in render
    self.content = self.rendered_content
                   ^^^^^^^^^^^^^^^^^^^^^
  File "C:\Users\Alexander\AppData\Roaming\Python\Python313\site-packages\django\template\response.py", line 92, in rendered_content
    return template.render(context, self._request)
           ~~~~~~~~~~~~~~~^^^^^^^^^^^^^^^^^^^^^^^^
  File "C:\Users\Alexander\AppData\Roaming\Python\Python313\site-packages\django\template\backends\django.py", line 107, in render
    return self.template.render(context)
           ~~~~~~~~~~~~~~~~~~~~^^^^^^^^^
  File "C:\Users\Alexander\AppData\Roaming\Python\Python313\site-packages\django\template\base.py", line 171, in render
    return self._render(context)
           ~~~~~~~~~~~~^^^^^^^^^
  File "C:\Users\Alexander\AppData\Roaming\Python\Python313\site-packages\django\template\base.py", line 163, in _render
    return self.nodelist.render(context)
           ~~~~~~~~~~~~~~~~~~~~^^^^^^^^^
  File "C:\Users\Alexander\AppData\Roaming\Python\Python313\site-packages\django\template\base.py", line 1016, in render
    return SafeString("".join([node.render_annotated(context) for node in self]))
                               ~~~~~~~~~~~~~~~~~~~~~^^^^^^^^^
  File "C:\Users\Alexander\AppData\Roaming\Python\Python313\site-packages\django\template\base.py", line 977, in render_annotated
    return self.render(context)
           ~~~~~~~~~~~^^^^^^^^^
  File "C:\Users\Alexander\AppData\Roaming\Python\Python313\site-packages\django\template\loader_tags.py", line 159, in render
    return compiled_parent._render(context)
           ~~~~~~~~~~~~~~~~~~~~~~~^^^^^^^^^
  File "C:\Users\Alexander\AppData\Roaming\Python\Python313\site-packages\django\template\base.py", line 163, in _render
    return self.nodelist.render(context)
           ~~~~~~~~~~~~~~~~~~~~^^^^^^^^^
  File "C:\Users\Alexander\AppData\Roaming\Python\Python313\site-packages\django\template\base.py", line 1016, in render
    return SafeString("".join([node.render_annotated(context) for node in self]))
                               ~~~~~~~~~~~~~~~~~~~~~^^^^^^^^^
  File "C:\Users\Alexander\AppData\Roaming\Python\Python313\site-packages\django\template\base.py", line 977, in render_annotated
    return self.render(context)
           ~~~~~~~~~~~^^^^^^^^^
  File "C:\Users\Alexander\AppData\Roaming\Python\Python313\site-packages\django\template\loader_tags.py", line 65, in render
    result = block.nodelist.render(context)
  File "C:\Users\Alexander\AppData\Roaming\Python\Python313\site-packages\django\template\base.py", line 1016, in render
    return SafeString("".join([node.render_annotated(context) for node in self]))
                               ~~~~~~~~~~~~~~~~~~~~~^^^^^^^^^
  File "C:\Users\Alexander\AppData\Roaming\Python\Python313\site-packages\django\template\base.py", line 977, in render_annotated
    return self.render(context)
           ~~~~~~~~~~~^^^^^^^^^
  File "C:\Users\Alexander\AppData\Roaming\Python\Python313\site-packages\django\template\defaulttags.py", line 199, in render
    len_values = len(values)
  File "C:\Users\Alexander\AppData\Roaming\Python\Python313\site-packages\django\db\models\query.py", line 366, in __len__
    self._fetch_all()
    ~~~~~~~~~~~~~~~^^
  File "C:\Users\Alexander\AppData\Roaming\Python\Python313\site-packages\django\db\models\query.py", line 1945, in _fetch_all
    self._result_cache = list(self._iterable_class(self))
                         ~~~~^^^^^^^^^^^^^^^^^^^^^^^^^^^^
  File "C:\Users\Alexander\AppData\Roaming\Python\Python313\site-packages\django\db\models\query.py", line 91, in __iter__
    results = compiler.execute_sql(
        chunked_fetch=self.chunked_fetch, chunk_size=self.chunk_size
    )
  File "C:\Users\Alexander\AppData\Roaming\Python\Python313\site-packages\django\db\models\sql\compiler.py", line 1623, in execute_sql
    cursor.execute(sql, params)
    ~~~~~~~~~~~~~~^^^^^^^^^^^^^
  File "C:\Users\Alexander\AppData\Roaming\Python\Python313\site-packages\django\db\backends\utils.py", line 122, in execute
    return super().execute(sql, params)
           ~~~~~~~~~~~~~~~^^^^^^^^^^^^^
  File "C:\Users\Alexander\AppData\Roaming\Python\Python313\site-packages\django\db\backends\utils.py", line 79, in execute
    return self._execute_with_wrappers(
           ~~~~~~~~~~~~~~~~~~~~~~~~~~~^
        sql, params, many=False, executor=self._execute
        ^^^^^^^^^^^^^^^^^^^^^^^^^^^^^^^^^^^^^^^^^^^^^^^
    )
    ^
  File "C:\Users\Alexander\AppData\Roaming\Python\Python313\site-packages\django\db\backends\utils.py", line 92, in _execute_with_wrappers
    return executor(sql, params, many, context)
  File "C:\Users\Alexander\AppData\Roaming\Python\Python313\site-packages\django\db\backends\utils.py", line 100, in _execute
    with self.db.wrap_database_errors:
         ^^^^^^^^^^^^^^^^^^^^^^^^^^^^
  File "C:\Users\Alexander\AppData\Roaming\Python\Python313\site-packages\django\db\utils.py", line 91, in __exit__
    raise dj_exc_value.with_traceback(traceback) from exc_value
  File "C:\Users\Alexander\AppData\Roaming\Python\Python313\site-packages\django\db\backends\utils.py", line 105, in _execute
    return self.cursor.execute(sql, params)
           ~~~~~~~~~~~~~~~~~~~^^^^^^^^^^^^^
  File "C:\Users\Alexander\AppData\Roaming\Python\Python313\site-packages\django\db\backends\sqlite3\base.py", line 360, in execute
    return super().execute(query, params)
           ~~~~~~~~~~~~~~~^^^^^^^^^^^^^^^
django.db.utils.OperationalError: no such table: pizza_banner
[ERROR] 2025-09-04 20:44:42 "GET // HTTP/1.1" 500 198499
[ERROR] 2025-09-04 20:44:44 Internal Server Error: /
Traceback (most recent call last):
  File "C:\Users\Alexander\AppData\Roaming\Python\Python313\site-packages\django\db\backends\utils.py", line 105, in _execute
    return self.cursor.execute(sql, params)
           ~~~~~~~~~~~~~~~~~~~^^^^^^^^^^^^^
  File "C:\Users\Alexander\AppData\Roaming\Python\Python313\site-packages\django\db\backends\sqlite3\base.py", line 360, in execute
    return super().execute(query, params)
           ~~~~~~~~~~~~~~~^^^^^^^^^^^^^^^
sqlite3.OperationalError: no such table: pizza_banner

The above exception was the direct cause of the following exception:

Traceback (most recent call last):
  File "C:\Users\Alexander\AppData\Roaming\Python\Python313\site-packages\django\core\handlers\exception.py", line 55, in inner
    response = get_response(request)
  File "C:\Users\Alexander\AppData\Roaming\Python\Python313\site-packages\django\core\handlers\base.py", line 220, in _get_response
    response = response.render()
  File "C:\Users\Alexander\AppData\Roaming\Python\Python313\site-packages\django\template\response.py", line 114, in render
    self.content = self.rendered_content
                   ^^^^^^^^^^^^^^^^^^^^^
  File "C:\Users\Alexander\AppData\Roaming\Python\Python313\site-packages\django\template\response.py", line 92, in rendered_content
    return template.render(context, self._request)
           ~~~~~~~~~~~~~~~^^^^^^^^^^^^^^^^^^^^^^^^
  File "C:\Users\Alexander\AppData\Roaming\Python\Python313\site-packages\django\template\backends\django.py", line 107, in render
    return self.template.render(context)
           ~~~~~~~~~~~~~~~~~~~~^^^^^^^^^
  File "C:\Users\Alexander\AppData\Roaming\Python\Python313\site-packages\django\template\base.py", line 171, in render
    return self._render(context)
           ~~~~~~~~~~~~^^^^^^^^^
  File "C:\Users\Alexander\AppData\Roaming\Python\Python313\site-packages\django\template\base.py", line 163, in _render
    return self.nodelist.render(context)
           ~~~~~~~~~~~~~~~~~~~~^^^^^^^^^
  File "C:\Users\Alexander\AppData\Roaming\Python\Python313\site-packages\django\template\base.py", line 1016, in render
    return SafeString("".join([node.render_annotated(context) for node in self]))
                               ~~~~~~~~~~~~~~~~~~~~~^^^^^^^^^
  File "C:\Users\Alexander\AppData\Roaming\Python\Python313\site-packages\django\template\base.py", line 977, in render_annotated
    return self.render(context)
           ~~~~~~~~~~~^^^^^^^^^
  File "C:\Users\Alexander\AppData\Roaming\Python\Python313\site-packages\django\template\loader_tags.py", line 159, in render
    return compiled_parent._render(context)
           ~~~~~~~~~~~~~~~~~~~~~~~^^^^^^^^^
  File "C:\Users\Alexander\AppData\Roaming\Python\Python313\site-packages\django\template\base.py", line 163, in _render
    return self.nodelist.render(context)
           ~~~~~~~~~~~~~~~~~~~~^^^^^^^^^
  File "C:\Users\Alexander\AppData\Roaming\Python\Python313\site-packages\django\template\base.py", line 1016, in render
    return SafeString("".join([node.render_annotated(context) for node in self]))
                               ~~~~~~~~~~~~~~~~~~~~~^^^^^^^^^
  File "C:\Users\Alexander\AppData\Roaming\Python\Python313\site-packages\django\template\base.py", line 977, in render_annotated
    return self.render(context)
           ~~~~~~~~~~~^^^^^^^^^
  File "C:\Users\Alexander\AppData\Roaming\Python\Python313\site-packages\django\template\loader_tags.py", line 65, in render
    result = block.nodelist.render(context)
  File "C:\Users\Alexander\AppData\Roaming\Python\Python313\site-packages\django\template\base.py", line 1016, in render
    return SafeString("".join([node.render_annotated(context) for node in self]))
                               ~~~~~~~~~~~~~~~~~~~~~^^^^^^^^^
  File "C:\Users\Alexander\AppData\Roaming\Python\Python313\site-packages\django\template\base.py", line 977, in render_annotated
    return self.render(context)
           ~~~~~~~~~~~^^^^^^^^^
  File "C:\Users\Alexander\AppData\Roaming\Python\Python313\site-packages\django\template\defaulttags.py", line 199, in render
    len_values = len(values)
  File "C:\Users\Alexander\AppData\Roaming\Python\Python313\site-packages\django\db\models\query.py", line 366, in __len__
    self._fetch_all()
    ~~~~~~~~~~~~~~~^^
  File "C:\Users\Alexander\AppData\Roaming\Python\Python313\site-packages\django\db\models\query.py", line 1945, in _fetch_all
    self._result_cache = list(self._iterable_class(self))
                         ~~~~^^^^^^^^^^^^^^^^^^^^^^^^^^^^
  File "C:\Users\Alexander\AppData\Roaming\Python\Python313\site-packages\django\db\models\query.py", line 91, in __iter__
    results = compiler.execute_sql(
        chunked_fetch=self.chunked_fetch, chunk_size=self.chunk_size
    )
  File "C:\Users\Alexander\AppData\Roaming\Python\Python313\site-packages\django\db\models\sql\compiler.py", line 1623, in execute_sql
    cursor.execute(sql, params)
    ~~~~~~~~~~~~~~^^^^^^^^^^^^^
  File "C:\Users\Alexander\AppData\Roaming\Python\Python313\site-packages\django\db\backends\utils.py", line 122, in execute
    return super().execute(sql, params)
           ~~~~~~~~~~~~~~~^^^^^^^^^^^^^
  File "C:\Users\Alexander\AppData\Roaming\Python\Python313\site-packages\django\db\backends\utils.py", line 79, in execute
    return self._execute_with_wrappers(
           ~~~~~~~~~~~~~~~~~~~~~~~~~~~^
        sql, params, many=False, executor=self._execute
        ^^^^^^^^^^^^^^^^^^^^^^^^^^^^^^^^^^^^^^^^^^^^^^^
    )
    ^
  File "C:\Users\Alexander\AppData\Roaming\Python\Python313\site-packages\django\db\backends\utils.py", line 92, in _execute_with_wrappers
    return executor(sql, params, many, context)
  File "C:\Users\Alexander\AppData\Roaming\Python\Python313\site-packages\django\db\backends\utils.py", line 100, in _execute
    with self.db.wrap_database_errors:
         ^^^^^^^^^^^^^^^^^^^^^^^^^^^^
  File "C:\Users\Alexander\AppData\Roaming\Python\Python313\site-packages\django\db\utils.py", line 91, in __exit__
    raise dj_exc_value.with_traceback(traceback) from exc_value
  File "C:\Users\Alexander\AppData\Roaming\Python\Python313\site-packages\django\db\backends\utils.py", line 105, in _execute
    return self.cursor.execute(sql, params)
           ~~~~~~~~~~~~~~~~~~~^^^^^^^^^^^^^
  File "C:\Users\Alexander\AppData\Roaming\Python\Python313\site-packages\django\db\backends\sqlite3\base.py", line 360, in execute
    return super().execute(query, params)
           ~~~~~~~~~~~~~~~^^^^^^^^^^^^^^^
django.db.utils.OperationalError: no such table: pizza_banner
[ERROR] 2025-09-04 20:44:44 "GET / HTTP/1.1" 500 198773
[ERROR] 2025-09-04 20:44:44 Internal Server Error: /
Traceback (most recent call last):
  File "C:\Users\Alexander\AppData\Roaming\Python\Python313\site-packages\django\db\backends\utils.py", line 105, in _execute
    return self.cursor.execute(sql, params)
           ~~~~~~~~~~~~~~~~~~~^^^^^^^^^^^^^
  File "C:\Users\Alexander\AppData\Roaming\Python\Python313\site-packages\django\db\backends\sqlite3\base.py", line 360, in execute
    return super().execute(query, params)
           ~~~~~~~~~~~~~~~^^^^^^^^^^^^^^^
sqlite3.OperationalError: no such table: pizza_banner

The above exception was the direct cause of the following exception:

Traceback (most recent call last):
  File "C:\Users\Alexander\AppData\Roaming\Python\Python313\site-packages\django\core\handlers\exception.py", line 55, in inner
    response = get_response(request)
  File "C:\Users\Alexander\AppData\Roaming\Python\Python313\site-packages\django\core\handlers\base.py", line 220, in _get_response
    response = response.render()
  File "C:\Users\Alexander\AppData\Roaming\Python\Python313\site-packages\django\template\response.py", line 114, in render
    self.content = self.rendered_content
                   ^^^^^^^^^^^^^^^^^^^^^
  File "C:\Users\Alexander\AppData\Roaming\Python\Python313\site-packages\django\template\response.py", line 92, in rendered_content
    return template.render(context, self._request)
           ~~~~~~~~~~~~~~~^^^^^^^^^^^^^^^^^^^^^^^^
  File "C:\Users\Alexander\AppData\Roaming\Python\Python313\site-packages\django\template\backends\django.py", line 107, in render
    return self.template.render(context)
           ~~~~~~~~~~~~~~~~~~~~^^^^^^^^^
  File "C:\Users\Alexander\AppData\Roaming\Python\Python313\site-packages\django\template\base.py", line 171, in render
    return self._render(context)
           ~~~~~~~~~~~~^^^^^^^^^
  File "C:\Users\Alexander\AppData\Roaming\Python\Python313\site-packages\django\template\base.py", line 163, in _render
    return self.nodelist.render(context)
           ~~~~~~~~~~~~~~~~~~~~^^^^^^^^^
  File "C:\Users\Alexander\AppData\Roaming\Python\Python313\site-packages\django\template\base.py", line 1016, in render
    return SafeString("".join([node.render_annotated(context) for node in self]))
                               ~~~~~~~~~~~~~~~~~~~~~^^^^^^^^^
  File "C:\Users\Alexander\AppData\Roaming\Python\Python313\site-packages\django\template\base.py", line 977, in render_annotated
    return self.render(context)
           ~~~~~~~~~~~^^^^^^^^^
  File "C:\Users\Alexander\AppData\Roaming\Python\Python313\site-packages\django\template\loader_tags.py", line 159, in render
    return compiled_parent._render(context)
           ~~~~~~~~~~~~~~~~~~~~~~~^^^^^^^^^
  File "C:\Users\Alexander\AppData\Roaming\Python\Python313\site-packages\django\template\base.py", line 163, in _render
    return self.nodelist.render(context)
           ~~~~~~~~~~~~~~~~~~~~^^^^^^^^^
  File "C:\Users\Alexander\AppData\Roaming\Python\Python313\site-packages\django\template\base.py", line 1016, in render
    return SafeString("".join([node.render_annotated(context) for node in self]))
                               ~~~~~~~~~~~~~~~~~~~~~^^^^^^^^^
  File "C:\Users\Alexander\AppData\Roaming\Python\Python313\site-packages\django\template\base.py", line 977, in render_annotated
    return self.render(context)
           ~~~~~~~~~~~^^^^^^^^^
  File "C:\Users\Alexander\AppData\Roaming\Python\Python313\site-packages\django\template\loader_tags.py", line 65, in render
    result = block.nodelist.render(context)
  File "C:\Users\Alexander\AppData\Roaming\Python\Python313\site-packages\django\template\base.py", line 1016, in render
    return SafeString("".join([node.render_annotated(context) for node in self]))
                               ~~~~~~~~~~~~~~~~~~~~~^^^^^^^^^
  File "C:\Users\Alexander\AppData\Roaming\Python\Python313\site-packages\django\template\base.py", line 977, in render_annotated
    return self.render(context)
           ~~~~~~~~~~~^^^^^^^^^
  File "C:\Users\Alexander\AppData\Roaming\Python\Python313\site-packages\django\template\defaulttags.py", line 199, in render
    len_values = len(values)
  File "C:\Users\Alexander\AppData\Roaming\Python\Python313\site-packages\django\db\models\query.py", line 366, in __len__
    self._fetch_all()
    ~~~~~~~~~~~~~~~^^
  File "C:\Users\Alexander\AppData\Roaming\Python\Python313\site-packages\django\db\models\query.py", line 1945, in _fetch_all
    self._result_cache = list(self._iterable_class(self))
                         ~~~~^^^^^^^^^^^^^^^^^^^^^^^^^^^^
  File "C:\Users\Alexander\AppData\Roaming\Python\Python313\site-packages\django\db\models\query.py", line 91, in __iter__
    results = compiler.execute_sql(
        chunked_fetch=self.chunked_fetch, chunk_size=self.chunk_size
    )
  File "C:\Users\Alexander\AppData\Roaming\Python\Python313\site-packages\django\db\models\sql\compiler.py", line 1623, in execute_sql
    cursor.execute(sql, params)
    ~~~~~~~~~~~~~~^^^^^^^^^^^^^
  File "C:\Users\Alexander\AppData\Roaming\Python\Python313\site-packages\django\db\backends\utils.py", line 122, in execute
    return super().execute(sql, params)
           ~~~~~~~~~~~~~~~^^^^^^^^^^^^^
  File "C:\Users\Alexander\AppData\Roaming\Python\Python313\site-packages\django\db\backends\utils.py", line 79, in execute
    return self._execute_with_wrappers(
           ~~~~~~~~~~~~~~~~~~~~~~~~~~~^
        sql, params, many=False, executor=self._execute
        ^^^^^^^^^^^^^^^^^^^^^^^^^^^^^^^^^^^^^^^^^^^^^^^
    )
    ^
  File "C:\Users\Alexander\AppData\Roaming\Python\Python313\site-packages\django\db\backends\utils.py", line 92, in _execute_with_wrappers
    return executor(sql, params, many, context)
  File "C:\Users\Alexander\AppData\Roaming\Python\Python313\site-packages\django\db\backends\utils.py", line 100, in _execute
    with self.db.wrap_database_errors:
         ^^^^^^^^^^^^^^^^^^^^^^^^^^^^
  File "C:\Users\Alexander\AppData\Roaming\Python\Python313\site-packages\django\db\utils.py", line 91, in __exit__
    raise dj_exc_value.with_traceback(traceback) from exc_value
  File "C:\Users\Alexander\AppData\Roaming\Python\Python313\site-packages\django\db\backends\utils.py", line 105, in _execute
    return self.cursor.execute(sql, params)
           ~~~~~~~~~~~~~~~~~~~^^^^^^^^^^^^^
  File "C:\Users\Alexander\AppData\Roaming\Python\Python313\site-packages\django\db\backends\sqlite3\base.py", line 360, in execute
    return super().execute(query, params)
           ~~~~~~~~~~~~~~~^^^^^^^^^^^^^^^
django.db.utils.OperationalError: no such table: pizza_banner
[ERROR] 2025-09-04 20:44:44 "GET / HTTP/1.1" 500 198499
[INFO] 2025-09-04 20:46:30 Watching for file changes with StatReloader
[INFO] 2025-09-04 20:46:43 "GET / HTTP/1.1" 200 7879
[WARNING] 2025-09-04 20:46:43 "GET /static/css/style.css HTTP/1.1" 404 1853
[INFO] 2025-09-04 20:46:43 "GET /media/company/npc_dota_hero_pudge.gif HTTP/1.1" 304 0
[WARNING] 2025-09-04 20:46:43 "GET /static/js/main.js HTTP/1.1" 404 1844
[WARNING] 2025-09-04 20:46:43 "GET /static/js/form-validation.js HTTP/1.1" 404 1877
[INFO] 2025-09-04 20:46:47 "GET / HTTP/1.1" 200 7879
[WARNING] 2025-09-04 20:46:47 "GET /static/css/style.css HTTP/1.1" 404 1853
[WARNING] 2025-09-04 20:46:47 "GET /static/js/main.js HTTP/1.1" 404 1844
[WARNING] 2025-09-04 20:46:47 "GET /static/js/form-validation.js HTTP/1.1" 404 1877
[DEBUG] 2025-09-04 20:47:13 Menu filter params: category=None, sauce=None, is_vegan=None, price=None-None
[INFO] 2025-09-04 20:47:13 "GET /menu/ HTTP/1.1" 200 10986
[WARNING] 2025-09-04 20:47:13 "GET /static/css/style.css HTTP/1.1" 404 1853
[WARNING] 2025-09-04 20:47:13 "GET /static/js/main.js HTTP/1.1" 404 1844
[WARNING] 2025-09-04 20:47:13 "GET /static/js/form-validation.js HTTP/1.1" 404 1877
[INFO] 2025-09-04 20:47:16 "GET / HTTP/1.1" 200 7879
[WARNING] 2025-09-04 20:47:16 "GET /static/js/main.js HTTP/1.1" 404 1844
[WARNING] 2025-09-04 20:47:16 "GET /static/css/style.css HTTP/1.1" 404 1853
[WARNING] 2025-09-04 20:47:16 "GET /static/js/form-validation.js HTTP/1.1" 404 1877
[INFO] 2025-09-04 20:47:29 "GET / HTTP/1.1" 200 7879
[WARNING] 2025-09-04 20:47:29 "GET /static/js/main.js HTTP/1.1" 404 1844
[WARNING] 2025-09-04 20:47:29 "GET /static/css/style.css HTTP/1.1" 404 1853
[WARNING] 2025-09-04 20:47:29 "GET /static/js/form-validation.js HTTP/1.1" 404 1877
[INFO] 2025-09-04 20:47:29 "GET /about/ HTTP/1.1" 200 3348
[WARNING] 2025-09-04 20:47:29 "GET /static/css/style.css HTTP/1.1" 404 1853
[WARNING] 2025-09-04 20:47:29 "GET /static/js/main.js HTTP/1.1" 404 1844
[WARNING] 2025-09-04 20:47:29 "GET /static/js/form-validation.js HTTP/1.1" 404 1877
[INFO] 2025-09-04 20:48:04 "GET / HTTP/1.1" 200 7879
[INFO] 2025-09-04 20:48:04 "GET /media/company/npc_dota_hero_pudge.gif HTTP/1.1" 304 0
[WARNING] 2025-09-04 20:48:04 "GET /static/css/style.css HTTP/1.1" 404 1853
[WARNING] 2025-09-04 20:48:04 "GET /static/js/main.js HTTP/1.1" 404 1844
[WARNING] 2025-09-04 20:48:04 "GET /static/js/form-validation.js HTTP/1.1" 404 1877
[INFO] 2025-09-04 20:48:04 "GET /about/ HTTP/1.1" 200 3348
[WARNING] 2025-09-04 20:48:04 "GET /static/css/style.css HTTP/1.1" 404 1853
[WARNING] 2025-09-04 20:48:04 "GET /static/js/form-validation.js HTTP/1.1" 404 1877
[WARNING] 2025-09-04 20:48:04 "GET /static/js/main.js HTTP/1.1" 404 1844
[INFO] 2025-09-04 20:48:07 "GET / HTTP/1.1" 200 7879
[WARNING] 2025-09-04 20:48:07 "GET /static/css/style.css HTTP/1.1" 404 1853
[WARNING] 2025-09-04 20:48:07 "GET /static/js/main.js HTTP/1.1" 404 1844
[WARNING] 2025-09-04 20:48:07 "GET /static/js/form-validation.js HTTP/1.1" 404 1877
[INFO] 2025-09-04 20:48:15 "GET /about/ HTTP/1.1" 200 3348
[WARNING] 2025-09-04 20:48:15 "GET /static/js/main.js HTTP/1.1" 404 1844
[WARNING] 2025-09-04 20:48:15 "GET /static/css/style.css HTTP/1.1" 404 1853
[WARNING] 2025-09-04 20:48:15 "GET /static/js/form-validation.js HTTP/1.1" 404 1877
[DEBUG] 2025-09-04 20:48:18 Menu filter params: category=None, sauce=None, is_vegan=None, price=None-None
[INFO] 2025-09-04 20:48:18 "GET /menu/ HTTP/1.1" 200 10986
[WARNING] 2025-09-04 20:48:18 "GET /static/css/style.css HTTP/1.1" 404 1853
[WARNING] 2025-09-04 20:48:18 "GET /static/js/main.js HTTP/1.1" 404 1844
[WARNING] 2025-09-04 20:48:18 "GET /static/js/form-validation.js HTTP/1.1" 404 1877
[INFO] 2025-09-04 20:48:22 "GET /news/ HTTP/1.1" 200 3167
[WARNING] 2025-09-04 20:48:22 "GET /static/css/style.css HTTP/1.1" 404 1853
[WARNING] 2025-09-04 20:48:22 "GET /static/js/main.js HTTP/1.1" 404 1844
[WARNING] 2025-09-04 20:48:22 "GET /static/js/form-validation.js HTTP/1.1" 404 1877
[INFO] 2025-09-04 20:48:25 "GET /faq/ HTTP/1.1" 200 2465
[WARNING] 2025-09-04 20:48:25 "GET /static/css/style.css HTTP/1.1" 404 1853
[WARNING] 2025-09-04 20:48:25 "GET /static/js/main.js HTTP/1.1" 404 1844
[WARNING] 2025-09-04 20:48:25 "GET /static/js/form-validation.js HTTP/1.1" 404 1877
[INFO] 2025-09-04 20:48:26 "GET /contacts/ HTTP/1.1" 200 2457
[WARNING] 2025-09-04 20:48:26 "GET /static/css/style.css HTTP/1.1" 404 1853
[WARNING] 2025-09-04 20:48:26 "GET /static/js/main.js HTTP/1.1" 404 1844
[WARNING] 2025-09-04 20:48:26 "GET /static/js/form-validation.js HTTP/1.1" 404 1877
[INFO] 2025-09-04 20:48:29 "GET /jobs/ HTTP/1.1" 200 3027
[WARNING] 2025-09-04 20:48:29 "GET /static/css/style.css HTTP/1.1" 404 1853
[WARNING] 2025-09-04 20:48:29 "GET /static/js/main.js HTTP/1.1" 404 1844
[WARNING] 2025-09-04 20:48:29 "GET /static/js/form-validation.js HTTP/1.1" 404 1877
[INFO] 2025-09-04 20:48:31 "GET /contacts/ HTTP/1.1" 200 2457
[WARNING] 2025-09-04 20:48:31 "GET /static/css/style.css HTTP/1.1" 404 1853
[WARNING] 2025-09-04 20:48:31 "GET /static/js/main.js HTTP/1.1" 404 1844
[WARNING] 2025-09-04 20:48:31 "GET /static/js/form-validation.js HTTP/1.1" 404 1877
[INFO] 2025-09-04 20:48:32 "GET /jobs/ HTTP/1.1" 200 3027
[WARNING] 2025-09-04 20:48:32 "GET /static/css/style.css HTTP/1.1" 404 1853
[WARNING] 2025-09-04 20:48:32 "GET /static/js/main.js HTTP/1.1" 404 1844
[WARNING] 2025-09-04 20:48:32 "GET /static/js/form-validation.js HTTP/1.1" 404 1877
[INFO] 2025-09-04 20:48:36 "GET /reviews/ HTTP/1.1" 200 6610
[WARNING] 2025-09-04 20:48:36 "GET /static/css/style.css HTTP/1.1" 404 1853
[WARNING] 2025-09-04 20:48:36 "GET /static/js/form-validation.js HTTP/1.1" 404 1877
[WARNING] 2025-09-04 20:48:36 "GET /static/js/main.js HTTP/1.1" 404 1844
[INFO] 2025-09-04 20:48:58 "GET /promotions/ HTTP/1.1" 200 6280
[WARNING] 2025-09-04 20:48:59 "GET /static/css/style.css HTTP/1.1" 404 1853
[WARNING] 2025-09-04 20:48:59 "GET /static/js/main.js HTTP/1.1" 404 1844
[WARNING] 2025-09-04 20:48:59 "GET /static/js/form-validation.js HTTP/1.1" 404 1877
[INFO] 2025-09-04 20:48:59 "GET /reviews/ HTTP/1.1" 200 6610
[WARNING] 2025-09-04 20:48:59 "GET /static/js/main.js HTTP/1.1" 404 1844
[WARNING] 2025-09-04 20:49:00 "GET /static/css/style.css HTTP/1.1" 404 1853
[WARNING] 2025-09-04 20:49:00 "GET /static/js/form-validation.js HTTP/1.1" 404 1877
[INFO] 2025-09-04 20:49:03 "GET /reviews/ HTTP/1.1" 200 6610
[WARNING] 2025-09-04 20:49:03 "GET /static/css/style.css HTTP/1.1" 404 1853
[WARNING] 2025-09-04 20:49:03 "GET /static/js/main.js HTTP/1.1" 404 1844
[WARNING] 2025-09-04 20:49:03 "GET /static/js/form-validation.js HTTP/1.1" 404 1877
[INFO] 2025-09-04 20:49:03 "GET /jobs/ HTTP/1.1" 200 3027
[WARNING] 2025-09-04 20:49:03 "GET /static/css/style.css HTTP/1.1" 404 1853
[WARNING] 2025-09-04 20:49:03 "GET /static/js/form-validation.js HTTP/1.1" 404 1877
[WARNING] 2025-09-04 20:49:03 "GET /static/js/main.js HTTP/1.1" 404 1844
[INFO] 2025-09-04 20:49:04 "GET /orders/ HTTP/1.1" 200 20381
[WARNING] 2025-09-04 20:49:04 "GET /static/css/style.css HTTP/1.1" 404 1853
[WARNING] 2025-09-04 20:49:04 "GET /static/js/main.js HTTP/1.1" 404 1844
[WARNING] 2025-09-04 20:49:04 "GET /static/js/form-validation.js HTTP/1.1" 404 1877
[INFO] 2025-09-04 20:49:04 "GET /promotions/ HTTP/1.1" 200 6280
[WARNING] 2025-09-04 20:49:04 "GET /static/css/style.css HTTP/1.1" 404 1853
[WARNING] 2025-09-04 20:49:04 "GET /static/js/main.js HTTP/1.1" 404 1844
[WARNING] 2025-09-04 20:49:04 "GET /static/js/form-validation.js HTTP/1.1" 404 1877
[INFO] 2025-09-04 20:49:12 "GET /pizza/create/ HTTP/1.1" 200 10757
[WARNING] 2025-09-04 20:49:12 "GET /static/css/style.css HTTP/1.1" 404 1853
[WARNING] 2025-09-04 20:49:12 "GET /static/js/main.js HTTP/1.1" 404 1844
[WARNING] 2025-09-04 20:49:12 "GET /static/js/form-validation.js HTTP/1.1" 404 1877
[DEBUG] 2025-09-04 20:49:14 Starting statistics calculation
[INFO] 2025-09-04 20:49:15 Statistics viewed by user alexander
[INFO] 2025-09-04 20:49:15 "GET /statistics/ HTTP/1.1" 200 109666
[WARNING] 2025-09-04 20:49:15 "GET /static/css/style.css HTTP/1.1" 404 1853
[WARNING] 2025-09-04 20:49:15 "GET /static/js/main.js HTTP/1.1" 404 1844
[WARNING] 2025-09-04 20:49:15 "GET /static/js/form-validation.js HTTP/1.1" 404 1877
[DEBUG] 2025-09-04 20:49:35 Starting statistics calculation
[INFO] 2025-09-04 20:49:36 Statistics viewed by user alexander
[INFO] 2025-09-04 20:49:36 - Broken pipe from ('127.0.0.1', 53374)
[INFO] 2025-09-04 20:49:36 "GET /pizza/create/ HTTP/1.1" 200 10757
[WARNING] 2025-09-04 20:49:36 "GET /static/js/main.js HTTP/1.1" 404 1844
[WARNING] 2025-09-04 20:49:36 "GET /static/js/form-validation.js HTTP/1.1" 404 1877
[WARNING] 2025-09-04 20:49:36 "GET /static/css/style.css HTTP/1.1" 404 1853
[INFO] 2025-09-04 20:49:37 "GET /orders/ HTTP/1.1" 200 20381
[WARNING] 2025-09-04 20:49:38 "GET /static/css/style.css HTTP/1.1" 404 1853
[WARNING] 2025-09-04 20:49:38 "GET /static/js/main.js HTTP/1.1" 404 1844
[WARNING] 2025-09-04 20:49:38 "GET /static/js/form-validation.js HTTP/1.1" 404 1877
[INFO] 2025-09-04 20:49:43 "GET /orders/ HTTP/1.1" 200 20381
[WARNING] 2025-09-04 20:49:43 "GET /static/js/main.js HTTP/1.1" 404 1844
[WARNING] 2025-09-04 20:49:43 "GET /static/css/style.css HTTP/1.1" 404 1853
[WARNING] 2025-09-04 20:49:43 "GET /static/js/form-validation.js HTTP/1.1" 404 1877
[DEBUG] 2025-09-04 20:49:44 Starting statistics calculation
[INFO] 2025-09-04 20:49:45 Statistics viewed by user alexander
[INFO] 2025-09-04 20:49:45 "GET /statistics/ HTTP/1.1" 200 109666
[WARNING] 2025-09-04 20:49:45 "GET /static/css/style.css HTTP/1.1" 404 1853
[WARNING] 2025-09-04 20:49:45 "GET /static/js/form-validation.js HTTP/1.1" 404 1877
[WARNING] 2025-09-04 20:49:45 "GET /static/js/main.js HTTP/1.1" 404 1844
[INFO] 2025-09-04 20:49:47 "GET /pizza/create/ HTTP/1.1" 200 10757
[WARNING] 2025-09-04 20:49:47 "GET /static/css/style.css HTTP/1.1" 404 1853
[WARNING] 2025-09-04 20:49:47 "GET /static/js/main.js HTTP/1.1" 404 1844
[WARNING] 2025-09-04 20:49:47 "GET /static/js/form-validation.js HTTP/1.1" 404 1877
[DEBUG] 2025-09-04 20:49:55 Menu filter params: category=None, sauce=None, is_vegan=None, price=None-None
[INFO] 2025-09-04 20:49:55 "GET /menu/ HTTP/1.1" 200 10986
[WARNING] 2025-09-04 20:49:55 "GET /static/js/main.js HTTP/1.1" 404 1844
[WARNING] 2025-09-04 20:49:55 "GET /static/css/style.css HTTP/1.1" 404 1853
[WARNING] 2025-09-04 20:49:55 "GET /static/js/form-validation.js HTTP/1.1" 404 1877
[INFO] 2025-09-04 20:49:57 "GET /pizza/1/ HTTP/1.1" 200 3968
[WARNING] 2025-09-04 20:49:57 "GET /static/css/style.css HTTP/1.1" 404 1853
[WARNING] 2025-09-04 20:49:57 "GET /static/js/main.js HTTP/1.1" 404 1844
[WARNING] 2025-09-04 20:49:57 "GET /static/js/form-validation.js HTTP/1.1" 404 1877
[INFO] 2025-09-04 20:50:00 "GET /pizza/1/edit/ HTTP/1.1" 200 11064
[WARNING] 2025-09-04 20:50:00 "GET /static/css/style.css HTTP/1.1" 404 1853
[WARNING] 2025-09-04 20:50:00 "GET /static/js/main.js HTTP/1.1" 404 1844
[WARNING] 2025-09-04 20:50:00 "GET /static/js/form-validation.js HTTP/1.1" 404 1877
[INFO] 2025-09-04 20:50:04 "GET /pizza/create/ HTTP/1.1" 200 10757
[WARNING] 2025-09-04 20:50:04 "GET /static/css/style.css HTTP/1.1" 404 1853
[WARNING] 2025-09-04 20:50:04 "GET /static/js/main.js HTTP/1.1" 404 1844
[WARNING] 2025-09-04 20:50:04 "GET /static/js/form-validation.js HTTP/1.1" 404 1877
[INFO] 2025-09-04 20:50:07 "GET /couriers/ HTTP/1.1" 200 3272
[WARNING] 2025-09-04 20:50:07 "GET /static/css/style.css HTTP/1.1" 404 1853
[WARNING] 2025-09-04 20:50:07 "GET /static/js/main.js HTTP/1.1" 404 1844
[WARNING] 2025-09-04 20:50:07 "GET /static/js/form-validation.js HTTP/1.1" 404 1877
[INFO] 2025-09-04 20:50:11 "GET /my-orders/ HTTP/1.1" 200 7397
[WARNING] 2025-09-04 20:50:11 "GET /static/css/style.css HTTP/1.1" 404 1853
[WARNING] 2025-09-04 20:50:11 "GET /static/js/main.js HTTP/1.1" 404 1844
[WARNING] 2025-09-04 20:50:11 "GET /static/js/form-validation.js HTTP/1.1" 404 1877
[INFO] 2025-09-04 20:50:12 "GET /order/new/ HTTP/1.1" 200 41946
[WARNING] 2025-09-04 20:50:12 "GET /static/js/main.js HTTP/1.1" 404 1844
[WARNING] 2025-09-04 20:50:12 "GET /static/css/style.css HTTP/1.1" 404 1853
[WARNING] 2025-09-04 20:50:12 "GET /static/js/form-validation.js HTTP/1.1" 404 1877
[INFO] 2025-09-04 20:50:13 "GET /reviews/new/ HTTP/1.1" 200 4570
[WARNING] 2025-09-04 20:50:13 "GET /static/js/main.js HTTP/1.1" 404 1844
[WARNING] 2025-09-04 20:50:13 "GET /static/css/style.css HTTP/1.1" 404 1853
[WARNING] 2025-09-04 20:50:13 "GET /static/js/form-validation.js HTTP/1.1" 404 1877
[INFO] 2025-09-04 20:50:23 "GET / HTTP/1.1" 200 7879
[WARNING] 2025-09-04 20:50:23 "GET /static/js/main.js HTTP/1.1" 404 1844
[INFO] 2025-09-04 20:50:23 "GET /media/company/npc_dota_hero_pudge.gif HTTP/1.1" 304 0
[WARNING] 2025-09-04 20:50:23 "GET /static/css/style.css HTTP/1.1" 404 1853
[WARNING] 2025-09-04 20:50:23 "GET /static/js/form-validation.js HTTP/1.1" 404 1877
[INFO] 2025-09-04 20:50:45 "GET /order/new/ HTTP/1.1" 200 41946
[WARNING] 2025-09-04 20:50:45 "GET /static/css/style.css HTTP/1.1" 404 1853
[WARNING] 2025-09-04 20:50:45 "GET /static/js/main.js HTTP/1.1" 404 1844
[WARNING] 2025-09-04 20:50:45 "GET /static/js/form-validation.js HTTP/1.1" 404 1877
[DEBUG] 2025-09-04 20:51:27 Starting order creation process for user alexander
[INFO] 2025-09-04 20:51:27 Order created: 11 by user alexander
[INFO] 2025-09-04 20:51:27 Order 11 completed with total price: 2000.00
[INFO] 2025-09-04 20:51:27 "POST /order/new/ HTTP/1.1" 302 0
[INFO] 2025-09-04 20:51:27 "GET /order/complete/ HTTP/1.1" 200 2795
[WARNING] 2025-09-04 20:51:27 "GET /static/css/style.css HTTP/1.1" 404 1853
[WARNING] 2025-09-04 20:51:27 "GET /static/js/main.js HTTP/1.1" 404 1844
[WARNING] 2025-09-04 20:51:27 "GET /static/js/form-validation.js HTTP/1.1" 404 1877
[DEBUG] 2025-09-04 20:51:49 Menu filter params: category=None, sauce=None, is_vegan=None, price=None-None
[INFO] 2025-09-04 20:51:49 "GET /menu/ HTTP/1.1" 200 10986
[WARNING] 2025-09-04 20:51:49 "GET /static/css/style.css HTTP/1.1" 404 1853
[WARNING] 2025-09-04 20:51:49 "GET /static/js/main.js HTTP/1.1" 404 1844
[WARNING] 2025-09-04 20:51:49 "GET /static/js/form-validation.js HTTP/1.1" 404 1877
[INFO] 2025-09-04 20:51:54 "GET /my-orders/ HTTP/1.1" 200 7886
[WARNING] 2025-09-04 20:51:54 "GET /static/js/main.js HTTP/1.1" 404 1844
[WARNING] 2025-09-04 20:51:54 "GET /static/js/form-validation.js HTTP/1.1" 404 1877
[WARNING] 2025-09-04 20:51:54 "GET /static/css/style.css HTTP/1.1" 404 1853
[INFO] 2025-09-04 20:53:20 "GET /reviews/new/ HTTP/1.1" 200 4570
[WARNING] 2025-09-04 20:53:20 "GET /static/js/form-validation.js HTTP/1.1" 404 1877
[WARNING] 2025-09-04 20:53:20 "GET /static/css/style.css HTTP/1.1" 404 1853
[WARNING] 2025-09-04 20:53:20 "GET /static/js/main.js HTTP/1.1" 404 1844
[INFO] 2025-09-04 20:53:21 "GET /order/new/ HTTP/1.1" 200 41946
[WARNING] 2025-09-04 20:53:21 "GET /static/js/main.js HTTP/1.1" 404 1844
[WARNING] 2025-09-04 20:53:21 "GET /static/css/style.css HTTP/1.1" 404 1853
[WARNING] 2025-09-04 20:53:21 "GET /static/js/form-validation.js HTTP/1.1" 404 1877
[DEBUG] 2025-09-04 20:53:33 Starting order creation process for user alexander
[INFO] 2025-09-04 20:53:33 Order created: 12 by user alexander
[INFO] 2025-09-04 20:53:33 Order 12 completed with total price: 500.00
[INFO] 2025-09-04 20:53:33 "POST /order/new/ HTTP/1.1" 302 0
[INFO] 2025-09-04 20:53:33 "GET /order/complete/ HTTP/1.1" 200 2795
[WARNING] 2025-09-04 20:53:33 "GET /static/js/form-validation.js HTTP/1.1" 404 1877
[WARNING] 2025-09-04 20:53:33 "GET /static/js/main.js HTTP/1.1" 404 1844
[WARNING] 2025-09-04 20:53:33 "GET /static/css/style.css HTTP/1.1" 404 1853
[INFO] 2025-09-04 20:54:24 "GET /admin/ HTTP/1.1" 200 21034
[INFO] 2025-09-04 20:54:28 "GET /admin/pizza/pizza/ HTTP/1.1" 200 27496
[INFO] 2025-09-04 20:54:28 "GET /admin/jsi18n/ HTTP/1.1" 200 3342
[INFO] 2025-09-04 20:54:31 "GET /admin/pizza/pizza/2/change/ HTTP/1.1" 200 38640
[INFO] 2025-09-04 20:54:31 "GET /admin/jsi18n/ HTTP/1.1" 200 3342
[INFO] 2025-09-04 20:55:55 D:\353504_SVIDINSKY_19\IGI\LR5\pizza\models.py changed, reloading.
[INFO] 2025-09-04 20:55:57 Watching for file changes with StatReloader
[INFO] 2025-09-04 20:56:11 D:\353504_SVIDINSKY_19\IGI\LR5\pizza\urls.py changed, reloading.
[INFO] 2025-09-04 20:56:11 Watching for file changes with StatReloader
[INFO] 2025-09-04 20:56:18 D:\353504_SVIDINSKY_19\IGI\LR5\pizza\views.py changed, reloading.
[INFO] 2025-09-04 20:56:19 Watching for file changes with StatReloader
[INFO] 2025-09-04 20:58:15 D:\353504_SVIDINSKY_19\IGI\LR5\pizza\models.py changed, reloading.
[INFO] 2025-09-04 20:58:16 Watching for file changes with StatReloader
[ERROR] 2025-09-04 20:58:29 Internal Server Error: /admin/pizza/pizza/2/change/
Traceback (most recent call last):
  File "C:\Users\Alexander\AppData\Roaming\Python\Python313\site-packages\django\db\backends\utils.py", line 105, in _execute
    return self.cursor.execute(sql, params)
           ~~~~~~~~~~~~~~~~~~~^^^^^^^^^^^^^
  File "C:\Users\Alexander\AppData\Roaming\Python\Python313\site-packages\django\db\backends\sqlite3\base.py", line 360, in execute
    return super().execute(query, params)
           ~~~~~~~~~~~~~~~^^^^^^^^^^^^^^^
sqlite3.OperationalError: no such column: pizza_pizza.image

The above exception was the direct cause of the following exception:

Traceback (most recent call last):
  File "C:\Users\Alexander\AppData\Roaming\Python\Python313\site-packages\django\core\handlers\exception.py", line 55, in inner
    response = get_response(request)
  File "C:\Users\Alexander\AppData\Roaming\Python\Python313\site-packages\django\core\handlers\base.py", line 197, in _get_response
    response = wrapped_callback(request, *callback_args, **callback_kwargs)
  File "C:\Users\Alexander\AppData\Roaming\Python\Python313\site-packages\django\contrib\admin\options.py", line 719, in wrapper
    return self.admin_site.admin_view(view)(*args, **kwargs)
           ~~~~~~~~~~~~~~~~~~~~~~~~~~~~~~~~^^^^^^^^^^^^^^^^^
  File "C:\Users\Alexander\AppData\Roaming\Python\Python313\site-packages\django\utils\decorators.py", line 192, in _view_wrapper
    result = _process_exception(request, e)
  File "C:\Users\Alexander\AppData\Roaming\Python\Python313\site-packages\django\utils\decorators.py", line 190, in _view_wrapper
    response = view_func(request, *args, **kwargs)
  File "C:\Users\Alexander\AppData\Roaming\Python\Python313\site-packages\django\views\decorators\cache.py", line 80, in _view_wrapper
    response = view_func(request, *args, **kwargs)
  File "C:\Users\Alexander\AppData\Roaming\Python\Python313\site-packages\django\contrib\admin\sites.py", line 246, in inner
    return view(request, *args, **kwargs)
  File "C:\Users\Alexander\AppData\Roaming\Python\Python313\site-packages\django\contrib\admin\options.py", line 1987, in change_view
    return self.changeform_view(request, object_id, form_url, extra_context)
           ~~~~~~~~~~~~~~~~~~~~^^^^^^^^^^^^^^^^^^^^^^^^^^^^^^^^^^^^^^^^^^^^^
  File "C:\Users\Alexander\AppData\Roaming\Python\Python313\site-packages\django\utils\decorators.py", line 48, in _wrapper
    return bound_method(*args, **kwargs)
  File "C:\Users\Alexander\AppData\Roaming\Python\Python313\site-packages\django\utils\decorators.py", line 192, in _view_wrapper
    result = _process_exception(request, e)
  File "C:\Users\Alexander\AppData\Roaming\Python\Python313\site-packages\django\utils\decorators.py", line 190, in _view_wrapper
    response = view_func(request, *args, **kwargs)
  File "C:\Users\Alexander\AppData\Roaming\Python\Python313\site-packages\django\contrib\admin\options.py", line 1840, in changeform_view
    return self._changeform_view(request, object_id, form_url, extra_context)
           ~~~~~~~~~~~~~~~~~~~~~^^^^^^^^^^^^^^^^^^^^^^^^^^^^^^^^^^^^^^^^^^^^^
  File "C:\Users\Alexander\AppData\Roaming\Python\Python313\site-packages\django\contrib\admin\options.py", line 1863, in _changeform_view
    obj = self.get_object(request, unquote(object_id), to_field)
  File "C:\Users\Alexander\AppData\Roaming\Python\Python313\site-packages\django\contrib\admin\options.py", line 897, in get_object
    return queryset.get(**{field.name: object_id})
           ~~~~~~~~~~~~^^^^^^^^^^^^^^^^^^^^^^^^^^^
  File "C:\Users\Alexander\AppData\Roaming\Python\Python313\site-packages\django\db\models\query.py", line 629, in get
    num = len(clone)
  File "C:\Users\Alexander\AppData\Roaming\Python\Python313\site-packages\django\db\models\query.py", line 366, in __len__
    self._fetch_all()
    ~~~~~~~~~~~~~~~^^
  File "C:\Users\Alexander\AppData\Roaming\Python\Python313\site-packages\django\db\models\query.py", line 1945, in _fetch_all
    self._result_cache = list(self._iterable_class(self))
                         ~~~~^^^^^^^^^^^^^^^^^^^^^^^^^^^^
  File "C:\Users\Alexander\AppData\Roaming\Python\Python313\site-packages\django\db\models\query.py", line 91, in __iter__
    results = compiler.execute_sql(
        chunked_fetch=self.chunked_fetch, chunk_size=self.chunk_size
    )
  File "C:\Users\Alexander\AppData\Roaming\Python\Python313\site-packages\django\db\models\sql\compiler.py", line 1623, in execute_sql
    cursor.execute(sql, params)
    ~~~~~~~~~~~~~~^^^^^^^^^^^^^
  File "C:\Users\Alexander\AppData\Roaming\Python\Python313\site-packages\django\db\backends\utils.py", line 122, in execute
    return super().execute(sql, params)
           ~~~~~~~~~~~~~~~^^^^^^^^^^^^^
  File "C:\Users\Alexander\AppData\Roaming\Python\Python313\site-packages\django\db\backends\utils.py", line 79, in execute
    return self._execute_with_wrappers(
           ~~~~~~~~~~~~~~~~~~~~~~~~~~~^
        sql, params, many=False, executor=self._execute
        ^^^^^^^^^^^^^^^^^^^^^^^^^^^^^^^^^^^^^^^^^^^^^^^
    )
    ^
  File "C:\Users\Alexander\AppData\Roaming\Python\Python313\site-packages\django\db\backends\utils.py", line 92, in _execute_with_wrappers
    return executor(sql, params, many, context)
  File "C:\Users\Alexander\AppData\Roaming\Python\Python313\site-packages\django\db\backends\utils.py", line 100, in _execute
    with self.db.wrap_database_errors:
         ^^^^^^^^^^^^^^^^^^^^^^^^^^^^
  File "C:\Users\Alexander\AppData\Roaming\Python\Python313\site-packages\django\db\utils.py", line 91, in __exit__
    raise dj_exc_value.with_traceback(traceback) from exc_value
  File "C:\Users\Alexander\AppData\Roaming\Python\Python313\site-packages\django\db\backends\utils.py", line 105, in _execute
    return self.cursor.execute(sql, params)
           ~~~~~~~~~~~~~~~~~~~^^^^^^^^^^^^^
  File "C:\Users\Alexander\AppData\Roaming\Python\Python313\site-packages\django\db\backends\sqlite3\base.py", line 360, in execute
    return super().execute(query, params)
           ~~~~~~~~~~~~~~~^^^^^^^^^^^^^^^
django.db.utils.OperationalError: no such column: pizza_pizza.image
[ERROR] 2025-09-04 20:58:29 "GET /admin/pizza/pizza/2/change/ HTTP/1.1" 500 193802
[ERROR] 2025-09-04 20:58:30 Internal Server Error: /admin/pizza/pizza/2/change/
Traceback (most recent call last):
  File "C:\Users\Alexander\AppData\Roaming\Python\Python313\site-packages\django\db\backends\utils.py", line 105, in _execute
    return self.cursor.execute(sql, params)
           ~~~~~~~~~~~~~~~~~~~^^^^^^^^^^^^^
  File "C:\Users\Alexander\AppData\Roaming\Python\Python313\site-packages\django\db\backends\sqlite3\base.py", line 360, in execute
    return super().execute(query, params)
           ~~~~~~~~~~~~~~~^^^^^^^^^^^^^^^
sqlite3.OperationalError: no such column: pizza_pizza.image

The above exception was the direct cause of the following exception:

Traceback (most recent call last):
  File "C:\Users\Alexander\AppData\Roaming\Python\Python313\site-packages\django\core\handlers\exception.py", line 55, in inner
    response = get_response(request)
  File "C:\Users\Alexander\AppData\Roaming\Python\Python313\site-packages\django\core\handlers\base.py", line 197, in _get_response
    response = wrapped_callback(request, *callback_args, **callback_kwargs)
  File "C:\Users\Alexander\AppData\Roaming\Python\Python313\site-packages\django\contrib\admin\options.py", line 719, in wrapper
    return self.admin_site.admin_view(view)(*args, **kwargs)
           ~~~~~~~~~~~~~~~~~~~~~~~~~~~~~~~~^^^^^^^^^^^^^^^^^
  File "C:\Users\Alexander\AppData\Roaming\Python\Python313\site-packages\django\utils\decorators.py", line 192, in _view_wrapper
    result = _process_exception(request, e)
  File "C:\Users\Alexander\AppData\Roaming\Python\Python313\site-packages\django\utils\decorators.py", line 190, in _view_wrapper
    response = view_func(request, *args, **kwargs)
  File "C:\Users\Alexander\AppData\Roaming\Python\Python313\site-packages\django\views\decorators\cache.py", line 80, in _view_wrapper
    response = view_func(request, *args, **kwargs)
  File "C:\Users\Alexander\AppData\Roaming\Python\Python313\site-packages\django\contrib\admin\sites.py", line 246, in inner
    return view(request, *args, **kwargs)
  File "C:\Users\Alexander\AppData\Roaming\Python\Python313\site-packages\django\contrib\admin\options.py", line 1987, in change_view
    return self.changeform_view(request, object_id, form_url, extra_context)
           ~~~~~~~~~~~~~~~~~~~~^^^^^^^^^^^^^^^^^^^^^^^^^^^^^^^^^^^^^^^^^^^^^
  File "C:\Users\Alexander\AppData\Roaming\Python\Python313\site-packages\django\utils\decorators.py", line 48, in _wrapper
    return bound_method(*args, **kwargs)
  File "C:\Users\Alexander\AppData\Roaming\Python\Python313\site-packages\django\utils\decorators.py", line 192, in _view_wrapper
    result = _process_exception(request, e)
  File "C:\Users\Alexander\AppData\Roaming\Python\Python313\site-packages\django\utils\decorators.py", line 190, in _view_wrapper
    response = view_func(request, *args, **kwargs)
  File "C:\Users\Alexander\AppData\Roaming\Python\Python313\site-packages\django\contrib\admin\options.py", line 1840, in changeform_view
    return self._changeform_view(request, object_id, form_url, extra_context)
           ~~~~~~~~~~~~~~~~~~~~~^^^^^^^^^^^^^^^^^^^^^^^^^^^^^^^^^^^^^^^^^^^^^
  File "C:\Users\Alexander\AppData\Roaming\Python\Python313\site-packages\django\contrib\admin\options.py", line 1863, in _changeform_view
    obj = self.get_object(request, unquote(object_id), to_field)
  File "C:\Users\Alexander\AppData\Roaming\Python\Python313\site-packages\django\contrib\admin\options.py", line 897, in get_object
    return queryset.get(**{field.name: object_id})
           ~~~~~~~~~~~~^^^^^^^^^^^^^^^^^^^^^^^^^^^
  File "C:\Users\Alexander\AppData\Roaming\Python\Python313\site-packages\django\db\models\query.py", line 629, in get
    num = len(clone)
  File "C:\Users\Alexander\AppData\Roaming\Python\Python313\site-packages\django\db\models\query.py", line 366, in __len__
    self._fetch_all()
    ~~~~~~~~~~~~~~~^^
  File "C:\Users\Alexander\AppData\Roaming\Python\Python313\site-packages\django\db\models\query.py", line 1945, in _fetch_all
    self._result_cache = list(self._iterable_class(self))
                         ~~~~^^^^^^^^^^^^^^^^^^^^^^^^^^^^
  File "C:\Users\Alexander\AppData\Roaming\Python\Python313\site-packages\django\db\models\query.py", line 91, in __iter__
    results = compiler.execute_sql(
        chunked_fetch=self.chunked_fetch, chunk_size=self.chunk_size
    )
  File "C:\Users\Alexander\AppData\Roaming\Python\Python313\site-packages\django\db\models\sql\compiler.py", line 1623, in execute_sql
    cursor.execute(sql, params)
    ~~~~~~~~~~~~~~^^^^^^^^^^^^^
  File "C:\Users\Alexander\AppData\Roaming\Python\Python313\site-packages\django\db\backends\utils.py", line 122, in execute
    return super().execute(sql, params)
           ~~~~~~~~~~~~~~~^^^^^^^^^^^^^
  File "C:\Users\Alexander\AppData\Roaming\Python\Python313\site-packages\django\db\backends\utils.py", line 79, in execute
    return self._execute_with_wrappers(
           ~~~~~~~~~~~~~~~~~~~~~~~~~~~^
        sql, params, many=False, executor=self._execute
        ^^^^^^^^^^^^^^^^^^^^^^^^^^^^^^^^^^^^^^^^^^^^^^^
    )
    ^
  File "C:\Users\Alexander\AppData\Roaming\Python\Python313\site-packages\django\db\backends\utils.py", line 92, in _execute_with_wrappers
    return executor(sql, params, many, context)
  File "C:\Users\Alexander\AppData\Roaming\Python\Python313\site-packages\django\db\backends\utils.py", line 100, in _execute
    with self.db.wrap_database_errors:
         ^^^^^^^^^^^^^^^^^^^^^^^^^^^^
  File "C:\Users\Alexander\AppData\Roaming\Python\Python313\site-packages\django\db\utils.py", line 91, in __exit__
    raise dj_exc_value.with_traceback(traceback) from exc_value
  File "C:\Users\Alexander\AppData\Roaming\Python\Python313\site-packages\django\db\backends\utils.py", line 105, in _execute
    return self.cursor.execute(sql, params)
           ~~~~~~~~~~~~~~~~~~~^^^^^^^^^^^^^
  File "C:\Users\Alexander\AppData\Roaming\Python\Python313\site-packages\django\db\backends\sqlite3\base.py", line 360, in execute
    return super().execute(query, params)
           ~~~~~~~~~~~~~~~^^^^^^^^^^^^^^^
django.db.utils.OperationalError: no such column: pizza_pizza.image
[ERROR] 2025-09-04 20:58:30 "GET /admin/pizza/pizza/2/change/ HTTP/1.1" 500 193802
[ERROR] 2025-09-04 20:58:32 Internal Server Error: /
Traceback (most recent call last):
  File "C:\Users\Alexander\AppData\Roaming\Python\Python313\site-packages\django\template\base.py", line 510, in parse
    compile_func = self.tags[command]
                   ~~~~~~~~~^^^^^^^^^
KeyError: 'endblock'

During handling of the above exception, another exception occurred:

Traceback (most recent call last):
  File "C:\Users\Alexander\AppData\Roaming\Python\Python313\site-packages\django\core\handlers\exception.py", line 55, in inner
    response = get_response(request)
  File "C:\Users\Alexander\AppData\Roaming\Python\Python313\site-packages\django\core\handlers\base.py", line 220, in _get_response
    response = response.render()
  File "C:\Users\Alexander\AppData\Roaming\Python\Python313\site-packages\django\template\response.py", line 114, in render
    self.content = self.rendered_content
                   ^^^^^^^^^^^^^^^^^^^^^
  File "C:\Users\Alexander\AppData\Roaming\Python\Python313\site-packages\django\template\response.py", line 90, in rendered_content
    template = self.resolve_template(self.template_name)
  File "C:\Users\Alexander\AppData\Roaming\Python\Python313\site-packages\django\template\response.py", line 72, in resolve_template
    return select_template(template, using=self.using)
  File "C:\Users\Alexander\AppData\Roaming\Python\Python313\site-packages\django\template\loader.py", line 42, in select_template
    return engine.get_template(template_name)
           ~~~~~~~~~~~~~~~~~~~^^^^^^^^^^^^^^^
  File "C:\Users\Alexander\AppData\Roaming\Python\Python313\site-packages\django\template\backends\django.py", line 79, in get_template
    return Template(self.engine.get_template(template_name), self)
                    ~~~~~~~~~~~~~~~~~~~~~~~~^^^^^^^^^^^^^^^
  File "C:\Users\Alexander\AppData\Roaming\Python\Python313\site-packages\django\template\engine.py", line 177, in get_template
    template, origin = self.find_template(template_name)
                       ~~~~~~~~~~~~~~~~~~^^^^^^^^^^^^^^^
  File "C:\Users\Alexander\AppData\Roaming\Python\Python313\site-packages\django\template\engine.py", line 159, in find_template
    template = loader.get_template(name, skip=skip)
  File "C:\Users\Alexander\AppData\Roaming\Python\Python313\site-packages\django\template\loaders\cached.py", line 57, in get_template
    template = super().get_template(template_name, skip)
  File "C:\Users\Alexander\AppData\Roaming\Python\Python313\site-packages\django\template\loaders\base.py", line 28, in get_template
    return Template(
        contents,
    ...<2 lines>...
        self.engine,
    )
  File "C:\Users\Alexander\AppData\Roaming\Python\Python313\site-packages\django\template\base.py", line 154, in __init__
    self.nodelist = self.compile_nodelist()
                    ~~~~~~~~~~~~~~~~~~~~~^^
  File "C:\Users\Alexander\AppData\Roaming\Python\Python313\site-packages\django\template\base.py", line 196, in compile_nodelist
    nodelist = parser.parse()
  File "C:\Users\Alexander\AppData\Roaming\Python\Python313\site-packages\django\template\base.py", line 518, in parse
    raise self.error(token, e)
  File "C:\Users\Alexander\AppData\Roaming\Python\Python313\site-packages\django\template\base.py", line 516, in parse
    compiled_result = compile_func(self, token)
  File "C:\Users\Alexander\AppData\Roaming\Python\Python313\site-packages\django\template\loader_tags.py", line 299, in do_extends
    nodelist = parser.parse()
  File "C:\Users\Alexander\AppData\Roaming\Python\Python313\site-packages\django\template\base.py", line 512, in parse
    self.invalid_block_tag(token, command, parse_until)
    ~~~~~~~~~~~~~~~~~~~~~~^^^^^^^^^^^^^^^^^^^^^^^^^^^^^
  File "C:\Users\Alexander\AppData\Roaming\Python\Python313\site-packages\django\template\base.py", line 577, in invalid_block_tag
    raise self.error(
    ...<3 lines>...
    )
django.template.exceptions.TemplateSyntaxError: Invalid block tag on line 83: 'endblock'. Did you forget to register or load this tag?
[ERROR] 2025-09-04 20:58:32 "GET / HTTP/1.1" 500 166221
[ERROR] 2025-09-04 20:58:33 Internal Server Error: /
Traceback (most recent call last):
  File "C:\Users\Alexander\AppData\Roaming\Python\Python313\site-packages\django\template\base.py", line 510, in parse
    compile_func = self.tags[command]
                   ~~~~~~~~~^^^^^^^^^
KeyError: 'endblock'

During handling of the above exception, another exception occurred:

Traceback (most recent call last):
  File "C:\Users\Alexander\AppData\Roaming\Python\Python313\site-packages\django\core\handlers\exception.py", line 55, in inner
    response = get_response(request)
  File "C:\Users\Alexander\AppData\Roaming\Python\Python313\site-packages\django\core\handlers\base.py", line 220, in _get_response
    response = response.render()
  File "C:\Users\Alexander\AppData\Roaming\Python\Python313\site-packages\django\template\response.py", line 114, in render
    self.content = self.rendered_content
                   ^^^^^^^^^^^^^^^^^^^^^
  File "C:\Users\Alexander\AppData\Roaming\Python\Python313\site-packages\django\template\response.py", line 90, in rendered_content
    template = self.resolve_template(self.template_name)
  File "C:\Users\Alexander\AppData\Roaming\Python\Python313\site-packages\django\template\response.py", line 72, in resolve_template
    return select_template(template, using=self.using)
  File "C:\Users\Alexander\AppData\Roaming\Python\Python313\site-packages\django\template\loader.py", line 42, in select_template
    return engine.get_template(template_name)
           ~~~~~~~~~~~~~~~~~~~^^^^^^^^^^^^^^^
  File "C:\Users\Alexander\AppData\Roaming\Python\Python313\site-packages\django\template\backends\django.py", line 79, in get_template
    return Template(self.engine.get_template(template_name), self)
                    ~~~~~~~~~~~~~~~~~~~~~~~~^^^^^^^^^^^^^^^
  File "C:\Users\Alexander\AppData\Roaming\Python\Python313\site-packages\django\template\engine.py", line 177, in get_template
    template, origin = self.find_template(template_name)
                       ~~~~~~~~~~~~~~~~~~^^^^^^^^^^^^^^^
  File "C:\Users\Alexander\AppData\Roaming\Python\Python313\site-packages\django\template\engine.py", line 159, in find_template
    template = loader.get_template(name, skip=skip)
  File "C:\Users\Alexander\AppData\Roaming\Python\Python313\site-packages\django\template\loaders\cached.py", line 57, in get_template
    template = super().get_template(template_name, skip)
  File "C:\Users\Alexander\AppData\Roaming\Python\Python313\site-packages\django\template\loaders\base.py", line 28, in get_template
    return Template(
        contents,
    ...<2 lines>...
        self.engine,
    )
  File "C:\Users\Alexander\AppData\Roaming\Python\Python313\site-packages\django\template\base.py", line 154, in __init__
    self.nodelist = self.compile_nodelist()
                    ~~~~~~~~~~~~~~~~~~~~~^^
  File "C:\Users\Alexander\AppData\Roaming\Python\Python313\site-packages\django\template\base.py", line 196, in compile_nodelist
    nodelist = parser.parse()
  File "C:\Users\Alexander\AppData\Roaming\Python\Python313\site-packages\django\template\base.py", line 518, in parse
    raise self.error(token, e)
  File "C:\Users\Alexander\AppData\Roaming\Python\Python313\site-packages\django\template\base.py", line 516, in parse
    compiled_result = compile_func(self, token)
  File "C:\Users\Alexander\AppData\Roaming\Python\Python313\site-packages\django\template\loader_tags.py", line 299, in do_extends
    nodelist = parser.parse()
  File "C:\Users\Alexander\AppData\Roaming\Python\Python313\site-packages\django\template\base.py", line 512, in parse
    self.invalid_block_tag(token, command, parse_until)
    ~~~~~~~~~~~~~~~~~~~~~~^^^^^^^^^^^^^^^^^^^^^^^^^^^^^
  File "C:\Users\Alexander\AppData\Roaming\Python\Python313\site-packages\django\template\base.py", line 577, in invalid_block_tag
    raise self.error(
    ...<3 lines>...
    )
django.template.exceptions.TemplateSyntaxError: Invalid block tag on line 83: 'endblock'. Did you forget to register or load this tag?
[ERROR] 2025-09-04 20:58:33 "GET / HTTP/1.1" 500 165947
[ERROR] 2025-09-04 21:01:52 Internal Server Error: /
Traceback (most recent call last):
  File "C:\Users\Alexander\AppData\Roaming\Python\Python313\site-packages\django\template\base.py", line 510, in parse
    compile_func = self.tags[command]
                   ~~~~~~~~~^^^^^^^^^
KeyError: 'endblock'

During handling of the above exception, another exception occurred:

Traceback (most recent call last):
  File "C:\Users\Alexander\AppData\Roaming\Python\Python313\site-packages\django\core\handlers\exception.py", line 55, in inner
    response = get_response(request)
  File "C:\Users\Alexander\AppData\Roaming\Python\Python313\site-packages\django\core\handlers\base.py", line 220, in _get_response
    response = response.render()
  File "C:\Users\Alexander\AppData\Roaming\Python\Python313\site-packages\django\template\response.py", line 114, in render
    self.content = self.rendered_content
                   ^^^^^^^^^^^^^^^^^^^^^
  File "C:\Users\Alexander\AppData\Roaming\Python\Python313\site-packages\django\template\response.py", line 90, in rendered_content
    template = self.resolve_template(self.template_name)
  File "C:\Users\Alexander\AppData\Roaming\Python\Python313\site-packages\django\template\response.py", line 72, in resolve_template
    return select_template(template, using=self.using)
  File "C:\Users\Alexander\AppData\Roaming\Python\Python313\site-packages\django\template\loader.py", line 42, in select_template
    return engine.get_template(template_name)
           ~~~~~~~~~~~~~~~~~~~^^^^^^^^^^^^^^^
  File "C:\Users\Alexander\AppData\Roaming\Python\Python313\site-packages\django\template\backends\django.py", line 79, in get_template
    return Template(self.engine.get_template(template_name), self)
                    ~~~~~~~~~~~~~~~~~~~~~~~~^^^^^^^^^^^^^^^
  File "C:\Users\Alexander\AppData\Roaming\Python\Python313\site-packages\django\template\engine.py", line 177, in get_template
    template, origin = self.find_template(template_name)
                       ~~~~~~~~~~~~~~~~~~^^^^^^^^^^^^^^^
  File "C:\Users\Alexander\AppData\Roaming\Python\Python313\site-packages\django\template\engine.py", line 159, in find_template
    template = loader.get_template(name, skip=skip)
  File "C:\Users\Alexander\AppData\Roaming\Python\Python313\site-packages\django\template\loaders\cached.py", line 57, in get_template
    template = super().get_template(template_name, skip)
  File "C:\Users\Alexander\AppData\Roaming\Python\Python313\site-packages\django\template\loaders\base.py", line 28, in get_template
    return Template(
        contents,
    ...<2 lines>...
        self.engine,
    )
  File "C:\Users\Alexander\AppData\Roaming\Python\Python313\site-packages\django\template\base.py", line 154, in __init__
    self.nodelist = self.compile_nodelist()
                    ~~~~~~~~~~~~~~~~~~~~~^^
  File "C:\Users\Alexander\AppData\Roaming\Python\Python313\site-packages\django\template\base.py", line 196, in compile_nodelist
    nodelist = parser.parse()
  File "C:\Users\Alexander\AppData\Roaming\Python\Python313\site-packages\django\template\base.py", line 518, in parse
    raise self.error(token, e)
  File "C:\Users\Alexander\AppData\Roaming\Python\Python313\site-packages\django\template\base.py", line 516, in parse
    compiled_result = compile_func(self, token)
  File "C:\Users\Alexander\AppData\Roaming\Python\Python313\site-packages\django\template\loader_tags.py", line 299, in do_extends
    nodelist = parser.parse()
  File "C:\Users\Alexander\AppData\Roaming\Python\Python313\site-packages\django\template\base.py", line 512, in parse
    self.invalid_block_tag(token, command, parse_until)
    ~~~~~~~~~~~~~~~~~~~~~~^^^^^^^^^^^^^^^^^^^^^^^^^^^^^
  File "C:\Users\Alexander\AppData\Roaming\Python\Python313\site-packages\django\template\base.py", line 577, in invalid_block_tag
    raise self.error(
    ...<3 lines>...
    )
django.template.exceptions.TemplateSyntaxError: Invalid block tag on line 83: 'endblock'. Did you forget to register or load this tag?
[ERROR] 2025-09-04 21:01:52 "GET / HTTP/1.1" 500 166084
[ERROR] 2025-09-04 21:01:53 Internal Server Error: /
Traceback (most recent call last):
  File "C:\Users\Alexander\AppData\Roaming\Python\Python313\site-packages\django\template\base.py", line 510, in parse
    compile_func = self.tags[command]
                   ~~~~~~~~~^^^^^^^^^
KeyError: 'endblock'

During handling of the above exception, another exception occurred:

Traceback (most recent call last):
  File "C:\Users\Alexander\AppData\Roaming\Python\Python313\site-packages\django\core\handlers\exception.py", line 55, in inner
    response = get_response(request)
  File "C:\Users\Alexander\AppData\Roaming\Python\Python313\site-packages\django\core\handlers\base.py", line 220, in _get_response
    response = response.render()
  File "C:\Users\Alexander\AppData\Roaming\Python\Python313\site-packages\django\template\response.py", line 114, in render
    self.content = self.rendered_content
                   ^^^^^^^^^^^^^^^^^^^^^
  File "C:\Users\Alexander\AppData\Roaming\Python\Python313\site-packages\django\template\response.py", line 90, in rendered_content
    template = self.resolve_template(self.template_name)
  File "C:\Users\Alexander\AppData\Roaming\Python\Python313\site-packages\django\template\response.py", line 72, in resolve_template
    return select_template(template, using=self.using)
  File "C:\Users\Alexander\AppData\Roaming\Python\Python313\site-packages\django\template\loader.py", line 42, in select_template
    return engine.get_template(template_name)
           ~~~~~~~~~~~~~~~~~~~^^^^^^^^^^^^^^^
  File "C:\Users\Alexander\AppData\Roaming\Python\Python313\site-packages\django\template\backends\django.py", line 79, in get_template
    return Template(self.engine.get_template(template_name), self)
                    ~~~~~~~~~~~~~~~~~~~~~~~~^^^^^^^^^^^^^^^
  File "C:\Users\Alexander\AppData\Roaming\Python\Python313\site-packages\django\template\engine.py", line 177, in get_template
    template, origin = self.find_template(template_name)
                       ~~~~~~~~~~~~~~~~~~^^^^^^^^^^^^^^^
  File "C:\Users\Alexander\AppData\Roaming\Python\Python313\site-packages\django\template\engine.py", line 159, in find_template
    template = loader.get_template(name, skip=skip)
  File "C:\Users\Alexander\AppData\Roaming\Python\Python313\site-packages\django\template\loaders\cached.py", line 57, in get_template
    template = super().get_template(template_name, skip)
  File "C:\Users\Alexander\AppData\Roaming\Python\Python313\site-packages\django\template\loaders\base.py", line 28, in get_template
    return Template(
        contents,
    ...<2 lines>...
        self.engine,
    )
  File "C:\Users\Alexander\AppData\Roaming\Python\Python313\site-packages\django\template\base.py", line 154, in __init__
    self.nodelist = self.compile_nodelist()
                    ~~~~~~~~~~~~~~~~~~~~~^^
  File "C:\Users\Alexander\AppData\Roaming\Python\Python313\site-packages\django\template\base.py", line 196, in compile_nodelist
    nodelist = parser.parse()
  File "C:\Users\Alexander\AppData\Roaming\Python\Python313\site-packages\django\template\base.py", line 518, in parse
    raise self.error(token, e)
  File "C:\Users\Alexander\AppData\Roaming\Python\Python313\site-packages\django\template\base.py", line 516, in parse
    compiled_result = compile_func(self, token)
  File "C:\Users\Alexander\AppData\Roaming\Python\Python313\site-packages\django\template\loader_tags.py", line 299, in do_extends
    nodelist = parser.parse()
  File "C:\Users\Alexander\AppData\Roaming\Python\Python313\site-packages\django\template\base.py", line 512, in parse
    self.invalid_block_tag(token, command, parse_until)
    ~~~~~~~~~~~~~~~~~~~~~~^^^^^^^^^^^^^^^^^^^^^^^^^^^^^
  File "C:\Users\Alexander\AppData\Roaming\Python\Python313\site-packages\django\template\base.py", line 577, in invalid_block_tag
    raise self.error(
    ...<3 lines>...
    )
django.template.exceptions.TemplateSyntaxError: Invalid block tag on line 83: 'endblock'. Did you forget to register or load this tag?
[ERROR] 2025-09-04 21:01:53 "GET / HTTP/1.1" 500 166084
[ERROR] 2025-09-04 21:01:53 Internal Server Error: /
Traceback (most recent call last):
  File "C:\Users\Alexander\AppData\Roaming\Python\Python313\site-packages\django\template\base.py", line 510, in parse
    compile_func = self.tags[command]
                   ~~~~~~~~~^^^^^^^^^
KeyError: 'endblock'

During handling of the above exception, another exception occurred:

Traceback (most recent call last):
  File "C:\Users\Alexander\AppData\Roaming\Python\Python313\site-packages\django\core\handlers\exception.py", line 55, in inner
    response = get_response(request)
  File "C:\Users\Alexander\AppData\Roaming\Python\Python313\site-packages\django\core\handlers\base.py", line 220, in _get_response
    response = response.render()
  File "C:\Users\Alexander\AppData\Roaming\Python\Python313\site-packages\django\template\response.py", line 114, in render
    self.content = self.rendered_content
                   ^^^^^^^^^^^^^^^^^^^^^
  File "C:\Users\Alexander\AppData\Roaming\Python\Python313\site-packages\django\template\response.py", line 90, in rendered_content
    template = self.resolve_template(self.template_name)
  File "C:\Users\Alexander\AppData\Roaming\Python\Python313\site-packages\django\template\response.py", line 72, in resolve_template
    return select_template(template, using=self.using)
  File "C:\Users\Alexander\AppData\Roaming\Python\Python313\site-packages\django\template\loader.py", line 42, in select_template
    return engine.get_template(template_name)
           ~~~~~~~~~~~~~~~~~~~^^^^^^^^^^^^^^^
  File "C:\Users\Alexander\AppData\Roaming\Python\Python313\site-packages\django\template\backends\django.py", line 79, in get_template
    return Template(self.engine.get_template(template_name), self)
                    ~~~~~~~~~~~~~~~~~~~~~~~~^^^^^^^^^^^^^^^
  File "C:\Users\Alexander\AppData\Roaming\Python\Python313\site-packages\django\template\engine.py", line 177, in get_template
    template, origin = self.find_template(template_name)
                       ~~~~~~~~~~~~~~~~~~^^^^^^^^^^^^^^^
  File "C:\Users\Alexander\AppData\Roaming\Python\Python313\site-packages\django\template\engine.py", line 159, in find_template
    template = loader.get_template(name, skip=skip)
  File "C:\Users\Alexander\AppData\Roaming\Python\Python313\site-packages\django\template\loaders\cached.py", line 57, in get_template
    template = super().get_template(template_name, skip)
  File "C:\Users\Alexander\AppData\Roaming\Python\Python313\site-packages\django\template\loaders\base.py", line 28, in get_template
    return Template(
        contents,
    ...<2 lines>...
        self.engine,
    )
  File "C:\Users\Alexander\AppData\Roaming\Python\Python313\site-packages\django\template\base.py", line 154, in __init__
    self.nodelist = self.compile_nodelist()
                    ~~~~~~~~~~~~~~~~~~~~~^^
  File "C:\Users\Alexander\AppData\Roaming\Python\Python313\site-packages\django\template\base.py", line 196, in compile_nodelist
    nodelist = parser.parse()
  File "C:\Users\Alexander\AppData\Roaming\Python\Python313\site-packages\django\template\base.py", line 518, in parse
    raise self.error(token, e)
  File "C:\Users\Alexander\AppData\Roaming\Python\Python313\site-packages\django\template\base.py", line 516, in parse
    compiled_result = compile_func(self, token)
  File "C:\Users\Alexander\AppData\Roaming\Python\Python313\site-packages\django\template\loader_tags.py", line 299, in do_extends
    nodelist = parser.parse()
  File "C:\Users\Alexander\AppData\Roaming\Python\Python313\site-packages\django\template\base.py", line 512, in parse
    self.invalid_block_tag(token, command, parse_until)
    ~~~~~~~~~~~~~~~~~~~~~~^^^^^^^^^^^^^^^^^^^^^^^^^^^^^
  File "C:\Users\Alexander\AppData\Roaming\Python\Python313\site-packages\django\template\base.py", line 577, in invalid_block_tag
    raise self.error(
    ...<3 lines>...
    )
django.template.exceptions.TemplateSyntaxError: Invalid block tag on line 83: 'endblock'. Did you forget to register or load this tag?
[ERROR] 2025-09-04 21:01:53 "GET / HTTP/1.1" 500 166084
[ERROR] 2025-09-04 21:01:53 Internal Server Error: /
Traceback (most recent call last):
  File "C:\Users\Alexander\AppData\Roaming\Python\Python313\site-packages\django\template\base.py", line 510, in parse
    compile_func = self.tags[command]
                   ~~~~~~~~~^^^^^^^^^
KeyError: 'endblock'

During handling of the above exception, another exception occurred:

Traceback (most recent call last):
  File "C:\Users\Alexander\AppData\Roaming\Python\Python313\site-packages\django\core\handlers\exception.py", line 55, in inner
    response = get_response(request)
  File "C:\Users\Alexander\AppData\Roaming\Python\Python313\site-packages\django\core\handlers\base.py", line 220, in _get_response
    response = response.render()
  File "C:\Users\Alexander\AppData\Roaming\Python\Python313\site-packages\django\template\response.py", line 114, in render
    self.content = self.rendered_content
                   ^^^^^^^^^^^^^^^^^^^^^
  File "C:\Users\Alexander\AppData\Roaming\Python\Python313\site-packages\django\template\response.py", line 90, in rendered_content
    template = self.resolve_template(self.template_name)
  File "C:\Users\Alexander\AppData\Roaming\Python\Python313\site-packages\django\template\response.py", line 72, in resolve_template
    return select_template(template, using=self.using)
  File "C:\Users\Alexander\AppData\Roaming\Python\Python313\site-packages\django\template\loader.py", line 42, in select_template
    return engine.get_template(template_name)
           ~~~~~~~~~~~~~~~~~~~^^^^^^^^^^^^^^^
  File "C:\Users\Alexander\AppData\Roaming\Python\Python313\site-packages\django\template\backends\django.py", line 79, in get_template
    return Template(self.engine.get_template(template_name), self)
                    ~~~~~~~~~~~~~~~~~~~~~~~~^^^^^^^^^^^^^^^
  File "C:\Users\Alexander\AppData\Roaming\Python\Python313\site-packages\django\template\engine.py", line 177, in get_template
    template, origin = self.find_template(template_name)
                       ~~~~~~~~~~~~~~~~~~^^^^^^^^^^^^^^^
  File "C:\Users\Alexander\AppData\Roaming\Python\Python313\site-packages\django\template\engine.py", line 159, in find_template
    template = loader.get_template(name, skip=skip)
  File "C:\Users\Alexander\AppData\Roaming\Python\Python313\site-packages\django\template\loaders\cached.py", line 57, in get_template
    template = super().get_template(template_name, skip)
  File "C:\Users\Alexander\AppData\Roaming\Python\Python313\site-packages\django\template\loaders\base.py", line 28, in get_template
    return Template(
        contents,
    ...<2 lines>...
        self.engine,
    )
  File "C:\Users\Alexander\AppData\Roaming\Python\Python313\site-packages\django\template\base.py", line 154, in __init__
    self.nodelist = self.compile_nodelist()
                    ~~~~~~~~~~~~~~~~~~~~~^^
  File "C:\Users\Alexander\AppData\Roaming\Python\Python313\site-packages\django\template\base.py", line 196, in compile_nodelist
    nodelist = parser.parse()
  File "C:\Users\Alexander\AppData\Roaming\Python\Python313\site-packages\django\template\base.py", line 518, in parse
    raise self.error(token, e)
  File "C:\Users\Alexander\AppData\Roaming\Python\Python313\site-packages\django\template\base.py", line 516, in parse
    compiled_result = compile_func(self, token)
  File "C:\Users\Alexander\AppData\Roaming\Python\Python313\site-packages\django\template\loader_tags.py", line 299, in do_extends
    nodelist = parser.parse()
  File "C:\Users\Alexander\AppData\Roaming\Python\Python313\site-packages\django\template\base.py", line 512, in parse
    self.invalid_block_tag(token, command, parse_until)
    ~~~~~~~~~~~~~~~~~~~~~~^^^^^^^^^^^^^^^^^^^^^^^^^^^^^
  File "C:\Users\Alexander\AppData\Roaming\Python\Python313\site-packages\django\template\base.py", line 577, in invalid_block_tag
    raise self.error(
    ...<3 lines>...
    )
django.template.exceptions.TemplateSyntaxError: Invalid block tag on line 83: 'endblock'. Did you forget to register or load this tag?
[ERROR] 2025-09-04 21:01:53 "GET / HTTP/1.1" 500 166084
[ERROR] 2025-09-04 21:01:54 Internal Server Error: /
Traceback (most recent call last):
  File "C:\Users\Alexander\AppData\Roaming\Python\Python313\site-packages\django\template\base.py", line 510, in parse
    compile_func = self.tags[command]
                   ~~~~~~~~~^^^^^^^^^
KeyError: 'endblock'

During handling of the above exception, another exception occurred:

Traceback (most recent call last):
  File "C:\Users\Alexander\AppData\Roaming\Python\Python313\site-packages\django\core\handlers\exception.py", line 55, in inner
    response = get_response(request)
  File "C:\Users\Alexander\AppData\Roaming\Python\Python313\site-packages\django\core\handlers\base.py", line 220, in _get_response
    response = response.render()
  File "C:\Users\Alexander\AppData\Roaming\Python\Python313\site-packages\django\template\response.py", line 114, in render
    self.content = self.rendered_content
                   ^^^^^^^^^^^^^^^^^^^^^
  File "C:\Users\Alexander\AppData\Roaming\Python\Python313\site-packages\django\template\response.py", line 90, in rendered_content
    template = self.resolve_template(self.template_name)
  File "C:\Users\Alexander\AppData\Roaming\Python\Python313\site-packages\django\template\response.py", line 72, in resolve_template
    return select_template(template, using=self.using)
  File "C:\Users\Alexander\AppData\Roaming\Python\Python313\site-packages\django\template\loader.py", line 42, in select_template
    return engine.get_template(template_name)
           ~~~~~~~~~~~~~~~~~~~^^^^^^^^^^^^^^^
  File "C:\Users\Alexander\AppData\Roaming\Python\Python313\site-packages\django\template\backends\django.py", line 79, in get_template
    return Template(self.engine.get_template(template_name), self)
                    ~~~~~~~~~~~~~~~~~~~~~~~~^^^^^^^^^^^^^^^
  File "C:\Users\Alexander\AppData\Roaming\Python\Python313\site-packages\django\template\engine.py", line 177, in get_template
    template, origin = self.find_template(template_name)
                       ~~~~~~~~~~~~~~~~~~^^^^^^^^^^^^^^^
  File "C:\Users\Alexander\AppData\Roaming\Python\Python313\site-packages\django\template\engine.py", line 159, in find_template
    template = loader.get_template(name, skip=skip)
  File "C:\Users\Alexander\AppData\Roaming\Python\Python313\site-packages\django\template\loaders\cached.py", line 57, in get_template
    template = super().get_template(template_name, skip)
  File "C:\Users\Alexander\AppData\Roaming\Python\Python313\site-packages\django\template\loaders\base.py", line 28, in get_template
    return Template(
        contents,
    ...<2 lines>...
        self.engine,
    )
  File "C:\Users\Alexander\AppData\Roaming\Python\Python313\site-packages\django\template\base.py", line 154, in __init__
    self.nodelist = self.compile_nodelist()
                    ~~~~~~~~~~~~~~~~~~~~~^^
  File "C:\Users\Alexander\AppData\Roaming\Python\Python313\site-packages\django\template\base.py", line 196, in compile_nodelist
    nodelist = parser.parse()
  File "C:\Users\Alexander\AppData\Roaming\Python\Python313\site-packages\django\template\base.py", line 518, in parse
    raise self.error(token, e)
  File "C:\Users\Alexander\AppData\Roaming\Python\Python313\site-packages\django\template\base.py", line 516, in parse
    compiled_result = compile_func(self, token)
  File "C:\Users\Alexander\AppData\Roaming\Python\Python313\site-packages\django\template\loader_tags.py", line 299, in do_extends
    nodelist = parser.parse()
  File "C:\Users\Alexander\AppData\Roaming\Python\Python313\site-packages\django\template\base.py", line 512, in parse
    self.invalid_block_tag(token, command, parse_until)
    ~~~~~~~~~~~~~~~~~~~~~~^^^^^^^^^^^^^^^^^^^^^^^^^^^^^
  File "C:\Users\Alexander\AppData\Roaming\Python\Python313\site-packages\django\template\base.py", line 577, in invalid_block_tag
    raise self.error(
    ...<3 lines>...
    )
django.template.exceptions.TemplateSyntaxError: Invalid block tag on line 83: 'endblock'. Did you forget to register or load this tag?
[ERROR] 2025-09-04 21:01:54 "GET / HTTP/1.1" 500 166084
[ERROR] 2025-09-04 21:01:54 Internal Server Error: /
Traceback (most recent call last):
  File "C:\Users\Alexander\AppData\Roaming\Python\Python313\site-packages\django\template\base.py", line 510, in parse
    compile_func = self.tags[command]
                   ~~~~~~~~~^^^^^^^^^
KeyError: 'endblock'

During handling of the above exception, another exception occurred:

Traceback (most recent call last):
  File "C:\Users\Alexander\AppData\Roaming\Python\Python313\site-packages\django\core\handlers\exception.py", line 55, in inner
    response = get_response(request)
  File "C:\Users\Alexander\AppData\Roaming\Python\Python313\site-packages\django\core\handlers\base.py", line 220, in _get_response
    response = response.render()
  File "C:\Users\Alexander\AppData\Roaming\Python\Python313\site-packages\django\template\response.py", line 114, in render
    self.content = self.rendered_content
                   ^^^^^^^^^^^^^^^^^^^^^
  File "C:\Users\Alexander\AppData\Roaming\Python\Python313\site-packages\django\template\response.py", line 90, in rendered_content
    template = self.resolve_template(self.template_name)
  File "C:\Users\Alexander\AppData\Roaming\Python\Python313\site-packages\django\template\response.py", line 72, in resolve_template
    return select_template(template, using=self.using)
  File "C:\Users\Alexander\AppData\Roaming\Python\Python313\site-packages\django\template\loader.py", line 42, in select_template
    return engine.get_template(template_name)
           ~~~~~~~~~~~~~~~~~~~^^^^^^^^^^^^^^^
  File "C:\Users\Alexander\AppData\Roaming\Python\Python313\site-packages\django\template\backends\django.py", line 79, in get_template
    return Template(self.engine.get_template(template_name), self)
                    ~~~~~~~~~~~~~~~~~~~~~~~~^^^^^^^^^^^^^^^
  File "C:\Users\Alexander\AppData\Roaming\Python\Python313\site-packages\django\template\engine.py", line 177, in get_template
    template, origin = self.find_template(template_name)
                       ~~~~~~~~~~~~~~~~~~^^^^^^^^^^^^^^^
  File "C:\Users\Alexander\AppData\Roaming\Python\Python313\site-packages\django\template\engine.py", line 159, in find_template
    template = loader.get_template(name, skip=skip)
  File "C:\Users\Alexander\AppData\Roaming\Python\Python313\site-packages\django\template\loaders\cached.py", line 57, in get_template
    template = super().get_template(template_name, skip)
  File "C:\Users\Alexander\AppData\Roaming\Python\Python313\site-packages\django\template\loaders\base.py", line 28, in get_template
    return Template(
        contents,
    ...<2 lines>...
        self.engine,
    )
  File "C:\Users\Alexander\AppData\Roaming\Python\Python313\site-packages\django\template\base.py", line 154, in __init__
    self.nodelist = self.compile_nodelist()
                    ~~~~~~~~~~~~~~~~~~~~~^^
  File "C:\Users\Alexander\AppData\Roaming\Python\Python313\site-packages\django\template\base.py", line 196, in compile_nodelist
    nodelist = parser.parse()
  File "C:\Users\Alexander\AppData\Roaming\Python\Python313\site-packages\django\template\base.py", line 518, in parse
    raise self.error(token, e)
  File "C:\Users\Alexander\AppData\Roaming\Python\Python313\site-packages\django\template\base.py", line 516, in parse
    compiled_result = compile_func(self, token)
  File "C:\Users\Alexander\AppData\Roaming\Python\Python313\site-packages\django\template\loader_tags.py", line 299, in do_extends
    nodelist = parser.parse()
  File "C:\Users\Alexander\AppData\Roaming\Python\Python313\site-packages\django\template\base.py", line 512, in parse
    self.invalid_block_tag(token, command, parse_until)
    ~~~~~~~~~~~~~~~~~~~~~~^^^^^^^^^^^^^^^^^^^^^^^^^^^^^
  File "C:\Users\Alexander\AppData\Roaming\Python\Python313\site-packages\django\template\base.py", line 577, in invalid_block_tag
    raise self.error(
    ...<3 lines>...
    )
django.template.exceptions.TemplateSyntaxError: Invalid block tag on line 83: 'endblock'. Did you forget to register or load this tag?
[ERROR] 2025-09-04 21:01:54 "GET / HTTP/1.1" 500 166084
[ERROR] 2025-09-04 21:01:54 Internal Server Error: /
Traceback (most recent call last):
  File "C:\Users\Alexander\AppData\Roaming\Python\Python313\site-packages\django\template\base.py", line 510, in parse
    compile_func = self.tags[command]
                   ~~~~~~~~~^^^^^^^^^
KeyError: 'endblock'

During handling of the above exception, another exception occurred:

Traceback (most recent call last):
  File "C:\Users\Alexander\AppData\Roaming\Python\Python313\site-packages\django\core\handlers\exception.py", line 55, in inner
    response = get_response(request)
  File "C:\Users\Alexander\AppData\Roaming\Python\Python313\site-packages\django\core\handlers\base.py", line 220, in _get_response
    response = response.render()
  File "C:\Users\Alexander\AppData\Roaming\Python\Python313\site-packages\django\template\response.py", line 114, in render
    self.content = self.rendered_content
                   ^^^^^^^^^^^^^^^^^^^^^
  File "C:\Users\Alexander\AppData\Roaming\Python\Python313\site-packages\django\template\response.py", line 90, in rendered_content
    template = self.resolve_template(self.template_name)
  File "C:\Users\Alexander\AppData\Roaming\Python\Python313\site-packages\django\template\response.py", line 72, in resolve_template
    return select_template(template, using=self.using)
  File "C:\Users\Alexander\AppData\Roaming\Python\Python313\site-packages\django\template\loader.py", line 42, in select_template
    return engine.get_template(template_name)
           ~~~~~~~~~~~~~~~~~~~^^^^^^^^^^^^^^^
  File "C:\Users\Alexander\AppData\Roaming\Python\Python313\site-packages\django\template\backends\django.py", line 79, in get_template
    return Template(self.engine.get_template(template_name), self)
                    ~~~~~~~~~~~~~~~~~~~~~~~~^^^^^^^^^^^^^^^
  File "C:\Users\Alexander\AppData\Roaming\Python\Python313\site-packages\django\template\engine.py", line 177, in get_template
    template, origin = self.find_template(template_name)
                       ~~~~~~~~~~~~~~~~~~^^^^^^^^^^^^^^^
  File "C:\Users\Alexander\AppData\Roaming\Python\Python313\site-packages\django\template\engine.py", line 159, in find_template
    template = loader.get_template(name, skip=skip)
  File "C:\Users\Alexander\AppData\Roaming\Python\Python313\site-packages\django\template\loaders\cached.py", line 57, in get_template
    template = super().get_template(template_name, skip)
  File "C:\Users\Alexander\AppData\Roaming\Python\Python313\site-packages\django\template\loaders\base.py", line 28, in get_template
    return Template(
        contents,
    ...<2 lines>...
        self.engine,
    )
  File "C:\Users\Alexander\AppData\Roaming\Python\Python313\site-packages\django\template\base.py", line 154, in __init__
    self.nodelist = self.compile_nodelist()
                    ~~~~~~~~~~~~~~~~~~~~~^^
  File "C:\Users\Alexander\AppData\Roaming\Python\Python313\site-packages\django\template\base.py", line 196, in compile_nodelist
    nodelist = parser.parse()
  File "C:\Users\Alexander\AppData\Roaming\Python\Python313\site-packages\django\template\base.py", line 518, in parse
    raise self.error(token, e)
  File "C:\Users\Alexander\AppData\Roaming\Python\Python313\site-packages\django\template\base.py", line 516, in parse
    compiled_result = compile_func(self, token)
  File "C:\Users\Alexander\AppData\Roaming\Python\Python313\site-packages\django\template\loader_tags.py", line 299, in do_extends
    nodelist = parser.parse()
  File "C:\Users\Alexander\AppData\Roaming\Python\Python313\site-packages\django\template\base.py", line 512, in parse
    self.invalid_block_tag(token, command, parse_until)
    ~~~~~~~~~~~~~~~~~~~~~~^^^^^^^^^^^^^^^^^^^^^^^^^^^^^
  File "C:\Users\Alexander\AppData\Roaming\Python\Python313\site-packages\django\template\base.py", line 577, in invalid_block_tag
    raise self.error(
    ...<3 lines>...
    )
django.template.exceptions.TemplateSyntaxError: Invalid block tag on line 83: 'endblock'. Did you forget to register or load this tag?
[ERROR] 2025-09-04 21:01:54 "GET / HTTP/1.1" 500 166084
[ERROR] 2025-09-04 21:01:54 Internal Server Error: /
Traceback (most recent call last):
  File "C:\Users\Alexander\AppData\Roaming\Python\Python313\site-packages\django\template\base.py", line 510, in parse
    compile_func = self.tags[command]
                   ~~~~~~~~~^^^^^^^^^
KeyError: 'endblock'

During handling of the above exception, another exception occurred:

Traceback (most recent call last):
  File "C:\Users\Alexander\AppData\Roaming\Python\Python313\site-packages\django\core\handlers\exception.py", line 55, in inner
    response = get_response(request)
  File "C:\Users\Alexander\AppData\Roaming\Python\Python313\site-packages\django\core\handlers\base.py", line 220, in _get_response
    response = response.render()
  File "C:\Users\Alexander\AppData\Roaming\Python\Python313\site-packages\django\template\response.py", line 114, in render
    self.content = self.rendered_content
                   ^^^^^^^^^^^^^^^^^^^^^
  File "C:\Users\Alexander\AppData\Roaming\Python\Python313\site-packages\django\template\response.py", line 90, in rendered_content
    template = self.resolve_template(self.template_name)
  File "C:\Users\Alexander\AppData\Roaming\Python\Python313\site-packages\django\template\response.py", line 72, in resolve_template
    return select_template(template, using=self.using)
  File "C:\Users\Alexander\AppData\Roaming\Python\Python313\site-packages\django\template\loader.py", line 42, in select_template
    return engine.get_template(template_name)
           ~~~~~~~~~~~~~~~~~~~^^^^^^^^^^^^^^^
  File "C:\Users\Alexander\AppData\Roaming\Python\Python313\site-packages\django\template\backends\django.py", line 79, in get_template
    return Template(self.engine.get_template(template_name), self)
                    ~~~~~~~~~~~~~~~~~~~~~~~~^^^^^^^^^^^^^^^
  File "C:\Users\Alexander\AppData\Roaming\Python\Python313\site-packages\django\template\engine.py", line 177, in get_template
    template, origin = self.find_template(template_name)
                       ~~~~~~~~~~~~~~~~~~^^^^^^^^^^^^^^^
  File "C:\Users\Alexander\AppData\Roaming\Python\Python313\site-packages\django\template\engine.py", line 159, in find_template
    template = loader.get_template(name, skip=skip)
  File "C:\Users\Alexander\AppData\Roaming\Python\Python313\site-packages\django\template\loaders\cached.py", line 57, in get_template
    template = super().get_template(template_name, skip)
  File "C:\Users\Alexander\AppData\Roaming\Python\Python313\site-packages\django\template\loaders\base.py", line 28, in get_template
    return Template(
        contents,
    ...<2 lines>...
        self.engine,
    )
  File "C:\Users\Alexander\AppData\Roaming\Python\Python313\site-packages\django\template\base.py", line 154, in __init__
    self.nodelist = self.compile_nodelist()
                    ~~~~~~~~~~~~~~~~~~~~~^^
  File "C:\Users\Alexander\AppData\Roaming\Python\Python313\site-packages\django\template\base.py", line 196, in compile_nodelist
    nodelist = parser.parse()
  File "C:\Users\Alexander\AppData\Roaming\Python\Python313\site-packages\django\template\base.py", line 518, in parse
    raise self.error(token, e)
  File "C:\Users\Alexander\AppData\Roaming\Python\Python313\site-packages\django\template\base.py", line 516, in parse
    compiled_result = compile_func(self, token)
  File "C:\Users\Alexander\AppData\Roaming\Python\Python313\site-packages\django\template\loader_tags.py", line 299, in do_extends
    nodelist = parser.parse()
  File "C:\Users\Alexander\AppData\Roaming\Python\Python313\site-packages\django\template\base.py", line 512, in parse
    self.invalid_block_tag(token, command, parse_until)
    ~~~~~~~~~~~~~~~~~~~~~~^^^^^^^^^^^^^^^^^^^^^^^^^^^^^
  File "C:\Users\Alexander\AppData\Roaming\Python\Python313\site-packages\django\template\base.py", line 577, in invalid_block_tag
    raise self.error(
    ...<3 lines>...
    )
django.template.exceptions.TemplateSyntaxError: Invalid block tag on line 83: 'endblock'. Did you forget to register or load this tag?
[ERROR] 2025-09-04 21:01:54 "GET / HTTP/1.1" 500 166084
[ERROR] 2025-09-04 21:01:54 Internal Server Error: /
Traceback (most recent call last):
  File "C:\Users\Alexander\AppData\Roaming\Python\Python313\site-packages\django\template\base.py", line 510, in parse
    compile_func = self.tags[command]
                   ~~~~~~~~~^^^^^^^^^
KeyError: 'endblock'

During handling of the above exception, another exception occurred:

Traceback (most recent call last):
  File "C:\Users\Alexander\AppData\Roaming\Python\Python313\site-packages\django\core\handlers\exception.py", line 55, in inner
    response = get_response(request)
  File "C:\Users\Alexander\AppData\Roaming\Python\Python313\site-packages\django\core\handlers\base.py", line 220, in _get_response
    response = response.render()
  File "C:\Users\Alexander\AppData\Roaming\Python\Python313\site-packages\django\template\response.py", line 114, in render
    self.content = self.rendered_content
                   ^^^^^^^^^^^^^^^^^^^^^
  File "C:\Users\Alexander\AppData\Roaming\Python\Python313\site-packages\django\template\response.py", line 90, in rendered_content
    template = self.resolve_template(self.template_name)
  File "C:\Users\Alexander\AppData\Roaming\Python\Python313\site-packages\django\template\response.py", line 72, in resolve_template
    return select_template(template, using=self.using)
  File "C:\Users\Alexander\AppData\Roaming\Python\Python313\site-packages\django\template\loader.py", line 42, in select_template
    return engine.get_template(template_name)
           ~~~~~~~~~~~~~~~~~~~^^^^^^^^^^^^^^^
  File "C:\Users\Alexander\AppData\Roaming\Python\Python313\site-packages\django\template\backends\django.py", line 79, in get_template
    return Template(self.engine.get_template(template_name), self)
                    ~~~~~~~~~~~~~~~~~~~~~~~~^^^^^^^^^^^^^^^
  File "C:\Users\Alexander\AppData\Roaming\Python\Python313\site-packages\django\template\engine.py", line 177, in get_template
    template, origin = self.find_template(template_name)
                       ~~~~~~~~~~~~~~~~~~^^^^^^^^^^^^^^^
  File "C:\Users\Alexander\AppData\Roaming\Python\Python313\site-packages\django\template\engine.py", line 159, in find_template
    template = loader.get_template(name, skip=skip)
  File "C:\Users\Alexander\AppData\Roaming\Python\Python313\site-packages\django\template\loaders\cached.py", line 57, in get_template
    template = super().get_template(template_name, skip)
  File "C:\Users\Alexander\AppData\Roaming\Python\Python313\site-packages\django\template\loaders\base.py", line 28, in get_template
    return Template(
        contents,
    ...<2 lines>...
        self.engine,
    )
  File "C:\Users\Alexander\AppData\Roaming\Python\Python313\site-packages\django\template\base.py", line 154, in __init__
    self.nodelist = self.compile_nodelist()
                    ~~~~~~~~~~~~~~~~~~~~~^^
  File "C:\Users\Alexander\AppData\Roaming\Python\Python313\site-packages\django\template\base.py", line 196, in compile_nodelist
    nodelist = parser.parse()
  File "C:\Users\Alexander\AppData\Roaming\Python\Python313\site-packages\django\template\base.py", line 518, in parse
    raise self.error(token, e)
  File "C:\Users\Alexander\AppData\Roaming\Python\Python313\site-packages\django\template\base.py", line 516, in parse
    compiled_result = compile_func(self, token)
  File "C:\Users\Alexander\AppData\Roaming\Python\Python313\site-packages\django\template\loader_tags.py", line 299, in do_extends
    nodelist = parser.parse()
  File "C:\Users\Alexander\AppData\Roaming\Python\Python313\site-packages\django\template\base.py", line 512, in parse
    self.invalid_block_tag(token, command, parse_until)
    ~~~~~~~~~~~~~~~~~~~~~~^^^^^^^^^^^^^^^^^^^^^^^^^^^^^
  File "C:\Users\Alexander\AppData\Roaming\Python\Python313\site-packages\django\template\base.py", line 577, in invalid_block_tag
    raise self.error(
    ...<3 lines>...
    )
django.template.exceptions.TemplateSyntaxError: Invalid block tag on line 83: 'endblock'. Did you forget to register or load this tag?
[ERROR] 2025-09-04 21:01:54 "GET / HTTP/1.1" 500 166084
[ERROR] 2025-09-04 21:01:54 Internal Server Error: /
Traceback (most recent call last):
  File "C:\Users\Alexander\AppData\Roaming\Python\Python313\site-packages\django\template\base.py", line 510, in parse
    compile_func = self.tags[command]
                   ~~~~~~~~~^^^^^^^^^
KeyError: 'endblock'

During handling of the above exception, another exception occurred:

Traceback (most recent call last):
  File "C:\Users\Alexander\AppData\Roaming\Python\Python313\site-packages\django\core\handlers\exception.py", line 55, in inner
    response = get_response(request)
  File "C:\Users\Alexander\AppData\Roaming\Python\Python313\site-packages\django\core\handlers\base.py", line 220, in _get_response
    response = response.render()
  File "C:\Users\Alexander\AppData\Roaming\Python\Python313\site-packages\django\template\response.py", line 114, in render
    self.content = self.rendered_content
                   ^^^^^^^^^^^^^^^^^^^^^
  File "C:\Users\Alexander\AppData\Roaming\Python\Python313\site-packages\django\template\response.py", line 90, in rendered_content
    template = self.resolve_template(self.template_name)
  File "C:\Users\Alexander\AppData\Roaming\Python\Python313\site-packages\django\template\response.py", line 72, in resolve_template
    return select_template(template, using=self.using)
  File "C:\Users\Alexander\AppData\Roaming\Python\Python313\site-packages\django\template\loader.py", line 42, in select_template
    return engine.get_template(template_name)
           ~~~~~~~~~~~~~~~~~~~^^^^^^^^^^^^^^^
  File "C:\Users\Alexander\AppData\Roaming\Python\Python313\site-packages\django\template\backends\django.py", line 79, in get_template
    return Template(self.engine.get_template(template_name), self)
                    ~~~~~~~~~~~~~~~~~~~~~~~~^^^^^^^^^^^^^^^
  File "C:\Users\Alexander\AppData\Roaming\Python\Python313\site-packages\django\template\engine.py", line 177, in get_template
    template, origin = self.find_template(template_name)
                       ~~~~~~~~~~~~~~~~~~^^^^^^^^^^^^^^^
  File "C:\Users\Alexander\AppData\Roaming\Python\Python313\site-packages\django\template\engine.py", line 159, in find_template
    template = loader.get_template(name, skip=skip)
  File "C:\Users\Alexander\AppData\Roaming\Python\Python313\site-packages\django\template\loaders\cached.py", line 57, in get_template
    template = super().get_template(template_name, skip)
  File "C:\Users\Alexander\AppData\Roaming\Python\Python313\site-packages\django\template\loaders\base.py", line 28, in get_template
    return Template(
        contents,
    ...<2 lines>...
        self.engine,
    )
  File "C:\Users\Alexander\AppData\Roaming\Python\Python313\site-packages\django\template\base.py", line 154, in __init__
    self.nodelist = self.compile_nodelist()
                    ~~~~~~~~~~~~~~~~~~~~~^^
  File "C:\Users\Alexander\AppData\Roaming\Python\Python313\site-packages\django\template\base.py", line 196, in compile_nodelist
    nodelist = parser.parse()
  File "C:\Users\Alexander\AppData\Roaming\Python\Python313\site-packages\django\template\base.py", line 518, in parse
    raise self.error(token, e)
  File "C:\Users\Alexander\AppData\Roaming\Python\Python313\site-packages\django\template\base.py", line 516, in parse
    compiled_result = compile_func(self, token)
  File "C:\Users\Alexander\AppData\Roaming\Python\Python313\site-packages\django\template\loader_tags.py", line 299, in do_extends
    nodelist = parser.parse()
  File "C:\Users\Alexander\AppData\Roaming\Python\Python313\site-packages\django\template\base.py", line 512, in parse
    self.invalid_block_tag(token, command, parse_until)
    ~~~~~~~~~~~~~~~~~~~~~~^^^^^^^^^^^^^^^^^^^^^^^^^^^^^
  File "C:\Users\Alexander\AppData\Roaming\Python\Python313\site-packages\django\template\base.py", line 577, in invalid_block_tag
    raise self.error(
    ...<3 lines>...
    )
django.template.exceptions.TemplateSyntaxError: Invalid block tag on line 83: 'endblock'. Did you forget to register or load this tag?
[ERROR] 2025-09-04 21:01:54 "GET / HTTP/1.1" 500 166084
[ERROR] 2025-09-04 21:01:55 Internal Server Error: /
Traceback (most recent call last):
  File "C:\Users\Alexander\AppData\Roaming\Python\Python313\site-packages\django\template\base.py", line 510, in parse
    compile_func = self.tags[command]
                   ~~~~~~~~~^^^^^^^^^
KeyError: 'endblock'

During handling of the above exception, another exception occurred:

Traceback (most recent call last):
  File "C:\Users\Alexander\AppData\Roaming\Python\Python313\site-packages\django\core\handlers\exception.py", line 55, in inner
    response = get_response(request)
  File "C:\Users\Alexander\AppData\Roaming\Python\Python313\site-packages\django\core\handlers\base.py", line 220, in _get_response
    response = response.render()
  File "C:\Users\Alexander\AppData\Roaming\Python\Python313\site-packages\django\template\response.py", line 114, in render
    self.content = self.rendered_content
                   ^^^^^^^^^^^^^^^^^^^^^
  File "C:\Users\Alexander\AppData\Roaming\Python\Python313\site-packages\django\template\response.py", line 90, in rendered_content
    template = self.resolve_template(self.template_name)
  File "C:\Users\Alexander\AppData\Roaming\Python\Python313\site-packages\django\template\response.py", line 72, in resolve_template
    return select_template(template, using=self.using)
  File "C:\Users\Alexander\AppData\Roaming\Python\Python313\site-packages\django\template\loader.py", line 42, in select_template
    return engine.get_template(template_name)
           ~~~~~~~~~~~~~~~~~~~^^^^^^^^^^^^^^^
  File "C:\Users\Alexander\AppData\Roaming\Python\Python313\site-packages\django\template\backends\django.py", line 79, in get_template
    return Template(self.engine.get_template(template_name), self)
                    ~~~~~~~~~~~~~~~~~~~~~~~~^^^^^^^^^^^^^^^
  File "C:\Users\Alexander\AppData\Roaming\Python\Python313\site-packages\django\template\engine.py", line 177, in get_template
    template, origin = self.find_template(template_name)
                       ~~~~~~~~~~~~~~~~~~^^^^^^^^^^^^^^^
  File "C:\Users\Alexander\AppData\Roaming\Python\Python313\site-packages\django\template\engine.py", line 159, in find_template
    template = loader.get_template(name, skip=skip)
  File "C:\Users\Alexander\AppData\Roaming\Python\Python313\site-packages\django\template\loaders\cached.py", line 57, in get_template
    template = super().get_template(template_name, skip)
  File "C:\Users\Alexander\AppData\Roaming\Python\Python313\site-packages\django\template\loaders\base.py", line 28, in get_template
    return Template(
        contents,
    ...<2 lines>...
        self.engine,
    )
  File "C:\Users\Alexander\AppData\Roaming\Python\Python313\site-packages\django\template\base.py", line 154, in __init__
    self.nodelist = self.compile_nodelist()
                    ~~~~~~~~~~~~~~~~~~~~~^^
  File "C:\Users\Alexander\AppData\Roaming\Python\Python313\site-packages\django\template\base.py", line 196, in compile_nodelist
    nodelist = parser.parse()
  File "C:\Users\Alexander\AppData\Roaming\Python\Python313\site-packages\django\template\base.py", line 518, in parse
    raise self.error(token, e)
  File "C:\Users\Alexander\AppData\Roaming\Python\Python313\site-packages\django\template\base.py", line 516, in parse
    compiled_result = compile_func(self, token)
  File "C:\Users\Alexander\AppData\Roaming\Python\Python313\site-packages\django\template\loader_tags.py", line 299, in do_extends
    nodelist = parser.parse()
  File "C:\Users\Alexander\AppData\Roaming\Python\Python313\site-packages\django\template\base.py", line 512, in parse
    self.invalid_block_tag(token, command, parse_until)
    ~~~~~~~~~~~~~~~~~~~~~~^^^^^^^^^^^^^^^^^^^^^^^^^^^^^
  File "C:\Users\Alexander\AppData\Roaming\Python\Python313\site-packages\django\template\base.py", line 577, in invalid_block_tag
    raise self.error(
    ...<3 lines>...
    )
django.template.exceptions.TemplateSyntaxError: Invalid block tag on line 83: 'endblock'. Did you forget to register or load this tag?
[ERROR] 2025-09-04 21:01:55 "GET / HTTP/1.1" 500 166084
[ERROR] 2025-09-04 21:02:10 Internal Server Error: /
Traceback (most recent call last):
  File "C:\Users\Alexander\AppData\Roaming\Python\Python313\site-packages\django\template\base.py", line 510, in parse
    compile_func = self.tags[command]
                   ~~~~~~~~~^^^^^^^^^
KeyError: 'endblock'

During handling of the above exception, another exception occurred:

Traceback (most recent call last):
  File "C:\Users\Alexander\AppData\Roaming\Python\Python313\site-packages\django\core\handlers\exception.py", line 55, in inner
    response = get_response(request)
  File "C:\Users\Alexander\AppData\Roaming\Python\Python313\site-packages\django\core\handlers\base.py", line 220, in _get_response
    response = response.render()
  File "C:\Users\Alexander\AppData\Roaming\Python\Python313\site-packages\django\template\response.py", line 114, in render
    self.content = self.rendered_content
                   ^^^^^^^^^^^^^^^^^^^^^
  File "C:\Users\Alexander\AppData\Roaming\Python\Python313\site-packages\django\template\response.py", line 90, in rendered_content
    template = self.resolve_template(self.template_name)
  File "C:\Users\Alexander\AppData\Roaming\Python\Python313\site-packages\django\template\response.py", line 72, in resolve_template
    return select_template(template, using=self.using)
  File "C:\Users\Alexander\AppData\Roaming\Python\Python313\site-packages\django\template\loader.py", line 42, in select_template
    return engine.get_template(template_name)
           ~~~~~~~~~~~~~~~~~~~^^^^^^^^^^^^^^^
  File "C:\Users\Alexander\AppData\Roaming\Python\Python313\site-packages\django\template\backends\django.py", line 79, in get_template
    return Template(self.engine.get_template(template_name), self)
                    ~~~~~~~~~~~~~~~~~~~~~~~~^^^^^^^^^^^^^^^
  File "C:\Users\Alexander\AppData\Roaming\Python\Python313\site-packages\django\template\engine.py", line 177, in get_template
    template, origin = self.find_template(template_name)
                       ~~~~~~~~~~~~~~~~~~^^^^^^^^^^^^^^^
  File "C:\Users\Alexander\AppData\Roaming\Python\Python313\site-packages\django\template\engine.py", line 159, in find_template
    template = loader.get_template(name, skip=skip)
  File "C:\Users\Alexander\AppData\Roaming\Python\Python313\site-packages\django\template\loaders\cached.py", line 57, in get_template
    template = super().get_template(template_name, skip)
  File "C:\Users\Alexander\AppData\Roaming\Python\Python313\site-packages\django\template\loaders\base.py", line 28, in get_template
    return Template(
        contents,
    ...<2 lines>...
        self.engine,
    )
  File "C:\Users\Alexander\AppData\Roaming\Python\Python313\site-packages\django\template\base.py", line 154, in __init__
    self.nodelist = self.compile_nodelist()
                    ~~~~~~~~~~~~~~~~~~~~~^^
  File "C:\Users\Alexander\AppData\Roaming\Python\Python313\site-packages\django\template\base.py", line 196, in compile_nodelist
    nodelist = parser.parse()
  File "C:\Users\Alexander\AppData\Roaming\Python\Python313\site-packages\django\template\base.py", line 518, in parse
    raise self.error(token, e)
  File "C:\Users\Alexander\AppData\Roaming\Python\Python313\site-packages\django\template\base.py", line 516, in parse
    compiled_result = compile_func(self, token)
  File "C:\Users\Alexander\AppData\Roaming\Python\Python313\site-packages\django\template\loader_tags.py", line 299, in do_extends
    nodelist = parser.parse()
  File "C:\Users\Alexander\AppData\Roaming\Python\Python313\site-packages\django\template\base.py", line 512, in parse
    self.invalid_block_tag(token, command, parse_until)
    ~~~~~~~~~~~~~~~~~~~~~~^^^^^^^^^^^^^^^^^^^^^^^^^^^^^
  File "C:\Users\Alexander\AppData\Roaming\Python\Python313\site-packages\django\template\base.py", line 577, in invalid_block_tag
    raise self.error(
    ...<3 lines>...
    )
django.template.exceptions.TemplateSyntaxError: Invalid block tag on line 83: 'endblock'. Did you forget to register or load this tag?
[ERROR] 2025-09-04 21:02:10 "GET / HTTP/1.1" 500 166084
[INFO] 2025-09-04 21:03:18 D:\353504_SVIDINSKY_19\IGI\LR5\pizza\views.py changed, reloading.
[INFO] 2025-09-04 21:03:19 Watching for file changes with StatReloader
[INFO] 2025-09-04 21:03:40 D:\353504_SVIDINSKY_19\IGI\LR5\pizza\views.py changed, reloading.
[INFO] 2025-09-04 21:03:41 Watching for file changes with StatReloader
[ERROR] 2025-09-04 21:03:47 Internal Server Error: /
Traceback (most recent call last):
  File "C:\Users\Alexander\AppData\Roaming\Python\Python313\site-packages\django\template\base.py", line 510, in parse
    compile_func = self.tags[command]
                   ~~~~~~~~~^^^^^^^^^
KeyError: 'endblock'

During handling of the above exception, another exception occurred:

Traceback (most recent call last):
  File "C:\Users\Alexander\AppData\Roaming\Python\Python313\site-packages\django\core\handlers\exception.py", line 55, in inner
    response = get_response(request)
  File "C:\Users\Alexander\AppData\Roaming\Python\Python313\site-packages\django\core\handlers\base.py", line 220, in _get_response
    response = response.render()
  File "C:\Users\Alexander\AppData\Roaming\Python\Python313\site-packages\django\template\response.py", line 114, in render
    self.content = self.rendered_content
                   ^^^^^^^^^^^^^^^^^^^^^
  File "C:\Users\Alexander\AppData\Roaming\Python\Python313\site-packages\django\template\response.py", line 90, in rendered_content
    template = self.resolve_template(self.template_name)
  File "C:\Users\Alexander\AppData\Roaming\Python\Python313\site-packages\django\template\response.py", line 72, in resolve_template
    return select_template(template, using=self.using)
  File "C:\Users\Alexander\AppData\Roaming\Python\Python313\site-packages\django\template\loader.py", line 42, in select_template
    return engine.get_template(template_name)
           ~~~~~~~~~~~~~~~~~~~^^^^^^^^^^^^^^^
  File "C:\Users\Alexander\AppData\Roaming\Python\Python313\site-packages\django\template\backends\django.py", line 79, in get_template
    return Template(self.engine.get_template(template_name), self)
                    ~~~~~~~~~~~~~~~~~~~~~~~~^^^^^^^^^^^^^^^
  File "C:\Users\Alexander\AppData\Roaming\Python\Python313\site-packages\django\template\engine.py", line 177, in get_template
    template, origin = self.find_template(template_name)
                       ~~~~~~~~~~~~~~~~~~^^^^^^^^^^^^^^^
  File "C:\Users\Alexander\AppData\Roaming\Python\Python313\site-packages\django\template\engine.py", line 159, in find_template
    template = loader.get_template(name, skip=skip)
  File "C:\Users\Alexander\AppData\Roaming\Python\Python313\site-packages\django\template\loaders\cached.py", line 57, in get_template
    template = super().get_template(template_name, skip)
  File "C:\Users\Alexander\AppData\Roaming\Python\Python313\site-packages\django\template\loaders\base.py", line 28, in get_template
    return Template(
        contents,
    ...<2 lines>...
        self.engine,
    )
  File "C:\Users\Alexander\AppData\Roaming\Python\Python313\site-packages\django\template\base.py", line 154, in __init__
    self.nodelist = self.compile_nodelist()
                    ~~~~~~~~~~~~~~~~~~~~~^^
  File "C:\Users\Alexander\AppData\Roaming\Python\Python313\site-packages\django\template\base.py", line 196, in compile_nodelist
    nodelist = parser.parse()
  File "C:\Users\Alexander\AppData\Roaming\Python\Python313\site-packages\django\template\base.py", line 518, in parse
    raise self.error(token, e)
  File "C:\Users\Alexander\AppData\Roaming\Python\Python313\site-packages\django\template\base.py", line 516, in parse
    compiled_result = compile_func(self, token)
  File "C:\Users\Alexander\AppData\Roaming\Python\Python313\site-packages\django\template\loader_tags.py", line 299, in do_extends
    nodelist = parser.parse()
  File "C:\Users\Alexander\AppData\Roaming\Python\Python313\site-packages\django\template\base.py", line 512, in parse
    self.invalid_block_tag(token, command, parse_until)
    ~~~~~~~~~~~~~~~~~~~~~~^^^^^^^^^^^^^^^^^^^^^^^^^^^^^
  File "C:\Users\Alexander\AppData\Roaming\Python\Python313\site-packages\django\template\base.py", line 577, in invalid_block_tag
    raise self.error(
    ...<3 lines>...
    )
django.template.exceptions.TemplateSyntaxError: Invalid block tag on line 83: 'endblock'. Did you forget to register or load this tag?
[ERROR] 2025-09-04 21:03:47 "GET / HTTP/1.1" 500 166084
[ERROR] 2025-09-04 21:03:48 Internal Server Error: /
Traceback (most recent call last):
  File "C:\Users\Alexander\AppData\Roaming\Python\Python313\site-packages\django\template\base.py", line 510, in parse
    compile_func = self.tags[command]
                   ~~~~~~~~~^^^^^^^^^
KeyError: 'endblock'

During handling of the above exception, another exception occurred:

Traceback (most recent call last):
  File "C:\Users\Alexander\AppData\Roaming\Python\Python313\site-packages\django\core\handlers\exception.py", line 55, in inner
    response = get_response(request)
  File "C:\Users\Alexander\AppData\Roaming\Python\Python313\site-packages\django\core\handlers\base.py", line 220, in _get_response
    response = response.render()
  File "C:\Users\Alexander\AppData\Roaming\Python\Python313\site-packages\django\template\response.py", line 114, in render
    self.content = self.rendered_content
                   ^^^^^^^^^^^^^^^^^^^^^
  File "C:\Users\Alexander\AppData\Roaming\Python\Python313\site-packages\django\template\response.py", line 90, in rendered_content
    template = self.resolve_template(self.template_name)
  File "C:\Users\Alexander\AppData\Roaming\Python\Python313\site-packages\django\template\response.py", line 72, in resolve_template
    return select_template(template, using=self.using)
  File "C:\Users\Alexander\AppData\Roaming\Python\Python313\site-packages\django\template\loader.py", line 42, in select_template
    return engine.get_template(template_name)
           ~~~~~~~~~~~~~~~~~~~^^^^^^^^^^^^^^^
  File "C:\Users\Alexander\AppData\Roaming\Python\Python313\site-packages\django\template\backends\django.py", line 79, in get_template
    return Template(self.engine.get_template(template_name), self)
                    ~~~~~~~~~~~~~~~~~~~~~~~~^^^^^^^^^^^^^^^
  File "C:\Users\Alexander\AppData\Roaming\Python\Python313\site-packages\django\template\engine.py", line 177, in get_template
    template, origin = self.find_template(template_name)
                       ~~~~~~~~~~~~~~~~~~^^^^^^^^^^^^^^^
  File "C:\Users\Alexander\AppData\Roaming\Python\Python313\site-packages\django\template\engine.py", line 159, in find_template
    template = loader.get_template(name, skip=skip)
  File "C:\Users\Alexander\AppData\Roaming\Python\Python313\site-packages\django\template\loaders\cached.py", line 57, in get_template
    template = super().get_template(template_name, skip)
  File "C:\Users\Alexander\AppData\Roaming\Python\Python313\site-packages\django\template\loaders\base.py", line 28, in get_template
    return Template(
        contents,
    ...<2 lines>...
        self.engine,
    )
  File "C:\Users\Alexander\AppData\Roaming\Python\Python313\site-packages\django\template\base.py", line 154, in __init__
    self.nodelist = self.compile_nodelist()
                    ~~~~~~~~~~~~~~~~~~~~~^^
  File "C:\Users\Alexander\AppData\Roaming\Python\Python313\site-packages\django\template\base.py", line 196, in compile_nodelist
    nodelist = parser.parse()
  File "C:\Users\Alexander\AppData\Roaming\Python\Python313\site-packages\django\template\base.py", line 518, in parse
    raise self.error(token, e)
  File "C:\Users\Alexander\AppData\Roaming\Python\Python313\site-packages\django\template\base.py", line 516, in parse
    compiled_result = compile_func(self, token)
  File "C:\Users\Alexander\AppData\Roaming\Python\Python313\site-packages\django\template\loader_tags.py", line 299, in do_extends
    nodelist = parser.parse()
  File "C:\Users\Alexander\AppData\Roaming\Python\Python313\site-packages\django\template\base.py", line 512, in parse
    self.invalid_block_tag(token, command, parse_until)
    ~~~~~~~~~~~~~~~~~~~~~~^^^^^^^^^^^^^^^^^^^^^^^^^^^^^
  File "C:\Users\Alexander\AppData\Roaming\Python\Python313\site-packages\django\template\base.py", line 577, in invalid_block_tag
    raise self.error(
    ...<3 lines>...
    )
django.template.exceptions.TemplateSyntaxError: Invalid block tag on line 83: 'endblock'. Did you forget to register or load this tag?
[ERROR] 2025-09-04 21:03:48 "GET / HTTP/1.1" 500 166084
[ERROR] 2025-09-04 21:03:54 Internal Server Error: /
Traceback (most recent call last):
  File "C:\Users\Alexander\AppData\Roaming\Python\Python313\site-packages\django\template\base.py", line 510, in parse
    compile_func = self.tags[command]
                   ~~~~~~~~~^^^^^^^^^
KeyError: 'endblock'

During handling of the above exception, another exception occurred:

Traceback (most recent call last):
  File "C:\Users\Alexander\AppData\Roaming\Python\Python313\site-packages\django\core\handlers\exception.py", line 55, in inner
    response = get_response(request)
  File "C:\Users\Alexander\AppData\Roaming\Python\Python313\site-packages\django\core\handlers\base.py", line 220, in _get_response
    response = response.render()
  File "C:\Users\Alexander\AppData\Roaming\Python\Python313\site-packages\django\template\response.py", line 114, in render
    self.content = self.rendered_content
                   ^^^^^^^^^^^^^^^^^^^^^
  File "C:\Users\Alexander\AppData\Roaming\Python\Python313\site-packages\django\template\response.py", line 90, in rendered_content
    template = self.resolve_template(self.template_name)
  File "C:\Users\Alexander\AppData\Roaming\Python\Python313\site-packages\django\template\response.py", line 72, in resolve_template
    return select_template(template, using=self.using)
  File "C:\Users\Alexander\AppData\Roaming\Python\Python313\site-packages\django\template\loader.py", line 42, in select_template
    return engine.get_template(template_name)
           ~~~~~~~~~~~~~~~~~~~^^^^^^^^^^^^^^^
  File "C:\Users\Alexander\AppData\Roaming\Python\Python313\site-packages\django\template\backends\django.py", line 79, in get_template
    return Template(self.engine.get_template(template_name), self)
                    ~~~~~~~~~~~~~~~~~~~~~~~~^^^^^^^^^^^^^^^
  File "C:\Users\Alexander\AppData\Roaming\Python\Python313\site-packages\django\template\engine.py", line 177, in get_template
    template, origin = self.find_template(template_name)
                       ~~~~~~~~~~~~~~~~~~^^^^^^^^^^^^^^^
  File "C:\Users\Alexander\AppData\Roaming\Python\Python313\site-packages\django\template\engine.py", line 159, in find_template
    template = loader.get_template(name, skip=skip)
  File "C:\Users\Alexander\AppData\Roaming\Python\Python313\site-packages\django\template\loaders\cached.py", line 57, in get_template
    template = super().get_template(template_name, skip)
  File "C:\Users\Alexander\AppData\Roaming\Python\Python313\site-packages\django\template\loaders\base.py", line 28, in get_template
    return Template(
        contents,
    ...<2 lines>...
        self.engine,
    )
  File "C:\Users\Alexander\AppData\Roaming\Python\Python313\site-packages\django\template\base.py", line 154, in __init__
    self.nodelist = self.compile_nodelist()
                    ~~~~~~~~~~~~~~~~~~~~~^^
  File "C:\Users\Alexander\AppData\Roaming\Python\Python313\site-packages\django\template\base.py", line 196, in compile_nodelist
    nodelist = parser.parse()
  File "C:\Users\Alexander\AppData\Roaming\Python\Python313\site-packages\django\template\base.py", line 518, in parse
    raise self.error(token, e)
  File "C:\Users\Alexander\AppData\Roaming\Python\Python313\site-packages\django\template\base.py", line 516, in parse
    compiled_result = compile_func(self, token)
  File "C:\Users\Alexander\AppData\Roaming\Python\Python313\site-packages\django\template\loader_tags.py", line 299, in do_extends
    nodelist = parser.parse()
  File "C:\Users\Alexander\AppData\Roaming\Python\Python313\site-packages\django\template\base.py", line 512, in parse
    self.invalid_block_tag(token, command, parse_until)
    ~~~~~~~~~~~~~~~~~~~~~~^^^^^^^^^^^^^^^^^^^^^^^^^^^^^
  File "C:\Users\Alexander\AppData\Roaming\Python\Python313\site-packages\django\template\base.py", line 577, in invalid_block_tag
    raise self.error(
    ...<3 lines>...
    )
django.template.exceptions.TemplateSyntaxError: Invalid block tag on line 83: 'endblock'. Did you forget to register or load this tag?
[ERROR] 2025-09-04 21:03:54 "GET / HTTP/1.1" 500 166084
[ERROR] 2025-09-04 21:03:56 Internal Server Error: /
Traceback (most recent call last):
  File "C:\Users\Alexander\AppData\Roaming\Python\Python313\site-packages\django\template\base.py", line 510, in parse
    compile_func = self.tags[command]
                   ~~~~~~~~~^^^^^^^^^
KeyError: 'endblock'

During handling of the above exception, another exception occurred:

Traceback (most recent call last):
  File "C:\Users\Alexander\AppData\Roaming\Python\Python313\site-packages\django\core\handlers\exception.py", line 55, in inner
    response = get_response(request)
  File "C:\Users\Alexander\AppData\Roaming\Python\Python313\site-packages\django\core\handlers\base.py", line 220, in _get_response
    response = response.render()
  File "C:\Users\Alexander\AppData\Roaming\Python\Python313\site-packages\django\template\response.py", line 114, in render
    self.content = self.rendered_content
                   ^^^^^^^^^^^^^^^^^^^^^
  File "C:\Users\Alexander\AppData\Roaming\Python\Python313\site-packages\django\template\response.py", line 90, in rendered_content
    template = self.resolve_template(self.template_name)
  File "C:\Users\Alexander\AppData\Roaming\Python\Python313\site-packages\django\template\response.py", line 72, in resolve_template
    return select_template(template, using=self.using)
  File "C:\Users\Alexander\AppData\Roaming\Python\Python313\site-packages\django\template\loader.py", line 42, in select_template
    return engine.get_template(template_name)
           ~~~~~~~~~~~~~~~~~~~^^^^^^^^^^^^^^^
  File "C:\Users\Alexander\AppData\Roaming\Python\Python313\site-packages\django\template\backends\django.py", line 79, in get_template
    return Template(self.engine.get_template(template_name), self)
                    ~~~~~~~~~~~~~~~~~~~~~~~~^^^^^^^^^^^^^^^
  File "C:\Users\Alexander\AppData\Roaming\Python\Python313\site-packages\django\template\engine.py", line 177, in get_template
    template, origin = self.find_template(template_name)
                       ~~~~~~~~~~~~~~~~~~^^^^^^^^^^^^^^^
  File "C:\Users\Alexander\AppData\Roaming\Python\Python313\site-packages\django\template\engine.py", line 159, in find_template
    template = loader.get_template(name, skip=skip)
  File "C:\Users\Alexander\AppData\Roaming\Python\Python313\site-packages\django\template\loaders\cached.py", line 57, in get_template
    template = super().get_template(template_name, skip)
  File "C:\Users\Alexander\AppData\Roaming\Python\Python313\site-packages\django\template\loaders\base.py", line 28, in get_template
    return Template(
        contents,
    ...<2 lines>...
        self.engine,
    )
  File "C:\Users\Alexander\AppData\Roaming\Python\Python313\site-packages\django\template\base.py", line 154, in __init__
    self.nodelist = self.compile_nodelist()
                    ~~~~~~~~~~~~~~~~~~~~~^^
  File "C:\Users\Alexander\AppData\Roaming\Python\Python313\site-packages\django\template\base.py", line 196, in compile_nodelist
    nodelist = parser.parse()
  File "C:\Users\Alexander\AppData\Roaming\Python\Python313\site-packages\django\template\base.py", line 518, in parse
    raise self.error(token, e)
  File "C:\Users\Alexander\AppData\Roaming\Python\Python313\site-packages\django\template\base.py", line 516, in parse
    compiled_result = compile_func(self, token)
  File "C:\Users\Alexander\AppData\Roaming\Python\Python313\site-packages\django\template\loader_tags.py", line 299, in do_extends
    nodelist = parser.parse()
  File "C:\Users\Alexander\AppData\Roaming\Python\Python313\site-packages\django\template\base.py", line 512, in parse
    self.invalid_block_tag(token, command, parse_until)
    ~~~~~~~~~~~~~~~~~~~~~~^^^^^^^^^^^^^^^^^^^^^^^^^^^^^
  File "C:\Users\Alexander\AppData\Roaming\Python\Python313\site-packages\django\template\base.py", line 577, in invalid_block_tag
    raise self.error(
    ...<3 lines>...
    )
django.template.exceptions.TemplateSyntaxError: Invalid block tag on line 83: 'endblock'. Did you forget to register or load this tag?
[ERROR] 2025-09-04 21:03:56 "GET / HTTP/1.1" 500 165947
[ERROR] 2025-09-04 21:04:45 Internal Server Error: /
Traceback (most recent call last):
  File "C:\Users\Alexander\AppData\Roaming\Python\Python313\site-packages\django\template\base.py", line 510, in parse
    compile_func = self.tags[command]
                   ~~~~~~~~~^^^^^^^^^
KeyError: 'endblock'

During handling of the above exception, another exception occurred:

Traceback (most recent call last):
  File "C:\Users\Alexander\AppData\Roaming\Python\Python313\site-packages\django\core\handlers\exception.py", line 55, in inner
    response = get_response(request)
  File "C:\Users\Alexander\AppData\Roaming\Python\Python313\site-packages\django\core\handlers\base.py", line 220, in _get_response
    response = response.render()
  File "C:\Users\Alexander\AppData\Roaming\Python\Python313\site-packages\django\template\response.py", line 114, in render
    self.content = self.rendered_content
                   ^^^^^^^^^^^^^^^^^^^^^
  File "C:\Users\Alexander\AppData\Roaming\Python\Python313\site-packages\django\template\response.py", line 90, in rendered_content
    template = self.resolve_template(self.template_name)
  File "C:\Users\Alexander\AppData\Roaming\Python\Python313\site-packages\django\template\response.py", line 72, in resolve_template
    return select_template(template, using=self.using)
  File "C:\Users\Alexander\AppData\Roaming\Python\Python313\site-packages\django\template\loader.py", line 42, in select_template
    return engine.get_template(template_name)
           ~~~~~~~~~~~~~~~~~~~^^^^^^^^^^^^^^^
  File "C:\Users\Alexander\AppData\Roaming\Python\Python313\site-packages\django\template\backends\django.py", line 79, in get_template
    return Template(self.engine.get_template(template_name), self)
                    ~~~~~~~~~~~~~~~~~~~~~~~~^^^^^^^^^^^^^^^
  File "C:\Users\Alexander\AppData\Roaming\Python\Python313\site-packages\django\template\engine.py", line 177, in get_template
    template, origin = self.find_template(template_name)
                       ~~~~~~~~~~~~~~~~~~^^^^^^^^^^^^^^^
  File "C:\Users\Alexander\AppData\Roaming\Python\Python313\site-packages\django\template\engine.py", line 159, in find_template
    template = loader.get_template(name, skip=skip)
  File "C:\Users\Alexander\AppData\Roaming\Python\Python313\site-packages\django\template\loaders\cached.py", line 57, in get_template
    template = super().get_template(template_name, skip)
  File "C:\Users\Alexander\AppData\Roaming\Python\Python313\site-packages\django\template\loaders\base.py", line 28, in get_template
    return Template(
        contents,
    ...<2 lines>...
        self.engine,
    )
  File "C:\Users\Alexander\AppData\Roaming\Python\Python313\site-packages\django\template\base.py", line 154, in __init__
    self.nodelist = self.compile_nodelist()
                    ~~~~~~~~~~~~~~~~~~~~~^^
  File "C:\Users\Alexander\AppData\Roaming\Python\Python313\site-packages\django\template\base.py", line 196, in compile_nodelist
    nodelist = parser.parse()
  File "C:\Users\Alexander\AppData\Roaming\Python\Python313\site-packages\django\template\base.py", line 518, in parse
    raise self.error(token, e)
  File "C:\Users\Alexander\AppData\Roaming\Python\Python313\site-packages\django\template\base.py", line 516, in parse
    compiled_result = compile_func(self, token)
  File "C:\Users\Alexander\AppData\Roaming\Python\Python313\site-packages\django\template\loader_tags.py", line 299, in do_extends
    nodelist = parser.parse()
  File "C:\Users\Alexander\AppData\Roaming\Python\Python313\site-packages\django\template\base.py", line 512, in parse
    self.invalid_block_tag(token, command, parse_until)
    ~~~~~~~~~~~~~~~~~~~~~~^^^^^^^^^^^^^^^^^^^^^^^^^^^^^
  File "C:\Users\Alexander\AppData\Roaming\Python\Python313\site-packages\django\template\base.py", line 577, in invalid_block_tag
    raise self.error(
    ...<3 lines>...
    )
django.template.exceptions.TemplateSyntaxError: Invalid block tag on line 83: 'endblock'. Did you forget to register or load this tag?
[ERROR] 2025-09-04 21:04:45 "GET / HTTP/1.1" 500 166084
[INFO] 2025-09-04 21:05:49 Watching for file changes with StatReloader
[ERROR] 2025-09-04 21:05:51 Internal Server Error: /
Traceback (most recent call last):
  File "C:\Users\Alexander\AppData\Roaming\Python\Python313\site-packages\django\template\base.py", line 510, in parse
    compile_func = self.tags[command]
                   ~~~~~~~~~^^^^^^^^^
KeyError: 'endblock'

During handling of the above exception, another exception occurred:

Traceback (most recent call last):
  File "C:\Users\Alexander\AppData\Roaming\Python\Python313\site-packages\django\core\handlers\exception.py", line 55, in inner
    response = get_response(request)
  File "C:\Users\Alexander\AppData\Roaming\Python\Python313\site-packages\django\core\handlers\base.py", line 220, in _get_response
    response = response.render()
  File "C:\Users\Alexander\AppData\Roaming\Python\Python313\site-packages\django\template\response.py", line 114, in render
    self.content = self.rendered_content
                   ^^^^^^^^^^^^^^^^^^^^^
  File "C:\Users\Alexander\AppData\Roaming\Python\Python313\site-packages\django\template\response.py", line 90, in rendered_content
    template = self.resolve_template(self.template_name)
  File "C:\Users\Alexander\AppData\Roaming\Python\Python313\site-packages\django\template\response.py", line 72, in resolve_template
    return select_template(template, using=self.using)
  File "C:\Users\Alexander\AppData\Roaming\Python\Python313\site-packages\django\template\loader.py", line 42, in select_template
    return engine.get_template(template_name)
           ~~~~~~~~~~~~~~~~~~~^^^^^^^^^^^^^^^
  File "C:\Users\Alexander\AppData\Roaming\Python\Python313\site-packages\django\template\backends\django.py", line 79, in get_template
    return Template(self.engine.get_template(template_name), self)
                    ~~~~~~~~~~~~~~~~~~~~~~~~^^^^^^^^^^^^^^^
  File "C:\Users\Alexander\AppData\Roaming\Python\Python313\site-packages\django\template\engine.py", line 177, in get_template
    template, origin = self.find_template(template_name)
                       ~~~~~~~~~~~~~~~~~~^^^^^^^^^^^^^^^
  File "C:\Users\Alexander\AppData\Roaming\Python\Python313\site-packages\django\template\engine.py", line 159, in find_template
    template = loader.get_template(name, skip=skip)
  File "C:\Users\Alexander\AppData\Roaming\Python\Python313\site-packages\django\template\loaders\cached.py", line 57, in get_template
    template = super().get_template(template_name, skip)
  File "C:\Users\Alexander\AppData\Roaming\Python\Python313\site-packages\django\template\loaders\base.py", line 28, in get_template
    return Template(
        contents,
    ...<2 lines>...
        self.engine,
    )
  File "C:\Users\Alexander\AppData\Roaming\Python\Python313\site-packages\django\template\base.py", line 154, in __init__
    self.nodelist = self.compile_nodelist()
                    ~~~~~~~~~~~~~~~~~~~~~^^
  File "C:\Users\Alexander\AppData\Roaming\Python\Python313\site-packages\django\template\base.py", line 196, in compile_nodelist
    nodelist = parser.parse()
  File "C:\Users\Alexander\AppData\Roaming\Python\Python313\site-packages\django\template\base.py", line 518, in parse
    raise self.error(token, e)
  File "C:\Users\Alexander\AppData\Roaming\Python\Python313\site-packages\django\template\base.py", line 516, in parse
    compiled_result = compile_func(self, token)
  File "C:\Users\Alexander\AppData\Roaming\Python\Python313\site-packages\django\template\loader_tags.py", line 299, in do_extends
    nodelist = parser.parse()
  File "C:\Users\Alexander\AppData\Roaming\Python\Python313\site-packages\django\template\base.py", line 512, in parse
    self.invalid_block_tag(token, command, parse_until)
    ~~~~~~~~~~~~~~~~~~~~~~^^^^^^^^^^^^^^^^^^^^^^^^^^^^^
  File "C:\Users\Alexander\AppData\Roaming\Python\Python313\site-packages\django\template\base.py", line 577, in invalid_block_tag
    raise self.error(
    ...<3 lines>...
    )
django.template.exceptions.TemplateSyntaxError: Invalid block tag on line 83: 'endblock'. Did you forget to register or load this tag?
[ERROR] 2025-09-04 21:05:51 "GET / HTTP/1.1" 500 166084
[ERROR] 2025-09-04 21:05:53 Internal Server Error: /
Traceback (most recent call last):
  File "C:\Users\Alexander\AppData\Roaming\Python\Python313\site-packages\django\template\base.py", line 510, in parse
    compile_func = self.tags[command]
                   ~~~~~~~~~^^^^^^^^^
KeyError: 'endblock'

During handling of the above exception, another exception occurred:

Traceback (most recent call last):
  File "C:\Users\Alexander\AppData\Roaming\Python\Python313\site-packages\django\core\handlers\exception.py", line 55, in inner
    response = get_response(request)
  File "C:\Users\Alexander\AppData\Roaming\Python\Python313\site-packages\django\core\handlers\base.py", line 220, in _get_response
    response = response.render()
  File "C:\Users\Alexander\AppData\Roaming\Python\Python313\site-packages\django\template\response.py", line 114, in render
    self.content = self.rendered_content
                   ^^^^^^^^^^^^^^^^^^^^^
  File "C:\Users\Alexander\AppData\Roaming\Python\Python313\site-packages\django\template\response.py", line 90, in rendered_content
    template = self.resolve_template(self.template_name)
  File "C:\Users\Alexander\AppData\Roaming\Python\Python313\site-packages\django\template\response.py", line 72, in resolve_template
    return select_template(template, using=self.using)
  File "C:\Users\Alexander\AppData\Roaming\Python\Python313\site-packages\django\template\loader.py", line 42, in select_template
    return engine.get_template(template_name)
           ~~~~~~~~~~~~~~~~~~~^^^^^^^^^^^^^^^
  File "C:\Users\Alexander\AppData\Roaming\Python\Python313\site-packages\django\template\backends\django.py", line 79, in get_template
    return Template(self.engine.get_template(template_name), self)
                    ~~~~~~~~~~~~~~~~~~~~~~~~^^^^^^^^^^^^^^^
  File "C:\Users\Alexander\AppData\Roaming\Python\Python313\site-packages\django\template\engine.py", line 177, in get_template
    template, origin = self.find_template(template_name)
                       ~~~~~~~~~~~~~~~~~~^^^^^^^^^^^^^^^
  File "C:\Users\Alexander\AppData\Roaming\Python\Python313\site-packages\django\template\engine.py", line 159, in find_template
    template = loader.get_template(name, skip=skip)
  File "C:\Users\Alexander\AppData\Roaming\Python\Python313\site-packages\django\template\loaders\cached.py", line 57, in get_template
    template = super().get_template(template_name, skip)
  File "C:\Users\Alexander\AppData\Roaming\Python\Python313\site-packages\django\template\loaders\base.py", line 28, in get_template
    return Template(
        contents,
    ...<2 lines>...
        self.engine,
    )
  File "C:\Users\Alexander\AppData\Roaming\Python\Python313\site-packages\django\template\base.py", line 154, in __init__
    self.nodelist = self.compile_nodelist()
                    ~~~~~~~~~~~~~~~~~~~~~^^
  File "C:\Users\Alexander\AppData\Roaming\Python\Python313\site-packages\django\template\base.py", line 196, in compile_nodelist
    nodelist = parser.parse()
  File "C:\Users\Alexander\AppData\Roaming\Python\Python313\site-packages\django\template\base.py", line 518, in parse
    raise self.error(token, e)
  File "C:\Users\Alexander\AppData\Roaming\Python\Python313\site-packages\django\template\base.py", line 516, in parse
    compiled_result = compile_func(self, token)
  File "C:\Users\Alexander\AppData\Roaming\Python\Python313\site-packages\django\template\loader_tags.py", line 299, in do_extends
    nodelist = parser.parse()
  File "C:\Users\Alexander\AppData\Roaming\Python\Python313\site-packages\django\template\base.py", line 512, in parse
    self.invalid_block_tag(token, command, parse_until)
    ~~~~~~~~~~~~~~~~~~~~~~^^^^^^^^^^^^^^^^^^^^^^^^^^^^^
  File "C:\Users\Alexander\AppData\Roaming\Python\Python313\site-packages\django\template\base.py", line 577, in invalid_block_tag
    raise self.error(
    ...<3 lines>...
    )
django.template.exceptions.TemplateSyntaxError: Invalid block tag on line 83: 'endblock'. Did you forget to register or load this tag?
[ERROR] 2025-09-04 21:05:53 "GET / HTTP/1.1" 500 166084
[ERROR] 2025-09-04 21:05:53 Internal Server Error: /
Traceback (most recent call last):
  File "C:\Users\Alexander\AppData\Roaming\Python\Python313\site-packages\django\template\base.py", line 510, in parse
    compile_func = self.tags[command]
                   ~~~~~~~~~^^^^^^^^^
KeyError: 'endblock'

During handling of the above exception, another exception occurred:

Traceback (most recent call last):
  File "C:\Users\Alexander\AppData\Roaming\Python\Python313\site-packages\django\core\handlers\exception.py", line 55, in inner
    response = get_response(request)
  File "C:\Users\Alexander\AppData\Roaming\Python\Python313\site-packages\django\core\handlers\base.py", line 220, in _get_response
    response = response.render()
  File "C:\Users\Alexander\AppData\Roaming\Python\Python313\site-packages\django\template\response.py", line 114, in render
    self.content = self.rendered_content
                   ^^^^^^^^^^^^^^^^^^^^^
  File "C:\Users\Alexander\AppData\Roaming\Python\Python313\site-packages\django\template\response.py", line 90, in rendered_content
    template = self.resolve_template(self.template_name)
  File "C:\Users\Alexander\AppData\Roaming\Python\Python313\site-packages\django\template\response.py", line 72, in resolve_template
    return select_template(template, using=self.using)
  File "C:\Users\Alexander\AppData\Roaming\Python\Python313\site-packages\django\template\loader.py", line 42, in select_template
    return engine.get_template(template_name)
           ~~~~~~~~~~~~~~~~~~~^^^^^^^^^^^^^^^
  File "C:\Users\Alexander\AppData\Roaming\Python\Python313\site-packages\django\template\backends\django.py", line 79, in get_template
    return Template(self.engine.get_template(template_name), self)
                    ~~~~~~~~~~~~~~~~~~~~~~~~^^^^^^^^^^^^^^^
  File "C:\Users\Alexander\AppData\Roaming\Python\Python313\site-packages\django\template\engine.py", line 177, in get_template
    template, origin = self.find_template(template_name)
                       ~~~~~~~~~~~~~~~~~~^^^^^^^^^^^^^^^
  File "C:\Users\Alexander\AppData\Roaming\Python\Python313\site-packages\django\template\engine.py", line 159, in find_template
    template = loader.get_template(name, skip=skip)
  File "C:\Users\Alexander\AppData\Roaming\Python\Python313\site-packages\django\template\loaders\cached.py", line 57, in get_template
    template = super().get_template(template_name, skip)
  File "C:\Users\Alexander\AppData\Roaming\Python\Python313\site-packages\django\template\loaders\base.py", line 28, in get_template
    return Template(
        contents,
    ...<2 lines>...
        self.engine,
    )
  File "C:\Users\Alexander\AppData\Roaming\Python\Python313\site-packages\django\template\base.py", line 154, in __init__
    self.nodelist = self.compile_nodelist()
                    ~~~~~~~~~~~~~~~~~~~~~^^
  File "C:\Users\Alexander\AppData\Roaming\Python\Python313\site-packages\django\template\base.py", line 196, in compile_nodelist
    nodelist = parser.parse()
  File "C:\Users\Alexander\AppData\Roaming\Python\Python313\site-packages\django\template\base.py", line 518, in parse
    raise self.error(token, e)
  File "C:\Users\Alexander\AppData\Roaming\Python\Python313\site-packages\django\template\base.py", line 516, in parse
    compiled_result = compile_func(self, token)
  File "C:\Users\Alexander\AppData\Roaming\Python\Python313\site-packages\django\template\loader_tags.py", line 299, in do_extends
    nodelist = parser.parse()
  File "C:\Users\Alexander\AppData\Roaming\Python\Python313\site-packages\django\template\base.py", line 512, in parse
    self.invalid_block_tag(token, command, parse_until)
    ~~~~~~~~~~~~~~~~~~~~~~^^^^^^^^^^^^^^^^^^^^^^^^^^^^^
  File "C:\Users\Alexander\AppData\Roaming\Python\Python313\site-packages\django\template\base.py", line 577, in invalid_block_tag
    raise self.error(
    ...<3 lines>...
    )
django.template.exceptions.TemplateSyntaxError: Invalid block tag on line 83: 'endblock'. Did you forget to register or load this tag?
[ERROR] 2025-09-04 21:05:53 "GET / HTTP/1.1" 500 166084
[ERROR] 2025-09-04 21:05:54 Internal Server Error: /
Traceback (most recent call last):
  File "C:\Users\Alexander\AppData\Roaming\Python\Python313\site-packages\django\template\base.py", line 510, in parse
    compile_func = self.tags[command]
                   ~~~~~~~~~^^^^^^^^^
KeyError: 'endblock'

During handling of the above exception, another exception occurred:

Traceback (most recent call last):
  File "C:\Users\Alexander\AppData\Roaming\Python\Python313\site-packages\django\core\handlers\exception.py", line 55, in inner
    response = get_response(request)
  File "C:\Users\Alexander\AppData\Roaming\Python\Python313\site-packages\django\core\handlers\base.py", line 220, in _get_response
    response = response.render()
  File "C:\Users\Alexander\AppData\Roaming\Python\Python313\site-packages\django\template\response.py", line 114, in render
    self.content = self.rendered_content
                   ^^^^^^^^^^^^^^^^^^^^^
  File "C:\Users\Alexander\AppData\Roaming\Python\Python313\site-packages\django\template\response.py", line 90, in rendered_content
    template = self.resolve_template(self.template_name)
  File "C:\Users\Alexander\AppData\Roaming\Python\Python313\site-packages\django\template\response.py", line 72, in resolve_template
    return select_template(template, using=self.using)
  File "C:\Users\Alexander\AppData\Roaming\Python\Python313\site-packages\django\template\loader.py", line 42, in select_template
    return engine.get_template(template_name)
           ~~~~~~~~~~~~~~~~~~~^^^^^^^^^^^^^^^
  File "C:\Users\Alexander\AppData\Roaming\Python\Python313\site-packages\django\template\backends\django.py", line 79, in get_template
    return Template(self.engine.get_template(template_name), self)
                    ~~~~~~~~~~~~~~~~~~~~~~~~^^^^^^^^^^^^^^^
  File "C:\Users\Alexander\AppData\Roaming\Python\Python313\site-packages\django\template\engine.py", line 177, in get_template
    template, origin = self.find_template(template_name)
                       ~~~~~~~~~~~~~~~~~~^^^^^^^^^^^^^^^
  File "C:\Users\Alexander\AppData\Roaming\Python\Python313\site-packages\django\template\engine.py", line 159, in find_template
    template = loader.get_template(name, skip=skip)
  File "C:\Users\Alexander\AppData\Roaming\Python\Python313\site-packages\django\template\loaders\cached.py", line 57, in get_template
    template = super().get_template(template_name, skip)
  File "C:\Users\Alexander\AppData\Roaming\Python\Python313\site-packages\django\template\loaders\base.py", line 28, in get_template
    return Template(
        contents,
    ...<2 lines>...
        self.engine,
    )
  File "C:\Users\Alexander\AppData\Roaming\Python\Python313\site-packages\django\template\base.py", line 154, in __init__
    self.nodelist = self.compile_nodelist()
                    ~~~~~~~~~~~~~~~~~~~~~^^
  File "C:\Users\Alexander\AppData\Roaming\Python\Python313\site-packages\django\template\base.py", line 196, in compile_nodelist
    nodelist = parser.parse()
  File "C:\Users\Alexander\AppData\Roaming\Python\Python313\site-packages\django\template\base.py", line 518, in parse
    raise self.error(token, e)
  File "C:\Users\Alexander\AppData\Roaming\Python\Python313\site-packages\django\template\base.py", line 516, in parse
    compiled_result = compile_func(self, token)
  File "C:\Users\Alexander\AppData\Roaming\Python\Python313\site-packages\django\template\loader_tags.py", line 299, in do_extends
    nodelist = parser.parse()
  File "C:\Users\Alexander\AppData\Roaming\Python\Python313\site-packages\django\template\base.py", line 512, in parse
    self.invalid_block_tag(token, command, parse_until)
    ~~~~~~~~~~~~~~~~~~~~~~^^^^^^^^^^^^^^^^^^^^^^^^^^^^^
  File "C:\Users\Alexander\AppData\Roaming\Python\Python313\site-packages\django\template\base.py", line 577, in invalid_block_tag
    raise self.error(
    ...<3 lines>...
    )
django.template.exceptions.TemplateSyntaxError: Invalid block tag on line 83: 'endblock'. Did you forget to register or load this tag?
[ERROR] 2025-09-04 21:05:54 "GET / HTTP/1.1" 500 166084
[ERROR] 2025-09-04 21:05:54 Internal Server Error: /
Traceback (most recent call last):
  File "C:\Users\Alexander\AppData\Roaming\Python\Python313\site-packages\django\template\base.py", line 510, in parse
    compile_func = self.tags[command]
                   ~~~~~~~~~^^^^^^^^^
KeyError: 'endblock'

During handling of the above exception, another exception occurred:

Traceback (most recent call last):
  File "C:\Users\Alexander\AppData\Roaming\Python\Python313\site-packages\django\core\handlers\exception.py", line 55, in inner
    response = get_response(request)
  File "C:\Users\Alexander\AppData\Roaming\Python\Python313\site-packages\django\core\handlers\base.py", line 220, in _get_response
    response = response.render()
  File "C:\Users\Alexander\AppData\Roaming\Python\Python313\site-packages\django\template\response.py", line 114, in render
    self.content = self.rendered_content
                   ^^^^^^^^^^^^^^^^^^^^^
  File "C:\Users\Alexander\AppData\Roaming\Python\Python313\site-packages\django\template\response.py", line 90, in rendered_content
    template = self.resolve_template(self.template_name)
  File "C:\Users\Alexander\AppData\Roaming\Python\Python313\site-packages\django\template\response.py", line 72, in resolve_template
    return select_template(template, using=self.using)
  File "C:\Users\Alexander\AppData\Roaming\Python\Python313\site-packages\django\template\loader.py", line 42, in select_template
    return engine.get_template(template_name)
           ~~~~~~~~~~~~~~~~~~~^^^^^^^^^^^^^^^
  File "C:\Users\Alexander\AppData\Roaming\Python\Python313\site-packages\django\template\backends\django.py", line 79, in get_template
    return Template(self.engine.get_template(template_name), self)
                    ~~~~~~~~~~~~~~~~~~~~~~~~^^^^^^^^^^^^^^^
  File "C:\Users\Alexander\AppData\Roaming\Python\Python313\site-packages\django\template\engine.py", line 177, in get_template
    template, origin = self.find_template(template_name)
                       ~~~~~~~~~~~~~~~~~~^^^^^^^^^^^^^^^
  File "C:\Users\Alexander\AppData\Roaming\Python\Python313\site-packages\django\template\engine.py", line 159, in find_template
    template = loader.get_template(name, skip=skip)
  File "C:\Users\Alexander\AppData\Roaming\Python\Python313\site-packages\django\template\loaders\cached.py", line 57, in get_template
    template = super().get_template(template_name, skip)
  File "C:\Users\Alexander\AppData\Roaming\Python\Python313\site-packages\django\template\loaders\base.py", line 28, in get_template
    return Template(
        contents,
    ...<2 lines>...
        self.engine,
    )
  File "C:\Users\Alexander\AppData\Roaming\Python\Python313\site-packages\django\template\base.py", line 154, in __init__
    self.nodelist = self.compile_nodelist()
                    ~~~~~~~~~~~~~~~~~~~~~^^
  File "C:\Users\Alexander\AppData\Roaming\Python\Python313\site-packages\django\template\base.py", line 196, in compile_nodelist
    nodelist = parser.parse()
  File "C:\Users\Alexander\AppData\Roaming\Python\Python313\site-packages\django\template\base.py", line 518, in parse
    raise self.error(token, e)
  File "C:\Users\Alexander\AppData\Roaming\Python\Python313\site-packages\django\template\base.py", line 516, in parse
    compiled_result = compile_func(self, token)
  File "C:\Users\Alexander\AppData\Roaming\Python\Python313\site-packages\django\template\loader_tags.py", line 299, in do_extends
    nodelist = parser.parse()
  File "C:\Users\Alexander\AppData\Roaming\Python\Python313\site-packages\django\template\base.py", line 512, in parse
    self.invalid_block_tag(token, command, parse_until)
    ~~~~~~~~~~~~~~~~~~~~~~^^^^^^^^^^^^^^^^^^^^^^^^^^^^^
  File "C:\Users\Alexander\AppData\Roaming\Python\Python313\site-packages\django\template\base.py", line 577, in invalid_block_tag
    raise self.error(
    ...<3 lines>...
    )
django.template.exceptions.TemplateSyntaxError: Invalid block tag on line 83: 'endblock'. Did you forget to register or load this tag?
[ERROR] 2025-09-04 21:05:54 "GET / HTTP/1.1" 500 166084
[ERROR] 2025-09-04 21:07:34 Internal Server Error: /
Traceback (most recent call last):
  File "C:\Users\Alexander\AppData\Roaming\Python\Python313\site-packages\django\db\backends\utils.py", line 105, in _execute
    return self.cursor.execute(sql, params)
           ~~~~~~~~~~~~~~~~~~~^^^^^^^^^^^^^
  File "C:\Users\Alexander\AppData\Roaming\Python\Python313\site-packages\django\db\backends\sqlite3\base.py", line 360, in execute
    return super().execute(query, params)
           ~~~~~~~~~~~~~~~^^^^^^^^^^^^^^^
sqlite3.OperationalError: no such column: pizza_pizza.image

The above exception was the direct cause of the following exception:

Traceback (most recent call last):
  File "C:\Users\Alexander\AppData\Roaming\Python\Python313\site-packages\django\core\handlers\exception.py", line 55, in inner
    response = get_response(request)
  File "C:\Users\Alexander\AppData\Roaming\Python\Python313\site-packages\django\core\handlers\base.py", line 220, in _get_response
    response = response.render()
  File "C:\Users\Alexander\AppData\Roaming\Python\Python313\site-packages\django\template\response.py", line 114, in render
    self.content = self.rendered_content
                   ^^^^^^^^^^^^^^^^^^^^^
  File "C:\Users\Alexander\AppData\Roaming\Python\Python313\site-packages\django\template\response.py", line 92, in rendered_content
    return template.render(context, self._request)
           ~~~~~~~~~~~~~~~^^^^^^^^^^^^^^^^^^^^^^^^
  File "C:\Users\Alexander\AppData\Roaming\Python\Python313\site-packages\django\template\backends\django.py", line 107, in render
    return self.template.render(context)
           ~~~~~~~~~~~~~~~~~~~~^^^^^^^^^
  File "C:\Users\Alexander\AppData\Roaming\Python\Python313\site-packages\django\template\base.py", line 171, in render
    return self._render(context)
           ~~~~~~~~~~~~^^^^^^^^^
  File "C:\Users\Alexander\AppData\Roaming\Python\Python313\site-packages\django\template\base.py", line 163, in _render
    return self.nodelist.render(context)
           ~~~~~~~~~~~~~~~~~~~~^^^^^^^^^
  File "C:\Users\Alexander\AppData\Roaming\Python\Python313\site-packages\django\template\base.py", line 1016, in render
    return SafeString("".join([node.render_annotated(context) for node in self]))
                               ~~~~~~~~~~~~~~~~~~~~~^^^^^^^^^
  File "C:\Users\Alexander\AppData\Roaming\Python\Python313\site-packages\django\template\base.py", line 977, in render_annotated
    return self.render(context)
           ~~~~~~~~~~~^^^^^^^^^
  File "C:\Users\Alexander\AppData\Roaming\Python\Python313\site-packages\django\template\loader_tags.py", line 159, in render
    return compiled_parent._render(context)
           ~~~~~~~~~~~~~~~~~~~~~~~^^^^^^^^^
  File "C:\Users\Alexander\AppData\Roaming\Python\Python313\site-packages\django\template\base.py", line 163, in _render
    return self.nodelist.render(context)
           ~~~~~~~~~~~~~~~~~~~~^^^^^^^^^
  File "C:\Users\Alexander\AppData\Roaming\Python\Python313\site-packages\django\template\base.py", line 1016, in render
    return SafeString("".join([node.render_annotated(context) for node in self]))
                               ~~~~~~~~~~~~~~~~~~~~~^^^^^^^^^
  File "C:\Users\Alexander\AppData\Roaming\Python\Python313\site-packages\django\template\base.py", line 977, in render_annotated
    return self.render(context)
           ~~~~~~~~~~~^^^^^^^^^
  File "C:\Users\Alexander\AppData\Roaming\Python\Python313\site-packages\django\template\loader_tags.py", line 65, in render
    result = block.nodelist.render(context)
  File "C:\Users\Alexander\AppData\Roaming\Python\Python313\site-packages\django\template\base.py", line 1016, in render
    return SafeString("".join([node.render_annotated(context) for node in self]))
                               ~~~~~~~~~~~~~~~~~~~~~^^^^^^^^^
  File "C:\Users\Alexander\AppData\Roaming\Python\Python313\site-packages\django\template\base.py", line 977, in render_annotated
    return self.render(context)
           ~~~~~~~~~~~^^^^^^^^^
  File "C:\Users\Alexander\AppData\Roaming\Python\Python313\site-packages\django\template\defaulttags.py", line 199, in render
    len_values = len(values)
  File "C:\Users\Alexander\AppData\Roaming\Python\Python313\site-packages\django\db\models\query.py", line 366, in __len__
    self._fetch_all()
    ~~~~~~~~~~~~~~~^^
  File "C:\Users\Alexander\AppData\Roaming\Python\Python313\site-packages\django\db\models\query.py", line 1945, in _fetch_all
    self._result_cache = list(self._iterable_class(self))
                         ~~~~^^^^^^^^^^^^^^^^^^^^^^^^^^^^
  File "C:\Users\Alexander\AppData\Roaming\Python\Python313\site-packages\django\db\models\query.py", line 91, in __iter__
    results = compiler.execute_sql(
        chunked_fetch=self.chunked_fetch, chunk_size=self.chunk_size
    )
  File "C:\Users\Alexander\AppData\Roaming\Python\Python313\site-packages\django\db\models\sql\compiler.py", line 1623, in execute_sql
    cursor.execute(sql, params)
    ~~~~~~~~~~~~~~^^^^^^^^^^^^^
  File "C:\Users\Alexander\AppData\Roaming\Python\Python313\site-packages\django\db\backends\utils.py", line 122, in execute
    return super().execute(sql, params)
           ~~~~~~~~~~~~~~~^^^^^^^^^^^^^
  File "C:\Users\Alexander\AppData\Roaming\Python\Python313\site-packages\django\db\backends\utils.py", line 79, in execute
    return self._execute_with_wrappers(
           ~~~~~~~~~~~~~~~~~~~~~~~~~~~^
        sql, params, many=False, executor=self._execute
        ^^^^^^^^^^^^^^^^^^^^^^^^^^^^^^^^^^^^^^^^^^^^^^^
    )
    ^
  File "C:\Users\Alexander\AppData\Roaming\Python\Python313\site-packages\django\db\backends\utils.py", line 92, in _execute_with_wrappers
    return executor(sql, params, many, context)
  File "C:\Users\Alexander\AppData\Roaming\Python\Python313\site-packages\django\db\backends\utils.py", line 100, in _execute
    with self.db.wrap_database_errors:
         ^^^^^^^^^^^^^^^^^^^^^^^^^^^^
  File "C:\Users\Alexander\AppData\Roaming\Python\Python313\site-packages\django\db\utils.py", line 91, in __exit__
    raise dj_exc_value.with_traceback(traceback) from exc_value
  File "C:\Users\Alexander\AppData\Roaming\Python\Python313\site-packages\django\db\backends\utils.py", line 105, in _execute
    return self.cursor.execute(sql, params)
           ~~~~~~~~~~~~~~~~~~~^^^^^^^^^^^^^
  File "C:\Users\Alexander\AppData\Roaming\Python\Python313\site-packages\django\db\backends\sqlite3\base.py", line 360, in execute
    return super().execute(query, params)
           ~~~~~~~~~~~~~~~^^^^^^^^^^^^^^^
django.db.utils.OperationalError: no such column: pizza_pizza.image
[ERROR] 2025-09-04 21:07:34 "GET / HTTP/1.1" 500 199793
[ERROR] 2025-09-04 21:07:35 Internal Server Error: /
Traceback (most recent call last):
  File "C:\Users\Alexander\AppData\Roaming\Python\Python313\site-packages\django\db\backends\utils.py", line 105, in _execute
    return self.cursor.execute(sql, params)
           ~~~~~~~~~~~~~~~~~~~^^^^^^^^^^^^^
  File "C:\Users\Alexander\AppData\Roaming\Python\Python313\site-packages\django\db\backends\sqlite3\base.py", line 360, in execute
    return super().execute(query, params)
           ~~~~~~~~~~~~~~~^^^^^^^^^^^^^^^
sqlite3.OperationalError: no such column: pizza_pizza.image

The above exception was the direct cause of the following exception:

Traceback (most recent call last):
  File "C:\Users\Alexander\AppData\Roaming\Python\Python313\site-packages\django\core\handlers\exception.py", line 55, in inner
    response = get_response(request)
  File "C:\Users\Alexander\AppData\Roaming\Python\Python313\site-packages\django\core\handlers\base.py", line 220, in _get_response
    response = response.render()
  File "C:\Users\Alexander\AppData\Roaming\Python\Python313\site-packages\django\template\response.py", line 114, in render
    self.content = self.rendered_content
                   ^^^^^^^^^^^^^^^^^^^^^
  File "C:\Users\Alexander\AppData\Roaming\Python\Python313\site-packages\django\template\response.py", line 92, in rendered_content
    return template.render(context, self._request)
           ~~~~~~~~~~~~~~~^^^^^^^^^^^^^^^^^^^^^^^^
  File "C:\Users\Alexander\AppData\Roaming\Python\Python313\site-packages\django\template\backends\django.py", line 107, in render
    return self.template.render(context)
           ~~~~~~~~~~~~~~~~~~~~^^^^^^^^^
  File "C:\Users\Alexander\AppData\Roaming\Python\Python313\site-packages\django\template\base.py", line 171, in render
    return self._render(context)
           ~~~~~~~~~~~~^^^^^^^^^
  File "C:\Users\Alexander\AppData\Roaming\Python\Python313\site-packages\django\template\base.py", line 163, in _render
    return self.nodelist.render(context)
           ~~~~~~~~~~~~~~~~~~~~^^^^^^^^^
  File "C:\Users\Alexander\AppData\Roaming\Python\Python313\site-packages\django\template\base.py", line 1016, in render
    return SafeString("".join([node.render_annotated(context) for node in self]))
                               ~~~~~~~~~~~~~~~~~~~~~^^^^^^^^^
  File "C:\Users\Alexander\AppData\Roaming\Python\Python313\site-packages\django\template\base.py", line 977, in render_annotated
    return self.render(context)
           ~~~~~~~~~~~^^^^^^^^^
  File "C:\Users\Alexander\AppData\Roaming\Python\Python313\site-packages\django\template\loader_tags.py", line 159, in render
    return compiled_parent._render(context)
           ~~~~~~~~~~~~~~~~~~~~~~~^^^^^^^^^
  File "C:\Users\Alexander\AppData\Roaming\Python\Python313\site-packages\django\template\base.py", line 163, in _render
    return self.nodelist.render(context)
           ~~~~~~~~~~~~~~~~~~~~^^^^^^^^^
  File "C:\Users\Alexander\AppData\Roaming\Python\Python313\site-packages\django\template\base.py", line 1016, in render
    return SafeString("".join([node.render_annotated(context) for node in self]))
                               ~~~~~~~~~~~~~~~~~~~~~^^^^^^^^^
  File "C:\Users\Alexander\AppData\Roaming\Python\Python313\site-packages\django\template\base.py", line 977, in render_annotated
    return self.render(context)
           ~~~~~~~~~~~^^^^^^^^^
  File "C:\Users\Alexander\AppData\Roaming\Python\Python313\site-packages\django\template\loader_tags.py", line 65, in render
    result = block.nodelist.render(context)
  File "C:\Users\Alexander\AppData\Roaming\Python\Python313\site-packages\django\template\base.py", line 1016, in render
    return SafeString("".join([node.render_annotated(context) for node in self]))
                               ~~~~~~~~~~~~~~~~~~~~~^^^^^^^^^
  File "C:\Users\Alexander\AppData\Roaming\Python\Python313\site-packages\django\template\base.py", line 977, in render_annotated
    return self.render(context)
           ~~~~~~~~~~~^^^^^^^^^
  File "C:\Users\Alexander\AppData\Roaming\Python\Python313\site-packages\django\template\defaulttags.py", line 199, in render
    len_values = len(values)
  File "C:\Users\Alexander\AppData\Roaming\Python\Python313\site-packages\django\db\models\query.py", line 366, in __len__
    self._fetch_all()
    ~~~~~~~~~~~~~~~^^
  File "C:\Users\Alexander\AppData\Roaming\Python\Python313\site-packages\django\db\models\query.py", line 1945, in _fetch_all
    self._result_cache = list(self._iterable_class(self))
                         ~~~~^^^^^^^^^^^^^^^^^^^^^^^^^^^^
  File "C:\Users\Alexander\AppData\Roaming\Python\Python313\site-packages\django\db\models\query.py", line 91, in __iter__
    results = compiler.execute_sql(
        chunked_fetch=self.chunked_fetch, chunk_size=self.chunk_size
    )
  File "C:\Users\Alexander\AppData\Roaming\Python\Python313\site-packages\django\db\models\sql\compiler.py", line 1623, in execute_sql
    cursor.execute(sql, params)
    ~~~~~~~~~~~~~~^^^^^^^^^^^^^
  File "C:\Users\Alexander\AppData\Roaming\Python\Python313\site-packages\django\db\backends\utils.py", line 122, in execute
    return super().execute(sql, params)
           ~~~~~~~~~~~~~~~^^^^^^^^^^^^^
  File "C:\Users\Alexander\AppData\Roaming\Python\Python313\site-packages\django\db\backends\utils.py", line 79, in execute
    return self._execute_with_wrappers(
           ~~~~~~~~~~~~~~~~~~~~~~~~~~~^
        sql, params, many=False, executor=self._execute
        ^^^^^^^^^^^^^^^^^^^^^^^^^^^^^^^^^^^^^^^^^^^^^^^
    )
    ^
  File "C:\Users\Alexander\AppData\Roaming\Python\Python313\site-packages\django\db\backends\utils.py", line 92, in _execute_with_wrappers
    return executor(sql, params, many, context)
  File "C:\Users\Alexander\AppData\Roaming\Python\Python313\site-packages\django\db\backends\utils.py", line 100, in _execute
    with self.db.wrap_database_errors:
         ^^^^^^^^^^^^^^^^^^^^^^^^^^^^
  File "C:\Users\Alexander\AppData\Roaming\Python\Python313\site-packages\django\db\utils.py", line 91, in __exit__
    raise dj_exc_value.with_traceback(traceback) from exc_value
  File "C:\Users\Alexander\AppData\Roaming\Python\Python313\site-packages\django\db\backends\utils.py", line 105, in _execute
    return self.cursor.execute(sql, params)
           ~~~~~~~~~~~~~~~~~~~^^^^^^^^^^^^^
  File "C:\Users\Alexander\AppData\Roaming\Python\Python313\site-packages\django\db\backends\sqlite3\base.py", line 360, in execute
    return super().execute(query, params)
           ~~~~~~~~~~~~~~~^^^^^^^^^^^^^^^
django.db.utils.OperationalError: no such column: pizza_pizza.image
[ERROR] 2025-09-04 21:07:35 "GET / HTTP/1.1" 500 199793
[ERROR] 2025-09-04 21:07:35 Internal Server Error: /
Traceback (most recent call last):
  File "C:\Users\Alexander\AppData\Roaming\Python\Python313\site-packages\django\db\backends\utils.py", line 105, in _execute
    return self.cursor.execute(sql, params)
           ~~~~~~~~~~~~~~~~~~~^^^^^^^^^^^^^
  File "C:\Users\Alexander\AppData\Roaming\Python\Python313\site-packages\django\db\backends\sqlite3\base.py", line 360, in execute
    return super().execute(query, params)
           ~~~~~~~~~~~~~~~^^^^^^^^^^^^^^^
sqlite3.OperationalError: no such column: pizza_pizza.image

The above exception was the direct cause of the following exception:

Traceback (most recent call last):
  File "C:\Users\Alexander\AppData\Roaming\Python\Python313\site-packages\django\core\handlers\exception.py", line 55, in inner
    response = get_response(request)
  File "C:\Users\Alexander\AppData\Roaming\Python\Python313\site-packages\django\core\handlers\base.py", line 220, in _get_response
    response = response.render()
  File "C:\Users\Alexander\AppData\Roaming\Python\Python313\site-packages\django\template\response.py", line 114, in render
    self.content = self.rendered_content
                   ^^^^^^^^^^^^^^^^^^^^^
  File "C:\Users\Alexander\AppData\Roaming\Python\Python313\site-packages\django\template\response.py", line 92, in rendered_content
    return template.render(context, self._request)
           ~~~~~~~~~~~~~~~^^^^^^^^^^^^^^^^^^^^^^^^
  File "C:\Users\Alexander\AppData\Roaming\Python\Python313\site-packages\django\template\backends\django.py", line 107, in render
    return self.template.render(context)
           ~~~~~~~~~~~~~~~~~~~~^^^^^^^^^
  File "C:\Users\Alexander\AppData\Roaming\Python\Python313\site-packages\django\template\base.py", line 171, in render
    return self._render(context)
           ~~~~~~~~~~~~^^^^^^^^^
  File "C:\Users\Alexander\AppData\Roaming\Python\Python313\site-packages\django\template\base.py", line 163, in _render
    return self.nodelist.render(context)
           ~~~~~~~~~~~~~~~~~~~~^^^^^^^^^
  File "C:\Users\Alexander\AppData\Roaming\Python\Python313\site-packages\django\template\base.py", line 1016, in render
    return SafeString("".join([node.render_annotated(context) for node in self]))
                               ~~~~~~~~~~~~~~~~~~~~~^^^^^^^^^
  File "C:\Users\Alexander\AppData\Roaming\Python\Python313\site-packages\django\template\base.py", line 977, in render_annotated
    return self.render(context)
           ~~~~~~~~~~~^^^^^^^^^
  File "C:\Users\Alexander\AppData\Roaming\Python\Python313\site-packages\django\template\loader_tags.py", line 159, in render
    return compiled_parent._render(context)
           ~~~~~~~~~~~~~~~~~~~~~~~^^^^^^^^^
  File "C:\Users\Alexander\AppData\Roaming\Python\Python313\site-packages\django\template\base.py", line 163, in _render
    return self.nodelist.render(context)
           ~~~~~~~~~~~~~~~~~~~~^^^^^^^^^
  File "C:\Users\Alexander\AppData\Roaming\Python\Python313\site-packages\django\template\base.py", line 1016, in render
    return SafeString("".join([node.render_annotated(context) for node in self]))
                               ~~~~~~~~~~~~~~~~~~~~~^^^^^^^^^
  File "C:\Users\Alexander\AppData\Roaming\Python\Python313\site-packages\django\template\base.py", line 977, in render_annotated
    return self.render(context)
           ~~~~~~~~~~~^^^^^^^^^
  File "C:\Users\Alexander\AppData\Roaming\Python\Python313\site-packages\django\template\loader_tags.py", line 65, in render
    result = block.nodelist.render(context)
  File "C:\Users\Alexander\AppData\Roaming\Python\Python313\site-packages\django\template\base.py", line 1016, in render
    return SafeString("".join([node.render_annotated(context) for node in self]))
                               ~~~~~~~~~~~~~~~~~~~~~^^^^^^^^^
  File "C:\Users\Alexander\AppData\Roaming\Python\Python313\site-packages\django\template\base.py", line 977, in render_annotated
    return self.render(context)
           ~~~~~~~~~~~^^^^^^^^^
  File "C:\Users\Alexander\AppData\Roaming\Python\Python313\site-packages\django\template\defaulttags.py", line 199, in render
    len_values = len(values)
  File "C:\Users\Alexander\AppData\Roaming\Python\Python313\site-packages\django\db\models\query.py", line 366, in __len__
    self._fetch_all()
    ~~~~~~~~~~~~~~~^^
  File "C:\Users\Alexander\AppData\Roaming\Python\Python313\site-packages\django\db\models\query.py", line 1945, in _fetch_all
    self._result_cache = list(self._iterable_class(self))
                         ~~~~^^^^^^^^^^^^^^^^^^^^^^^^^^^^
  File "C:\Users\Alexander\AppData\Roaming\Python\Python313\site-packages\django\db\models\query.py", line 91, in __iter__
    results = compiler.execute_sql(
        chunked_fetch=self.chunked_fetch, chunk_size=self.chunk_size
    )
  File "C:\Users\Alexander\AppData\Roaming\Python\Python313\site-packages\django\db\models\sql\compiler.py", line 1623, in execute_sql
    cursor.execute(sql, params)
    ~~~~~~~~~~~~~~^^^^^^^^^^^^^
  File "C:\Users\Alexander\AppData\Roaming\Python\Python313\site-packages\django\db\backends\utils.py", line 122, in execute
    return super().execute(sql, params)
           ~~~~~~~~~~~~~~~^^^^^^^^^^^^^
  File "C:\Users\Alexander\AppData\Roaming\Python\Python313\site-packages\django\db\backends\utils.py", line 79, in execute
    return self._execute_with_wrappers(
           ~~~~~~~~~~~~~~~~~~~~~~~~~~~^
        sql, params, many=False, executor=self._execute
        ^^^^^^^^^^^^^^^^^^^^^^^^^^^^^^^^^^^^^^^^^^^^^^^
    )
    ^
  File "C:\Users\Alexander\AppData\Roaming\Python\Python313\site-packages\django\db\backends\utils.py", line 92, in _execute_with_wrappers
    return executor(sql, params, many, context)
  File "C:\Users\Alexander\AppData\Roaming\Python\Python313\site-packages\django\db\backends\utils.py", line 100, in _execute
    with self.db.wrap_database_errors:
         ^^^^^^^^^^^^^^^^^^^^^^^^^^^^
  File "C:\Users\Alexander\AppData\Roaming\Python\Python313\site-packages\django\db\utils.py", line 91, in __exit__
    raise dj_exc_value.with_traceback(traceback) from exc_value
  File "C:\Users\Alexander\AppData\Roaming\Python\Python313\site-packages\django\db\backends\utils.py", line 105, in _execute
    return self.cursor.execute(sql, params)
           ~~~~~~~~~~~~~~~~~~~^^^^^^^^^^^^^
  File "C:\Users\Alexander\AppData\Roaming\Python\Python313\site-packages\django\db\backends\sqlite3\base.py", line 360, in execute
    return super().execute(query, params)
           ~~~~~~~~~~~~~~~^^^^^^^^^^^^^^^
django.db.utils.OperationalError: no such column: pizza_pizza.image
[ERROR] 2025-09-04 21:07:35 "GET / HTTP/1.1" 500 199793
[ERROR] 2025-09-04 21:07:35 Internal Server Error: /
Traceback (most recent call last):
  File "C:\Users\Alexander\AppData\Roaming\Python\Python313\site-packages\django\db\backends\utils.py", line 105, in _execute
    return self.cursor.execute(sql, params)
           ~~~~~~~~~~~~~~~~~~~^^^^^^^^^^^^^
  File "C:\Users\Alexander\AppData\Roaming\Python\Python313\site-packages\django\db\backends\sqlite3\base.py", line 360, in execute
    return super().execute(query, params)
           ~~~~~~~~~~~~~~~^^^^^^^^^^^^^^^
sqlite3.OperationalError: no such column: pizza_pizza.image

The above exception was the direct cause of the following exception:

Traceback (most recent call last):
  File "C:\Users\Alexander\AppData\Roaming\Python\Python313\site-packages\django\core\handlers\exception.py", line 55, in inner
    response = get_response(request)
  File "C:\Users\Alexander\AppData\Roaming\Python\Python313\site-packages\django\core\handlers\base.py", line 220, in _get_response
    response = response.render()
  File "C:\Users\Alexander\AppData\Roaming\Python\Python313\site-packages\django\template\response.py", line 114, in render
    self.content = self.rendered_content
                   ^^^^^^^^^^^^^^^^^^^^^
  File "C:\Users\Alexander\AppData\Roaming\Python\Python313\site-packages\django\template\response.py", line 92, in rendered_content
    return template.render(context, self._request)
           ~~~~~~~~~~~~~~~^^^^^^^^^^^^^^^^^^^^^^^^
  File "C:\Users\Alexander\AppData\Roaming\Python\Python313\site-packages\django\template\backends\django.py", line 107, in render
    return self.template.render(context)
           ~~~~~~~~~~~~~~~~~~~~^^^^^^^^^
  File "C:\Users\Alexander\AppData\Roaming\Python\Python313\site-packages\django\template\base.py", line 171, in render
    return self._render(context)
           ~~~~~~~~~~~~^^^^^^^^^
  File "C:\Users\Alexander\AppData\Roaming\Python\Python313\site-packages\django\template\base.py", line 163, in _render
    return self.nodelist.render(context)
           ~~~~~~~~~~~~~~~~~~~~^^^^^^^^^
  File "C:\Users\Alexander\AppData\Roaming\Python\Python313\site-packages\django\template\base.py", line 1016, in render
    return SafeString("".join([node.render_annotated(context) for node in self]))
                               ~~~~~~~~~~~~~~~~~~~~~^^^^^^^^^
  File "C:\Users\Alexander\AppData\Roaming\Python\Python313\site-packages\django\template\base.py", line 977, in render_annotated
    return self.render(context)
           ~~~~~~~~~~~^^^^^^^^^
  File "C:\Users\Alexander\AppData\Roaming\Python\Python313\site-packages\django\template\loader_tags.py", line 159, in render
    return compiled_parent._render(context)
           ~~~~~~~~~~~~~~~~~~~~~~~^^^^^^^^^
  File "C:\Users\Alexander\AppData\Roaming\Python\Python313\site-packages\django\template\base.py", line 163, in _render
    return self.nodelist.render(context)
           ~~~~~~~~~~~~~~~~~~~~^^^^^^^^^
  File "C:\Users\Alexander\AppData\Roaming\Python\Python313\site-packages\django\template\base.py", line 1016, in render
    return SafeString("".join([node.render_annotated(context) for node in self]))
                               ~~~~~~~~~~~~~~~~~~~~~^^^^^^^^^
  File "C:\Users\Alexander\AppData\Roaming\Python\Python313\site-packages\django\template\base.py", line 977, in render_annotated
    return self.render(context)
           ~~~~~~~~~~~^^^^^^^^^
  File "C:\Users\Alexander\AppData\Roaming\Python\Python313\site-packages\django\template\loader_tags.py", line 65, in render
    result = block.nodelist.render(context)
  File "C:\Users\Alexander\AppData\Roaming\Python\Python313\site-packages\django\template\base.py", line 1016, in render
    return SafeString("".join([node.render_annotated(context) for node in self]))
                               ~~~~~~~~~~~~~~~~~~~~~^^^^^^^^^
  File "C:\Users\Alexander\AppData\Roaming\Python\Python313\site-packages\django\template\base.py", line 977, in render_annotated
    return self.render(context)
           ~~~~~~~~~~~^^^^^^^^^
  File "C:\Users\Alexander\AppData\Roaming\Python\Python313\site-packages\django\template\defaulttags.py", line 199, in render
    len_values = len(values)
  File "C:\Users\Alexander\AppData\Roaming\Python\Python313\site-packages\django\db\models\query.py", line 366, in __len__
    self._fetch_all()
    ~~~~~~~~~~~~~~~^^
  File "C:\Users\Alexander\AppData\Roaming\Python\Python313\site-packages\django\db\models\query.py", line 1945, in _fetch_all
    self._result_cache = list(self._iterable_class(self))
                         ~~~~^^^^^^^^^^^^^^^^^^^^^^^^^^^^
  File "C:\Users\Alexander\AppData\Roaming\Python\Python313\site-packages\django\db\models\query.py", line 91, in __iter__
    results = compiler.execute_sql(
        chunked_fetch=self.chunked_fetch, chunk_size=self.chunk_size
    )
  File "C:\Users\Alexander\AppData\Roaming\Python\Python313\site-packages\django\db\models\sql\compiler.py", line 1623, in execute_sql
    cursor.execute(sql, params)
    ~~~~~~~~~~~~~~^^^^^^^^^^^^^
  File "C:\Users\Alexander\AppData\Roaming\Python\Python313\site-packages\django\db\backends\utils.py", line 122, in execute
    return super().execute(sql, params)
           ~~~~~~~~~~~~~~~^^^^^^^^^^^^^
  File "C:\Users\Alexander\AppData\Roaming\Python\Python313\site-packages\django\db\backends\utils.py", line 79, in execute
    return self._execute_with_wrappers(
           ~~~~~~~~~~~~~~~~~~~~~~~~~~~^
        sql, params, many=False, executor=self._execute
        ^^^^^^^^^^^^^^^^^^^^^^^^^^^^^^^^^^^^^^^^^^^^^^^
    )
    ^
  File "C:\Users\Alexander\AppData\Roaming\Python\Python313\site-packages\django\db\backends\utils.py", line 92, in _execute_with_wrappers
    return executor(sql, params, many, context)
  File "C:\Users\Alexander\AppData\Roaming\Python\Python313\site-packages\django\db\backends\utils.py", line 100, in _execute
    with self.db.wrap_database_errors:
         ^^^^^^^^^^^^^^^^^^^^^^^^^^^^
  File "C:\Users\Alexander\AppData\Roaming\Python\Python313\site-packages\django\db\utils.py", line 91, in __exit__
    raise dj_exc_value.with_traceback(traceback) from exc_value
  File "C:\Users\Alexander\AppData\Roaming\Python\Python313\site-packages\django\db\backends\utils.py", line 105, in _execute
    return self.cursor.execute(sql, params)
           ~~~~~~~~~~~~~~~~~~~^^^^^^^^^^^^^
  File "C:\Users\Alexander\AppData\Roaming\Python\Python313\site-packages\django\db\backends\sqlite3\base.py", line 360, in execute
    return super().execute(query, params)
           ~~~~~~~~~~~~~~~^^^^^^^^^^^^^^^
django.db.utils.OperationalError: no such column: pizza_pizza.image
[ERROR] 2025-09-04 21:07:35 "GET / HTTP/1.1" 500 199793
[ERROR] 2025-09-04 21:09:04 Internal Server Error: /
Traceback (most recent call last):
  File "C:\Users\Alexander\AppData\Roaming\Python\Python313\site-packages\django\db\backends\utils.py", line 105, in _execute
    return self.cursor.execute(sql, params)
           ~~~~~~~~~~~~~~~~~~~^^^^^^^^^^^^^
  File "C:\Users\Alexander\AppData\Roaming\Python\Python313\site-packages\django\db\backends\sqlite3\base.py", line 360, in execute
    return super().execute(query, params)
           ~~~~~~~~~~~~~~~^^^^^^^^^^^^^^^
sqlite3.OperationalError: no such column: pizza_pizza.image

The above exception was the direct cause of the following exception:

Traceback (most recent call last):
  File "C:\Users\Alexander\AppData\Roaming\Python\Python313\site-packages\django\core\handlers\exception.py", line 55, in inner
    response = get_response(request)
  File "C:\Users\Alexander\AppData\Roaming\Python\Python313\site-packages\django\core\handlers\base.py", line 220, in _get_response
    response = response.render()
  File "C:\Users\Alexander\AppData\Roaming\Python\Python313\site-packages\django\template\response.py", line 114, in render
    self.content = self.rendered_content
                   ^^^^^^^^^^^^^^^^^^^^^
  File "C:\Users\Alexander\AppData\Roaming\Python\Python313\site-packages\django\template\response.py", line 92, in rendered_content
    return template.render(context, self._request)
           ~~~~~~~~~~~~~~~^^^^^^^^^^^^^^^^^^^^^^^^
  File "C:\Users\Alexander\AppData\Roaming\Python\Python313\site-packages\django\template\backends\django.py", line 107, in render
    return self.template.render(context)
           ~~~~~~~~~~~~~~~~~~~~^^^^^^^^^
  File "C:\Users\Alexander\AppData\Roaming\Python\Python313\site-packages\django\template\base.py", line 171, in render
    return self._render(context)
           ~~~~~~~~~~~~^^^^^^^^^
  File "C:\Users\Alexander\AppData\Roaming\Python\Python313\site-packages\django\template\base.py", line 163, in _render
    return self.nodelist.render(context)
           ~~~~~~~~~~~~~~~~~~~~^^^^^^^^^
  File "C:\Users\Alexander\AppData\Roaming\Python\Python313\site-packages\django\template\base.py", line 1016, in render
    return SafeString("".join([node.render_annotated(context) for node in self]))
                               ~~~~~~~~~~~~~~~~~~~~~^^^^^^^^^
  File "C:\Users\Alexander\AppData\Roaming\Python\Python313\site-packages\django\template\base.py", line 977, in render_annotated
    return self.render(context)
           ~~~~~~~~~~~^^^^^^^^^
  File "C:\Users\Alexander\AppData\Roaming\Python\Python313\site-packages\django\template\loader_tags.py", line 159, in render
    return compiled_parent._render(context)
           ~~~~~~~~~~~~~~~~~~~~~~~^^^^^^^^^
  File "C:\Users\Alexander\AppData\Roaming\Python\Python313\site-packages\django\template\base.py", line 163, in _render
    return self.nodelist.render(context)
           ~~~~~~~~~~~~~~~~~~~~^^^^^^^^^
  File "C:\Users\Alexander\AppData\Roaming\Python\Python313\site-packages\django\template\base.py", line 1016, in render
    return SafeString("".join([node.render_annotated(context) for node in self]))
                               ~~~~~~~~~~~~~~~~~~~~~^^^^^^^^^
  File "C:\Users\Alexander\AppData\Roaming\Python\Python313\site-packages\django\template\base.py", line 977, in render_annotated
    return self.render(context)
           ~~~~~~~~~~~^^^^^^^^^
  File "C:\Users\Alexander\AppData\Roaming\Python\Python313\site-packages\django\template\loader_tags.py", line 65, in render
    result = block.nodelist.render(context)
  File "C:\Users\Alexander\AppData\Roaming\Python\Python313\site-packages\django\template\base.py", line 1016, in render
    return SafeString("".join([node.render_annotated(context) for node in self]))
                               ~~~~~~~~~~~~~~~~~~~~~^^^^^^^^^
  File "C:\Users\Alexander\AppData\Roaming\Python\Python313\site-packages\django\template\base.py", line 977, in render_annotated
    return self.render(context)
           ~~~~~~~~~~~^^^^^^^^^
  File "C:\Users\Alexander\AppData\Roaming\Python\Python313\site-packages\django\template\defaulttags.py", line 199, in render
    len_values = len(values)
  File "C:\Users\Alexander\AppData\Roaming\Python\Python313\site-packages\django\db\models\query.py", line 366, in __len__
    self._fetch_all()
    ~~~~~~~~~~~~~~~^^
  File "C:\Users\Alexander\AppData\Roaming\Python\Python313\site-packages\django\db\models\query.py", line 1945, in _fetch_all
    self._result_cache = list(self._iterable_class(self))
                         ~~~~^^^^^^^^^^^^^^^^^^^^^^^^^^^^
  File "C:\Users\Alexander\AppData\Roaming\Python\Python313\site-packages\django\db\models\query.py", line 91, in __iter__
    results = compiler.execute_sql(
        chunked_fetch=self.chunked_fetch, chunk_size=self.chunk_size
    )
  File "C:\Users\Alexander\AppData\Roaming\Python\Python313\site-packages\django\db\models\sql\compiler.py", line 1623, in execute_sql
    cursor.execute(sql, params)
    ~~~~~~~~~~~~~~^^^^^^^^^^^^^
  File "C:\Users\Alexander\AppData\Roaming\Python\Python313\site-packages\django\db\backends\utils.py", line 122, in execute
    return super().execute(sql, params)
           ~~~~~~~~~~~~~~~^^^^^^^^^^^^^
  File "C:\Users\Alexander\AppData\Roaming\Python\Python313\site-packages\django\db\backends\utils.py", line 79, in execute
    return self._execute_with_wrappers(
           ~~~~~~~~~~~~~~~~~~~~~~~~~~~^
        sql, params, many=False, executor=self._execute
        ^^^^^^^^^^^^^^^^^^^^^^^^^^^^^^^^^^^^^^^^^^^^^^^
    )
    ^
  File "C:\Users\Alexander\AppData\Roaming\Python\Python313\site-packages\django\db\backends\utils.py", line 92, in _execute_with_wrappers
    return executor(sql, params, many, context)
  File "C:\Users\Alexander\AppData\Roaming\Python\Python313\site-packages\django\db\backends\utils.py", line 100, in _execute
    with self.db.wrap_database_errors:
         ^^^^^^^^^^^^^^^^^^^^^^^^^^^^
  File "C:\Users\Alexander\AppData\Roaming\Python\Python313\site-packages\django\db\utils.py", line 91, in __exit__
    raise dj_exc_value.with_traceback(traceback) from exc_value
  File "C:\Users\Alexander\AppData\Roaming\Python\Python313\site-packages\django\db\backends\utils.py", line 105, in _execute
    return self.cursor.execute(sql, params)
           ~~~~~~~~~~~~~~~~~~~^^^^^^^^^^^^^
  File "C:\Users\Alexander\AppData\Roaming\Python\Python313\site-packages\django\db\backends\sqlite3\base.py", line 360, in execute
    return super().execute(query, params)
           ~~~~~~~~~~~~~~~^^^^^^^^^^^^^^^
django.db.utils.OperationalError: no such column: pizza_pizza.image
[ERROR] 2025-09-04 21:09:04 "GET / HTTP/1.1" 500 199793
[ERROR] 2025-09-04 21:09:09 Internal Server Error: /
Traceback (most recent call last):
  File "C:\Users\Alexander\AppData\Roaming\Python\Python313\site-packages\django\db\backends\utils.py", line 105, in _execute
    return self.cursor.execute(sql, params)
           ~~~~~~~~~~~~~~~~~~~^^^^^^^^^^^^^
  File "C:\Users\Alexander\AppData\Roaming\Python\Python313\site-packages\django\db\backends\sqlite3\base.py", line 360, in execute
    return super().execute(query, params)
           ~~~~~~~~~~~~~~~^^^^^^^^^^^^^^^
sqlite3.OperationalError: no such column: pizza_pizza.image

The above exception was the direct cause of the following exception:

Traceback (most recent call last):
  File "C:\Users\Alexander\AppData\Roaming\Python\Python313\site-packages\django\core\handlers\exception.py", line 55, in inner
    response = get_response(request)
  File "C:\Users\Alexander\AppData\Roaming\Python\Python313\site-packages\django\core\handlers\base.py", line 220, in _get_response
    response = response.render()
  File "C:\Users\Alexander\AppData\Roaming\Python\Python313\site-packages\django\template\response.py", line 114, in render
    self.content = self.rendered_content
                   ^^^^^^^^^^^^^^^^^^^^^
  File "C:\Users\Alexander\AppData\Roaming\Python\Python313\site-packages\django\template\response.py", line 92, in rendered_content
    return template.render(context, self._request)
           ~~~~~~~~~~~~~~~^^^^^^^^^^^^^^^^^^^^^^^^
  File "C:\Users\Alexander\AppData\Roaming\Python\Python313\site-packages\django\template\backends\django.py", line 107, in render
    return self.template.render(context)
           ~~~~~~~~~~~~~~~~~~~~^^^^^^^^^
  File "C:\Users\Alexander\AppData\Roaming\Python\Python313\site-packages\django\template\base.py", line 171, in render
    return self._render(context)
           ~~~~~~~~~~~~^^^^^^^^^
  File "C:\Users\Alexander\AppData\Roaming\Python\Python313\site-packages\django\template\base.py", line 163, in _render
    return self.nodelist.render(context)
           ~~~~~~~~~~~~~~~~~~~~^^^^^^^^^
  File "C:\Users\Alexander\AppData\Roaming\Python\Python313\site-packages\django\template\base.py", line 1016, in render
    return SafeString("".join([node.render_annotated(context) for node in self]))
                               ~~~~~~~~~~~~~~~~~~~~~^^^^^^^^^
  File "C:\Users\Alexander\AppData\Roaming\Python\Python313\site-packages\django\template\base.py", line 977, in render_annotated
    return self.render(context)
           ~~~~~~~~~~~^^^^^^^^^
  File "C:\Users\Alexander\AppData\Roaming\Python\Python313\site-packages\django\template\loader_tags.py", line 159, in render
    return compiled_parent._render(context)
           ~~~~~~~~~~~~~~~~~~~~~~~^^^^^^^^^
  File "C:\Users\Alexander\AppData\Roaming\Python\Python313\site-packages\django\template\base.py", line 163, in _render
    return self.nodelist.render(context)
           ~~~~~~~~~~~~~~~~~~~~^^^^^^^^^
  File "C:\Users\Alexander\AppData\Roaming\Python\Python313\site-packages\django\template\base.py", line 1016, in render
    return SafeString("".join([node.render_annotated(context) for node in self]))
                               ~~~~~~~~~~~~~~~~~~~~~^^^^^^^^^
  File "C:\Users\Alexander\AppData\Roaming\Python\Python313\site-packages\django\template\base.py", line 977, in render_annotated
    return self.render(context)
           ~~~~~~~~~~~^^^^^^^^^
  File "C:\Users\Alexander\AppData\Roaming\Python\Python313\site-packages\django\template\loader_tags.py", line 65, in render
    result = block.nodelist.render(context)
  File "C:\Users\Alexander\AppData\Roaming\Python\Python313\site-packages\django\template\base.py", line 1016, in render
    return SafeString("".join([node.render_annotated(context) for node in self]))
                               ~~~~~~~~~~~~~~~~~~~~~^^^^^^^^^
  File "C:\Users\Alexander\AppData\Roaming\Python\Python313\site-packages\django\template\base.py", line 977, in render_annotated
    return self.render(context)
           ~~~~~~~~~~~^^^^^^^^^
  File "C:\Users\Alexander\AppData\Roaming\Python\Python313\site-packages\django\template\defaulttags.py", line 199, in render
    len_values = len(values)
  File "C:\Users\Alexander\AppData\Roaming\Python\Python313\site-packages\django\db\models\query.py", line 366, in __len__
    self._fetch_all()
    ~~~~~~~~~~~~~~~^^
  File "C:\Users\Alexander\AppData\Roaming\Python\Python313\site-packages\django\db\models\query.py", line 1945, in _fetch_all
    self._result_cache = list(self._iterable_class(self))
                         ~~~~^^^^^^^^^^^^^^^^^^^^^^^^^^^^
  File "C:\Users\Alexander\AppData\Roaming\Python\Python313\site-packages\django\db\models\query.py", line 91, in __iter__
    results = compiler.execute_sql(
        chunked_fetch=self.chunked_fetch, chunk_size=self.chunk_size
    )
  File "C:\Users\Alexander\AppData\Roaming\Python\Python313\site-packages\django\db\models\sql\compiler.py", line 1623, in execute_sql
    cursor.execute(sql, params)
    ~~~~~~~~~~~~~~^^^^^^^^^^^^^
  File "C:\Users\Alexander\AppData\Roaming\Python\Python313\site-packages\django\db\backends\utils.py", line 122, in execute
    return super().execute(sql, params)
           ~~~~~~~~~~~~~~~^^^^^^^^^^^^^
  File "C:\Users\Alexander\AppData\Roaming\Python\Python313\site-packages\django\db\backends\utils.py", line 79, in execute
    return self._execute_with_wrappers(
           ~~~~~~~~~~~~~~~~~~~~~~~~~~~^
        sql, params, many=False, executor=self._execute
        ^^^^^^^^^^^^^^^^^^^^^^^^^^^^^^^^^^^^^^^^^^^^^^^
    )
    ^
  File "C:\Users\Alexander\AppData\Roaming\Python\Python313\site-packages\django\db\backends\utils.py", line 92, in _execute_with_wrappers
    return executor(sql, params, many, context)
  File "C:\Users\Alexander\AppData\Roaming\Python\Python313\site-packages\django\db\backends\utils.py", line 100, in _execute
    with self.db.wrap_database_errors:
         ^^^^^^^^^^^^^^^^^^^^^^^^^^^^
  File "C:\Users\Alexander\AppData\Roaming\Python\Python313\site-packages\django\db\utils.py", line 91, in __exit__
    raise dj_exc_value.with_traceback(traceback) from exc_value
  File "C:\Users\Alexander\AppData\Roaming\Python\Python313\site-packages\django\db\backends\utils.py", line 105, in _execute
    return self.cursor.execute(sql, params)
           ~~~~~~~~~~~~~~~~~~~^^^^^^^^^^^^^
  File "C:\Users\Alexander\AppData\Roaming\Python\Python313\site-packages\django\db\backends\sqlite3\base.py", line 360, in execute
    return super().execute(query, params)
           ~~~~~~~~~~~~~~~^^^^^^^^^^^^^^^
django.db.utils.OperationalError: no such column: pizza_pizza.image
[ERROR] 2025-09-04 21:09:09 "GET / HTTP/1.1" 500 199793
[ERROR] 2025-09-04 21:09:10 Internal Server Error: /
Traceback (most recent call last):
  File "C:\Users\Alexander\AppData\Roaming\Python\Python313\site-packages\django\db\backends\utils.py", line 105, in _execute
    return self.cursor.execute(sql, params)
           ~~~~~~~~~~~~~~~~~~~^^^^^^^^^^^^^
  File "C:\Users\Alexander\AppData\Roaming\Python\Python313\site-packages\django\db\backends\sqlite3\base.py", line 360, in execute
    return super().execute(query, params)
           ~~~~~~~~~~~~~~~^^^^^^^^^^^^^^^
sqlite3.OperationalError: no such column: pizza_pizza.image

The above exception was the direct cause of the following exception:

Traceback (most recent call last):
  File "C:\Users\Alexander\AppData\Roaming\Python\Python313\site-packages\django\core\handlers\exception.py", line 55, in inner
    response = get_response(request)
  File "C:\Users\Alexander\AppData\Roaming\Python\Python313\site-packages\django\core\handlers\base.py", line 220, in _get_response
    response = response.render()
  File "C:\Users\Alexander\AppData\Roaming\Python\Python313\site-packages\django\template\response.py", line 114, in render
    self.content = self.rendered_content
                   ^^^^^^^^^^^^^^^^^^^^^
  File "C:\Users\Alexander\AppData\Roaming\Python\Python313\site-packages\django\template\response.py", line 92, in rendered_content
    return template.render(context, self._request)
           ~~~~~~~~~~~~~~~^^^^^^^^^^^^^^^^^^^^^^^^
  File "C:\Users\Alexander\AppData\Roaming\Python\Python313\site-packages\django\template\backends\django.py", line 107, in render
    return self.template.render(context)
           ~~~~~~~~~~~~~~~~~~~~^^^^^^^^^
  File "C:\Users\Alexander\AppData\Roaming\Python\Python313\site-packages\django\template\base.py", line 171, in render
    return self._render(context)
           ~~~~~~~~~~~~^^^^^^^^^
  File "C:\Users\Alexander\AppData\Roaming\Python\Python313\site-packages\django\template\base.py", line 163, in _render
    return self.nodelist.render(context)
           ~~~~~~~~~~~~~~~~~~~~^^^^^^^^^
  File "C:\Users\Alexander\AppData\Roaming\Python\Python313\site-packages\django\template\base.py", line 1016, in render
    return SafeString("".join([node.render_annotated(context) for node in self]))
                               ~~~~~~~~~~~~~~~~~~~~~^^^^^^^^^
  File "C:\Users\Alexander\AppData\Roaming\Python\Python313\site-packages\django\template\base.py", line 977, in render_annotated
    return self.render(context)
           ~~~~~~~~~~~^^^^^^^^^
  File "C:\Users\Alexander\AppData\Roaming\Python\Python313\site-packages\django\template\loader_tags.py", line 159, in render
    return compiled_parent._render(context)
           ~~~~~~~~~~~~~~~~~~~~~~~^^^^^^^^^
  File "C:\Users\Alexander\AppData\Roaming\Python\Python313\site-packages\django\template\base.py", line 163, in _render
    return self.nodelist.render(context)
           ~~~~~~~~~~~~~~~~~~~~^^^^^^^^^
  File "C:\Users\Alexander\AppData\Roaming\Python\Python313\site-packages\django\template\base.py", line 1016, in render
    return SafeString("".join([node.render_annotated(context) for node in self]))
                               ~~~~~~~~~~~~~~~~~~~~~^^^^^^^^^
  File "C:\Users\Alexander\AppData\Roaming\Python\Python313\site-packages\django\template\base.py", line 977, in render_annotated
    return self.render(context)
           ~~~~~~~~~~~^^^^^^^^^
  File "C:\Users\Alexander\AppData\Roaming\Python\Python313\site-packages\django\template\loader_tags.py", line 65, in render
    result = block.nodelist.render(context)
  File "C:\Users\Alexander\AppData\Roaming\Python\Python313\site-packages\django\template\base.py", line 1016, in render
    return SafeString("".join([node.render_annotated(context) for node in self]))
                               ~~~~~~~~~~~~~~~~~~~~~^^^^^^^^^
  File "C:\Users\Alexander\AppData\Roaming\Python\Python313\site-packages\django\template\base.py", line 977, in render_annotated
    return self.render(context)
           ~~~~~~~~~~~^^^^^^^^^
  File "C:\Users\Alexander\AppData\Roaming\Python\Python313\site-packages\django\template\defaulttags.py", line 199, in render
    len_values = len(values)
  File "C:\Users\Alexander\AppData\Roaming\Python\Python313\site-packages\django\db\models\query.py", line 366, in __len__
    self._fetch_all()
    ~~~~~~~~~~~~~~~^^
  File "C:\Users\Alexander\AppData\Roaming\Python\Python313\site-packages\django\db\models\query.py", line 1945, in _fetch_all
    self._result_cache = list(self._iterable_class(self))
                         ~~~~^^^^^^^^^^^^^^^^^^^^^^^^^^^^
  File "C:\Users\Alexander\AppData\Roaming\Python\Python313\site-packages\django\db\models\query.py", line 91, in __iter__
    results = compiler.execute_sql(
        chunked_fetch=self.chunked_fetch, chunk_size=self.chunk_size
    )
  File "C:\Users\Alexander\AppData\Roaming\Python\Python313\site-packages\django\db\models\sql\compiler.py", line 1623, in execute_sql
    cursor.execute(sql, params)
    ~~~~~~~~~~~~~~^^^^^^^^^^^^^
  File "C:\Users\Alexander\AppData\Roaming\Python\Python313\site-packages\django\db\backends\utils.py", line 122, in execute
    return super().execute(sql, params)
           ~~~~~~~~~~~~~~~^^^^^^^^^^^^^
  File "C:\Users\Alexander\AppData\Roaming\Python\Python313\site-packages\django\db\backends\utils.py", line 79, in execute
    return self._execute_with_wrappers(
           ~~~~~~~~~~~~~~~~~~~~~~~~~~~^
        sql, params, many=False, executor=self._execute
        ^^^^^^^^^^^^^^^^^^^^^^^^^^^^^^^^^^^^^^^^^^^^^^^
    )
    ^
  File "C:\Users\Alexander\AppData\Roaming\Python\Python313\site-packages\django\db\backends\utils.py", line 92, in _execute_with_wrappers
    return executor(sql, params, many, context)
  File "C:\Users\Alexander\AppData\Roaming\Python\Python313\site-packages\django\db\backends\utils.py", line 100, in _execute
    with self.db.wrap_database_errors:
         ^^^^^^^^^^^^^^^^^^^^^^^^^^^^
  File "C:\Users\Alexander\AppData\Roaming\Python\Python313\site-packages\django\db\utils.py", line 91, in __exit__
    raise dj_exc_value.with_traceback(traceback) from exc_value
  File "C:\Users\Alexander\AppData\Roaming\Python\Python313\site-packages\django\db\backends\utils.py", line 105, in _execute
    return self.cursor.execute(sql, params)
           ~~~~~~~~~~~~~~~~~~~^^^^^^^^^^^^^
  File "C:\Users\Alexander\AppData\Roaming\Python\Python313\site-packages\django\db\backends\sqlite3\base.py", line 360, in execute
    return super().execute(query, params)
           ~~~~~~~~~~~~~~~^^^^^^^^^^^^^^^
django.db.utils.OperationalError: no such column: pizza_pizza.image
[ERROR] 2025-09-04 21:09:10 "GET / HTTP/1.1" 500 199793
[INFO] 2025-09-04 21:18:41 Watching for file changes with StatReloader
[INFO] 2025-09-04 21:18:46 "GET / HTTP/1.1" 200 5874
[WARNING] 2025-09-04 21:18:46 "GET /static/css/style.css HTTP/1.1" 404 1853
[WARNING] 2025-09-04 21:18:46 "GET /static/js/main.js HTTP/1.1" 404 1844
[WARNING] 2025-09-04 21:18:46 "GET /static/js/form-validation.js HTTP/1.1" 404 1877
[INFO] 2025-09-04 21:19:54 "GET / HTTP/1.1" 200 5874
[WARNING] 2025-09-04 21:19:54 "GET /static/css/style.css HTTP/1.1" 404 1853
[WARNING] 2025-09-04 21:19:54 "GET /static/js/main.js HTTP/1.1" 404 1844
[WARNING] 2025-09-04 21:19:54 "GET /static/js/form-validation.js HTTP/1.1" 404 1877
[INFO] 2025-09-04 21:19:58 "GET /product/1/ HTTP/1.1" 200 2125
[WARNING] 2025-09-04 21:19:58 "GET /static/css/style.css HTTP/1.1" 404 1853
[WARNING] 2025-09-04 21:19:58 "GET /static/js/main.js HTTP/1.1" 404 1844
[WARNING] 2025-09-04 21:19:58 "GET /static/js/form-validation.js HTTP/1.1" 404 1877
[INFO] 2025-09-04 21:20:03 "GET /about/ HTTP/1.1" 200 1927
[WARNING] 2025-09-04 21:20:04 "GET /static/css/style.css HTTP/1.1" 404 1853
[WARNING] 2025-09-04 21:20:04 "GET /static/js/main.js HTTP/1.1" 404 1844
[WARNING] 2025-09-04 21:20:04 "GET /static/js/form-validation.js HTTP/1.1" 404 1877
[INFO] 2025-09-04 21:20:05 "GET /about/ HTTP/1.1" 200 1927
[WARNING] 2025-09-04 21:20:05 "GET /static/css/style.css HTTP/1.1" 404 1853
[WARNING] 2025-09-04 21:20:05 "GET /static/js/main.js HTTP/1.1" 404 1844
[WARNING] 2025-09-04 21:20:05 "GET /static/js/form-validation.js HTTP/1.1" 404 1877
[DEBUG] 2025-09-04 21:20:05 Menu filter params: category=None, sauce=None, is_vegan=None, price=None-None
[INFO] 2025-09-04 21:20:05 "GET /menu/ HTTP/1.1" 200 9040
[WARNING] 2025-09-04 21:20:05 "GET /static/js/main.js HTTP/1.1" 404 1844
[WARNING] 2025-09-04 21:20:05 "GET /static/css/style.css HTTP/1.1" 404 1853
[WARNING] 2025-09-04 21:20:05 "GET /static/js/form-validation.js HTTP/1.1" 404 1877
[INFO] 2025-09-04 21:20:10 "GET /about/ HTTP/1.1" 200 1927
[WARNING] 2025-09-04 21:20:11 "GET /static/css/style.css HTTP/1.1" 404 1853
[WARNING] 2025-09-04 21:20:11 "GET /static/js/form-validation.js HTTP/1.1" 404 1877
[WARNING] 2025-09-04 21:20:11 "GET /static/js/main.js HTTP/1.1" 404 1844
[INFO] 2025-09-04 21:20:12 "GET / HTTP/1.1" 200 5874
[WARNING] 2025-09-04 21:20:12 "GET /static/css/style.css HTTP/1.1" 404 1853
[WARNING] 2025-09-04 21:20:12 "GET /static/js/main.js HTTP/1.1" 404 1844
[WARNING] 2025-09-04 21:20:12 "GET /static/js/form-validation.js HTTP/1.1" 404 1877
[INFO] 2025-09-04 21:20:13 "GET /about/ HTTP/1.1" 200 1927
[WARNING] 2025-09-04 21:20:13 "GET /static/css/style.css HTTP/1.1" 404 1853
[WARNING] 2025-09-04 21:20:13 "GET /static/js/main.js HTTP/1.1" 404 1844
[WARNING] 2025-09-04 21:20:13 "GET /static/js/form-validation.js HTTP/1.1" 404 1877
[DEBUG] 2025-09-04 21:20:17 Menu filter params: category=None, sauce=None, is_vegan=None, price=None-None
[INFO] 2025-09-04 21:20:17 "GET /menu/ HTTP/1.1" 200 9040
[WARNING] 2025-09-04 21:20:17 "GET /static/css/style.css HTTP/1.1" 404 1853
[WARNING] 2025-09-04 21:20:17 "GET /static/js/main.js HTTP/1.1" 404 1844
[WARNING] 2025-09-04 21:20:17 "GET /static/js/form-validation.js HTTP/1.1" 404 1877
[DEBUG] 2025-09-04 21:20:20 Menu filter params: category=None, sauce=None, is_vegan=None, price=None-None
[INFO] 2025-09-04 21:20:20 "GET /menu/ HTTP/1.1" 200 9040
[WARNING] 2025-09-04 21:20:20 "GET /static/css/style.css HTTP/1.1" 404 1853
[WARNING] 2025-09-04 21:20:20 "GET /static/js/main.js HTTP/1.1" 404 1844
[WARNING] 2025-09-04 21:20:20 "GET /static/js/form-validation.js HTTP/1.1" 404 1877
[INFO] 2025-09-04 21:20:23 "GET /news/ HTTP/1.1" 200 2167
[WARNING] 2025-09-04 21:20:23 "GET /static/css/style.css HTTP/1.1" 404 1853
[WARNING] 2025-09-04 21:20:23 "GET /static/js/main.js HTTP/1.1" 404 1844
[WARNING] 2025-09-04 21:20:23 "GET /static/js/form-validation.js HTTP/1.1" 404 1877
[INFO] 2025-09-04 21:20:25 "GET /faq/ HTTP/1.1" 200 1752
[WARNING] 2025-09-04 21:20:25 "GET /static/css/style.css HTTP/1.1" 404 1853
[WARNING] 2025-09-04 21:20:25 "GET /static/js/main.js HTTP/1.1" 404 1844
[WARNING] 2025-09-04 21:20:25 "GET /static/js/form-validation.js HTTP/1.1" 404 1877
[INFO] 2025-09-04 21:20:26 "GET /contacts/ HTTP/1.1" 200 1800
[WARNING] 2025-09-04 21:20:26 "GET /static/css/style.css HTTP/1.1" 404 1853
[WARNING] 2025-09-04 21:20:26 "GET /static/js/main.js HTTP/1.1" 404 1844
[WARNING] 2025-09-04 21:20:26 "GET /static/js/form-validation.js HTTP/1.1" 404 1877
[INFO] 2025-09-04 21:20:27 "GET /jobs/ HTTP/1.1" 200 2130
[WARNING] 2025-09-04 21:20:28 "GET /static/js/main.js HTTP/1.1" 404 1844
[WARNING] 2025-09-04 21:20:28 "GET /static/css/style.css HTTP/1.1" 404 1853
[WARNING] 2025-09-04 21:20:28 "GET /static/js/form-validation.js HTTP/1.1" 404 1877
[INFO] 2025-09-04 21:20:29 "GET /promotions/ HTTP/1.1" 200 2999
[WARNING] 2025-09-04 21:20:29 "GET /static/css/style.css HTTP/1.1" 404 1853
[WARNING] 2025-09-04 21:20:29 "GET /static/js/main.js HTTP/1.1" 404 1844
[WARNING] 2025-09-04 21:20:29 "GET /static/js/form-validation.js HTTP/1.1" 404 1877
[INFO] 2025-09-04 21:20:30 "GET /reviews/ HTTP/1.1" 200 2375
[WARNING] 2025-09-04 21:20:30 "GET /static/css/style.css HTTP/1.1" 404 1853
[WARNING] 2025-09-04 21:20:30 "GET /static/js/form-validation.js HTTP/1.1" 404 1877
[WARNING] 2025-09-04 21:20:30 "GET /static/js/main.js HTTP/1.1" 404 1844
[INFO] 2025-09-04 21:20:31 "GET /promotions/ HTTP/1.1" 200 2999
[WARNING] 2025-09-04 21:20:31 "GET /static/js/main.js HTTP/1.1" 404 1844
[WARNING] 2025-09-04 21:20:31 "GET /static/css/style.css HTTP/1.1" 404 1853
[WARNING] 2025-09-04 21:20:31 "GET /static/js/form-validation.js HTTP/1.1" 404 1877
[INFO] 2025-09-04 21:20:38 "GET /login/ HTTP/1.1" 200 2481
[WARNING] 2025-09-04 21:20:38 "GET /static/css/style.css HTTP/1.1" 404 1853
[WARNING] 2025-09-04 21:20:38 "GET /static/js/form-validation.js HTTP/1.1" 404 1877
[WARNING] 2025-09-04 21:20:38 "GET /static/js/main.js HTTP/1.1" 404 1844
[INFO] 2025-09-04 21:20:40 "POST /login/ HTTP/1.1" 200 2642
[WARNING] 2025-09-04 21:20:40 "GET /static/css/style.css HTTP/1.1" 404 1853
[WARNING] 2025-09-04 21:20:40 "GET /static/js/form-validation.js HTTP/1.1" 404 1877
[WARNING] 2025-09-04 21:20:40 "GET /static/js/main.js HTTP/1.1" 404 1844
[INFO] 2025-09-04 21:20:47 "POST /login/ HTTP/1.1" 200 2642
[WARNING] 2025-09-04 21:20:47 "GET /static/css/style.css HTTP/1.1" 404 1853
[WARNING] 2025-09-04 21:20:47 "GET /static/js/form-validation.js HTTP/1.1" 404 1877
[WARNING] 2025-09-04 21:20:47 "GET /static/js/main.js HTTP/1.1" 404 1844
[INFO] 2025-09-04 21:20:56 "POST /login/ HTTP/1.1" 200 2638
[WARNING] 2025-09-04 21:20:56 "GET /static/js/main.js HTTP/1.1" 404 1844
[WARNING] 2025-09-04 21:20:56 "GET /static/css/style.css HTTP/1.1" 404 1853
[WARNING] 2025-09-04 21:20:56 "GET /static/js/form-validation.js HTTP/1.1" 404 1877
[INFO] 2025-09-04 21:21:00 "POST /login/ HTTP/1.1" 200 2642
[WARNING] 2025-09-04 21:21:00 "GET /static/css/style.css HTTP/1.1" 404 1853
[WARNING] 2025-09-04 21:21:00 "GET /static/js/main.js HTTP/1.1" 404 1844
[WARNING] 2025-09-04 21:21:00 "GET /static/js/form-validation.js HTTP/1.1" 404 1877
[DEBUG] 2025-09-04 21:21:31 Menu filter params: category=None, sauce=None, is_vegan=None, price=None-None
[INFO] 2025-09-04 21:21:31 "GET /menu/ HTTP/1.1" 200 9040
[WARNING] 2025-09-04 21:21:31 "GET /static/css/style.css HTTP/1.1" 404 1853
[WARNING] 2025-09-04 21:21:31 "GET /static/js/main.js HTTP/1.1" 404 1844
[WARNING] 2025-09-04 21:21:31 "GET /static/js/form-validation.js HTTP/1.1" 404 1877
[INFO] 2025-09-04 21:21:32 "GET /about/ HTTP/1.1" 200 1927
[WARNING] 2025-09-04 21:21:32 "GET /static/css/style.css HTTP/1.1" 404 1853
[WARNING] 2025-09-04 21:21:32 "GET /static/js/main.js HTTP/1.1" 404 1844
[WARNING] 2025-09-04 21:21:32 "GET /static/js/form-validation.js HTTP/1.1" 404 1877
[INFO] 2025-09-04 21:21:33 "GET /news/ HTTP/1.1" 200 2167
[WARNING] 2025-09-04 21:21:33 "GET /static/css/style.css HTTP/1.1" 404 1853
[WARNING] 2025-09-04 21:21:33 "GET /static/js/main.js HTTP/1.1" 404 1844
[WARNING] 2025-09-04 21:21:33 "GET /static/js/form-validation.js HTTP/1.1" 404 1877
[INFO] 2025-09-04 21:21:33 "GET /faq/ HTTP/1.1" 200 1752
[WARNING] 2025-09-04 21:21:33 "GET /static/js/form-validation.js HTTP/1.1" 404 1877
[WARNING] 2025-09-04 21:21:33 "GET /static/css/style.css HTTP/1.1" 404 1853
[WARNING] 2025-09-04 21:21:33 "GET /static/js/main.js HTTP/1.1" 404 1844
[INFO] 2025-09-04 21:21:34 "GET /contacts/ HTTP/1.1" 200 1800
[WARNING] 2025-09-04 21:21:34 "GET /static/js/main.js HTTP/1.1" 404 1844
[WARNING] 2025-09-04 21:21:34 "GET /static/css/style.css HTTP/1.1" 404 1853
[WARNING] 2025-09-04 21:21:34 "GET /static/js/form-validation.js HTTP/1.1" 404 1877
[INFO] 2025-09-04 21:21:34 "GET /reviews/ HTTP/1.1" 200 2375
[WARNING] 2025-09-04 21:21:34 "GET /static/js/main.js HTTP/1.1" 404 1844
[WARNING] 2025-09-04 21:21:34 "GET /static/css/style.css HTTP/1.1" 404 1853
[WARNING] 2025-09-04 21:21:34 "GET /static/js/form-validation.js HTTP/1.1" 404 1877
[DEBUG] 2025-09-04 21:21:42 Menu filter params: category=None, sauce=None, is_vegan=None, price=None-None
[INFO] 2025-09-04 21:21:42 "GET /menu/ HTTP/1.1" 200 9040
[WARNING] 2025-09-04 21:21:42 "GET /static/css/style.css HTTP/1.1" 404 1853
[WARNING] 2025-09-04 21:21:42 "GET /static/js/main.js HTTP/1.1" 404 1844
[WARNING] 2025-09-04 21:21:42 "GET /static/js/form-validation.js HTTP/1.1" 404 1877
[INFO] 2025-09-04 21:21:51 "GET /pizza/1/ HTTP/1.1" 200 3056
[WARNING] 2025-09-04 21:21:51 "GET /static/css/style.css HTTP/1.1" 404 1853
[WARNING] 2025-09-04 21:21:51 "GET /static/js/main.js HTTP/1.1" 404 1844
[WARNING] 2025-09-04 21:21:51 "GET /static/js/form-validation.js HTTP/1.1" 404 1877
[INFO] 2025-09-04 21:32:33 Watching for file changes with StatReloader
[INFO] 2025-09-04 21:32:37 "GET /pizza/1/ HTTP/1.1" 200 3056
[WARNING] 2025-09-04 21:32:37 "GET /static/css/style.css HTTP/1.1" 404 1853
[WARNING] 2025-09-04 21:32:37 "GET /static/js/main.js HTTP/1.1" 404 1844
[WARNING] 2025-09-04 21:32:37 "GET /static/js/form-validation.js HTTP/1.1" 404 1877
[INFO] 2025-09-04 21:32:39 "GET /pizza/1/ HTTP/1.1" 200 3056
[WARNING] 2025-09-04 21:32:39 "GET /static/js/main.js HTTP/1.1" 404 1844
[WARNING] 2025-09-04 21:32:39 "GET /static/css/style.css HTTP/1.1" 404 1853
[WARNING] 2025-09-04 21:32:39 "GET /static/js/form-validation.js HTTP/1.1" 404 1877
[INFO] 2025-09-04 21:32:40 "GET / HTTP/1.1" 200 5874
[WARNING] 2025-09-04 21:32:40 "GET /static/css/style.css HTTP/1.1" 404 1853
[WARNING] 2025-09-04 21:32:40 "GET /static/js/form-validation.js HTTP/1.1" 404 1877
[WARNING] 2025-09-04 21:32:40 "GET /static/js/main.js HTTP/1.1" 404 1844
[INFO] 2025-09-04 21:32:41 "GET /about/ HTTP/1.1" 200 1927
[WARNING] 2025-09-04 21:32:41 "GET /static/css/style.css HTTP/1.1" 404 1853
[WARNING] 2025-09-04 21:32:41 "GET /static/js/main.js HTTP/1.1" 404 1844
[WARNING] 2025-09-04 21:32:41 "GET /static/js/form-validation.js HTTP/1.1" 404 1877
[INFO] 2025-09-04 21:32:42 "GET /about/ HTTP/1.1" 200 1927
[WARNING] 2025-09-04 21:32:42 "GET /static/css/style.css HTTP/1.1" 404 1853
[WARNING] 2025-09-04 21:32:42 "GET /static/js/main.js HTTP/1.1" 404 1844
[WARNING] 2025-09-04 21:32:42 "GET /static/js/form-validation.js HTTP/1.1" 404 1877
[INFO] 2025-09-04 21:32:42 "GET /news/ HTTP/1.1" 200 2167
[WARNING] 2025-09-04 21:32:42 "GET /static/css/style.css HTTP/1.1" 404 1853
[WARNING] 2025-09-04 21:32:42 "GET /static/js/main.js HTTP/1.1" 404 1844
[WARNING] 2025-09-04 21:32:42 "GET /static/js/form-validation.js HTTP/1.1" 404 1877
[INFO] 2025-09-04 21:32:43 "GET /contacts/ HTTP/1.1" 200 1800
[WARNING] 2025-09-04 21:32:43 "GET /static/css/style.css HTTP/1.1" 404 1853
[WARNING] 2025-09-04 21:32:43 "GET /static/js/main.js HTTP/1.1" 404 1844
[WARNING] 2025-09-04 21:32:43 "GET /static/js/form-validation.js HTTP/1.1" 404 1877
[INFO] 2025-09-04 21:32:43 "GET /reviews/ HTTP/1.1" 200 2375
[WARNING] 2025-09-04 21:32:44 "GET /static/css/style.css HTTP/1.1" 404 1853
[WARNING] 2025-09-04 21:32:44 "GET /static/js/form-validation.js HTTP/1.1" 404 1877
[WARNING] 2025-09-04 21:32:44 "GET /static/js/main.js HTTP/1.1" 404 1844
[INFO] 2025-09-04 21:32:44 "GET /login/ HTTP/1.1" 200 2481
[WARNING] 2025-09-04 21:32:44 "GET /static/js/main.js HTTP/1.1" 404 1844
[WARNING] 2025-09-04 21:32:44 "GET /static/css/style.css HTTP/1.1" 404 1853
[WARNING] 2025-09-04 21:32:44 "GET /static/js/form-validation.js HTTP/1.1" 404 1877
[INFO] 2025-09-04 21:32:47 "POST /login/ HTTP/1.1" 302 0
[DEBUG] 2025-09-04 21:32:47 Menu filter params: category=None, sauce=None, is_vegan=None, price=None-None
[INFO] 2025-09-04 21:32:47 "GET /menu/ HTTP/1.1" 200 9762
[WARNING] 2025-09-04 21:32:47 "GET /static/css/style.css HTTP/1.1" 404 1853
[WARNING] 2025-09-04 21:32:47 "GET /static/js/main.js HTTP/1.1" 404 1844
[WARNING] 2025-09-04 21:32:47 "GET /static/js/form-validation.js HTTP/1.1" 404 1877
[ERROR] 2025-09-04 21:33:22 Internal Server Error: /promotions/
Traceback (most recent call last):
  File "C:\Users\Alexander\AppData\Roaming\Python\Python313\site-packages\django\core\handlers\exception.py", line 55, in inner
    response = get_response(request)
  File "C:\Users\Alexander\AppData\Roaming\Python\Python313\site-packages\django\core\handlers\base.py", line 197, in _get_response
    response = wrapped_callback(request, *callback_args, **callback_kwargs)
  File "D:\353504_SVIDINSKY_19\IGI\LR5\pizza\views.py", line 572, in promotions_view
    active_promos = request.user.customer.promos.filter(
                    ^^^^^^^^^^^^^^^^^^^^^
  File "C:\Users\Alexander\AppData\Roaming\Python\Python313\site-packages\django\utils\functional.py", line 253, in inner
    return func(_wrapped, *args)
  File "C:\Users\Alexander\AppData\Roaming\Python\Python313\site-packages\django\db\models\fields\related_descriptors.py", line 531, in __get__
    raise self.RelatedObjectDoesNotExist(
    ...<2 lines>...
    )
django.contrib.auth.models.User.customer.RelatedObjectDoesNotExist: User has no customer.
[ERROR] 2025-09-04 21:33:22 "GET /promotions/ HTTP/1.1" 500 77949
[INFO] 2025-09-04 21:33:24 "GET /contacts/ HTTP/1.1" 200 2522
[WARNING] 2025-09-04 21:33:24 "GET /static/js/main.js HTTP/1.1" 404 1844
[WARNING] 2025-09-04 21:33:24 "GET /static/js/form-validation.js HTTP/1.1" 404 1877
[WARNING] 2025-09-04 21:33:24 "GET /static/css/style.css HTTP/1.1" 404 1853
[INFO] 2025-09-04 21:33:25 "GET /jobs/ HTTP/1.1" 200 2852
[WARNING] 2025-09-04 21:33:25 "GET /static/js/main.js HTTP/1.1" 404 1844
[WARNING] 2025-09-04 21:33:25 "GET /static/css/style.css HTTP/1.1" 404 1853
[WARNING] 2025-09-04 21:33:25 "GET /static/js/form-validation.js HTTP/1.1" 404 1877
[INFO] 2025-09-04 21:33:25 "GET /reviews/ HTTP/1.1" 200 3205
[WARNING] 2025-09-04 21:33:25 "GET /static/css/style.css HTTP/1.1" 404 1853
[WARNING] 2025-09-04 21:33:25 "GET /static/js/main.js HTTP/1.1" 404 1844
[WARNING] 2025-09-04 21:33:26 "GET /static/js/form-validation.js HTTP/1.1" 404 1877
[ERROR] 2025-09-04 21:33:26 Internal Server Error: /promotions/
Traceback (most recent call last):
  File "C:\Users\Alexander\AppData\Roaming\Python\Python313\site-packages\django\core\handlers\exception.py", line 55, in inner
    response = get_response(request)
  File "C:\Users\Alexander\AppData\Roaming\Python\Python313\site-packages\django\core\handlers\base.py", line 197, in _get_response
    response = wrapped_callback(request, *callback_args, **callback_kwargs)
  File "D:\353504_SVIDINSKY_19\IGI\LR5\pizza\views.py", line 572, in promotions_view
    active_promos = request.user.customer.promos.filter(
                    ^^^^^^^^^^^^^^^^^^^^^
  File "C:\Users\Alexander\AppData\Roaming\Python\Python313\site-packages\django\utils\functional.py", line 253, in inner
    return func(_wrapped, *args)
  File "C:\Users\Alexander\AppData\Roaming\Python\Python313\site-packages\django\db\models\fields\related_descriptors.py", line 531, in __get__
    raise self.RelatedObjectDoesNotExist(
    ...<2 lines>...
    )
django.contrib.auth.models.User.customer.RelatedObjectDoesNotExist: User has no customer.
[ERROR] 2025-09-04 21:33:26 "GET /promotions/ HTTP/1.1" 500 77952
[ERROR] 2025-09-04 21:33:29 Internal Server Error: /promotions/
Traceback (most recent call last):
  File "C:\Users\Alexander\AppData\Roaming\Python\Python313\site-packages\django\core\handlers\exception.py", line 55, in inner
    response = get_response(request)
  File "C:\Users\Alexander\AppData\Roaming\Python\Python313\site-packages\django\core\handlers\base.py", line 197, in _get_response
    response = wrapped_callback(request, *callback_args, **callback_kwargs)
  File "D:\353504_SVIDINSKY_19\IGI\LR5\pizza\views.py", line 572, in promotions_view
    active_promos = request.user.customer.promos.filter(
                    ^^^^^^^^^^^^^^^^^^^^^
  File "C:\Users\Alexander\AppData\Roaming\Python\Python313\site-packages\django\utils\functional.py", line 253, in inner
    return func(_wrapped, *args)
  File "C:\Users\Alexander\AppData\Roaming\Python\Python313\site-packages\django\db\models\fields\related_descriptors.py", line 531, in __get__
    raise self.RelatedObjectDoesNotExist(
    ...<2 lines>...
    )
django.contrib.auth.models.User.customer.RelatedObjectDoesNotExist: User has no customer.
[ERROR] 2025-09-04 21:33:29 "GET /promotions/ HTTP/1.1" 500 77952
[INFO] 2025-09-04 21:35:23 "GET /orders/ HTTP/1.1" 200 2357
[WARNING] 2025-09-04 21:35:23 "GET /static/js/form-validation.js HTTP/1.1" 404 1877
[WARNING] 2025-09-04 21:35:23 "GET /static/css/style.css HTTP/1.1" 404 1853
[WARNING] 2025-09-04 21:35:23 "GET /static/js/main.js HTTP/1.1" 404 1844
[INFO] 2025-09-04 21:35:24 "GET /cart/ HTTP/1.1" 200 2574
[WARNING] 2025-09-04 21:35:24 "GET /static/css/style.css HTTP/1.1" 404 1853
[WARNING] 2025-09-04 21:35:24 "GET /static/js/form-validation.js HTTP/1.1" 404 1877
[WARNING] 2025-09-04 21:35:24 "GET /static/js/main.js HTTP/1.1" 404 1844
[DEBUG] 2025-09-04 21:35:24 Starting statistics calculation
[INFO] 2025-09-04 21:35:25 Statistics viewed by user alexander
[INFO] 2025-09-04 21:35:25 "GET /statistics/ HTTP/1.1" 200 51869
[WARNING] 2025-09-04 21:35:25 "GET /static/css/style.css HTTP/1.1" 404 1853
[WARNING] 2025-09-04 21:35:25 "GET /static/js/main.js HTTP/1.1" 404 1844
[WARNING] 2025-09-04 21:35:25 "GET /static/js/form-validation.js HTTP/1.1" 404 1877
[INFO] 2025-09-04 21:35:25 "GET /pizza/create/ HTTP/1.1" 200 10822
[WARNING] 2025-09-04 21:35:25 "GET /static/js/main.js HTTP/1.1" 404 1844
[WARNING] 2025-09-04 21:35:25 "GET /static/css/style.css HTTP/1.1" 404 1853
[WARNING] 2025-09-04 21:35:25 "GET /static/js/form-validation.js HTTP/1.1" 404 1877
[INFO] 2025-09-04 21:35:25 "GET /couriers/ HTTP/1.1" 200 2837
[WARNING] 2025-09-04 21:35:25 "GET /static/js/form-validation.js HTTP/1.1" 404 1877
[WARNING] 2025-09-04 21:35:25 "GET /static/css/style.css HTTP/1.1" 404 1853
[WARNING] 2025-09-04 21:35:25 "GET /static/js/main.js HTTP/1.1" 404 1844
[INFO] 2025-09-04 21:35:26 "GET /admin/ HTTP/1.1" 200 17425
[INFO] 2025-09-04 21:35:28 "GET /order/new/ HTTP/1.1" 200 33387
[WARNING] 2025-09-04 21:35:28 "GET /static/css/style.css HTTP/1.1" 404 1853
[WARNING] 2025-09-04 21:35:28 "GET /static/js/main.js HTTP/1.1" 404 1844
[WARNING] 2025-09-04 21:35:28 "GET /static/js/form-validation.js HTTP/1.1" 404 1877
[INFO] 2025-09-04 21:35:29 "GET /contacts/ HTTP/1.1" 200 2522
[WARNING] 2025-09-04 21:35:29 "GET /static/js/main.js HTTP/1.1" 404 1844
[WARNING] 2025-09-04 21:35:29 "GET /static/css/style.css HTTP/1.1" 404 1853
[WARNING] 2025-09-04 21:35:29 "GET /static/js/form-validation.js HTTP/1.1" 404 1877
[INFO] 2025-09-04 21:35:30 "GET /faq/ HTTP/1.1" 200 2474
[WARNING] 2025-09-04 21:35:30 "GET /static/js/main.js HTTP/1.1" 404 1844
[WARNING] 2025-09-04 21:35:30 "GET /static/css/style.css HTTP/1.1" 404 1853
[WARNING] 2025-09-04 21:35:30 "GET /static/js/form-validation.js HTTP/1.1" 404 1877
[INFO] 2025-09-04 21:35:31 "GET /news/ HTTP/1.1" 200 2889
[WARNING] 2025-09-04 21:35:31 "GET /static/js/main.js HTTP/1.1" 404 1844
[WARNING] 2025-09-04 21:35:31 "GET /static/js/form-validation.js HTTP/1.1" 404 1877
[WARNING] 2025-09-04 21:35:31 "GET /static/css/style.css HTTP/1.1" 404 1853
[DEBUG] 2025-09-04 21:35:31 Menu filter params: category=None, sauce=None, is_vegan=None, price=None-None
[INFO] 2025-09-04 21:35:31 "GET /menu/ HTTP/1.1" 200 9762
[WARNING] 2025-09-04 21:35:31 "GET /static/js/main.js HTTP/1.1" 404 1844
[WARNING] 2025-09-04 21:35:31 "GET /static/js/form-validation.js HTTP/1.1" 404 1877
[WARNING] 2025-09-04 21:35:31 "GET /static/css/style.css HTTP/1.1" 404 1853
[INFO] 2025-09-04 21:35:32 "GET /about/ HTTP/1.1" 200 2649
[WARNING] 2025-09-04 21:35:32 "GET /static/css/style.css HTTP/1.1" 404 1853
[WARNING] 2025-09-04 21:35:32 "GET /static/js/main.js HTTP/1.1" 404 1844
[WARNING] 2025-09-04 21:35:32 "GET /static/js/form-validation.js HTTP/1.1" 404 1877
[INFO] 2025-09-04 21:35:35 "GET /order/new/ HTTP/1.1" 200 33387
[WARNING] 2025-09-04 21:35:35 "GET /static/css/style.css HTTP/1.1" 404 1853
[WARNING] 2025-09-04 21:35:35 "GET /static/js/main.js HTTP/1.1" 404 1844
[WARNING] 2025-09-04 21:35:35 "GET /static/js/form-validation.js HTTP/1.1" 404 1877
[DEBUG] 2025-09-04 21:35:47 Starting order creation process for user alexander
[ERROR] 2025-09-04 21:35:47 Error creating order: User has no customer.
Traceback (most recent call last):
  File "D:\353504_SVIDINSKY_19\IGI\LR5\pizza\views.py", line 174, in form_valid
    order.customer = self.request.user.customer
                     ^^^^^^^^^^^^^^^^^^^^^^^^^^
  File "C:\Users\Alexander\AppData\Roaming\Python\Python313\site-packages\django\utils\functional.py", line 253, in inner
    return func(_wrapped, *args)
  File "C:\Users\Alexander\AppData\Roaming\Python\Python313\site-packages\django\db\models\fields\related_descriptors.py", line 531, in __get__
    raise self.RelatedObjectDoesNotExist(
    ...<2 lines>...
    )
django.contrib.auth.models.User.customer.RelatedObjectDoesNotExist: User has no customer.
[INFO] 2025-09-04 21:35:47 "POST /order/new/ HTTP/1.1" 200 33641
[WARNING] 2025-09-04 21:35:47 "GET /static/css/style.css HTTP/1.1" 404 1853
[WARNING] 2025-09-04 21:35:47 "GET /static/js/main.js HTTP/1.1" 404 1844
[WARNING] 2025-09-04 21:35:47 "GET /static/js/form-validation.js HTTP/1.1" 404 1877
[INFO] 2025-09-04 21:36:06 "GET /admin/ HTTP/1.1" 200 17425
[INFO] 2025-09-04 21:36:09 "GET /admin/pizza/customer/ HTTP/1.1" 200 15922
[INFO] 2025-09-04 21:36:09 "GET /admin/jsi18n/ HTTP/1.1" 200 3342
[INFO] 2025-09-04 21:36:11 "GET /admin/pizza/customer/add/ HTTP/1.1" 200 20475
[INFO] 2025-09-04 21:36:11 "GET /static/admin/js/calendar.js HTTP/1.1" 304 0
[INFO] 2025-09-04 21:36:11 "GET /static/admin/js/admin/DateTimeShortcuts.js HTTP/1.1" 304 0
[INFO] 2025-09-04 21:36:11 "GET /admin/jsi18n/ HTTP/1.1" 200 3342
[INFO] 2025-09-04 21:36:11 "GET /static/admin/img/icon-calendar.svg HTTP/1.1" 304 0
[INFO] 2025-09-04 21:36:16 "POST /admin/pizza/customer/add/ HTTP/1.1" 200 20834
[INFO] 2025-09-04 21:36:16 "GET /admin/jsi18n/ HTTP/1.1" 200 3342
[INFO] 2025-09-04 21:38:00 D:\353504_SVIDINSKY_19\IGI\LR5\pizza\views.py changed, reloading.
[INFO] 2025-09-04 21:38:02 Watching for file changes with StatReloader
[INFO] 2025-09-04 21:40:31 "POST /admin/pizza/customer/add/ HTTP/1.1" 302 0
[INFO] 2025-09-04 21:40:31 "GET /admin/pizza/customer/ HTTP/1.1" 200 18176
[INFO] 2025-09-04 21:40:31 "GET /admin/jsi18n/ HTTP/1.1" 200 3342
[INFO] 2025-09-04 21:40:41 "GET / HTTP/1.1" 200 6596
[WARNING] 2025-09-04 21:40:41 "GET /static/css/style.css HTTP/1.1" 404 1853
[WARNING] 2025-09-04 21:40:41 "GET /static/js/main.js HTTP/1.1" 404 1844
[WARNING] 2025-09-04 21:40:41 "GET /static/js/form-validation.js HTTP/1.1" 404 1877
[INFO] 2025-09-04 21:40:53 "GET /order/new/ HTTP/1.1" 200 33387
[WARNING] 2025-09-04 21:40:53 "GET /static/js/main.js HTTP/1.1" 404 1844
[WARNING] 2025-09-04 21:40:53 "GET /static/js/form-validation.js HTTP/1.1" 404 1877
[WARNING] 2025-09-04 21:40:53 "GET /static/css/style.css HTTP/1.1" 404 1853
[DEBUG] 2025-09-04 21:41:02 Starting order creation process for user alexander
[INFO] 2025-09-04 21:41:02 Order created: 1 by user alexander
[INFO] 2025-09-04 21:41:02 Order 1 completed with total price: 600.00
[INFO] 2025-09-04 21:41:02 "POST /order/new/ HTTP/1.1" 302 0
[INFO] 2025-09-04 21:41:02 "GET /order/complete/ HTTP/1.1" 200 2860
[WARNING] 2025-09-04 21:41:02 "GET /static/css/style.css HTTP/1.1" 404 1853
[WARNING] 2025-09-04 21:41:02 "GET /static/js/main.js HTTP/1.1" 404 1844
[WARNING] 2025-09-04 21:41:02 "GET /static/js/form-validation.js HTTP/1.1" 404 1877
[INFO] 2025-09-04 21:41:11 "GET /cart/ HTTP/1.1" 200 2574
[WARNING] 2025-09-04 21:41:11 "GET /static/css/style.css HTTP/1.1" 404 1853
[WARNING] 2025-09-04 21:41:11 "GET /static/js/main.js HTTP/1.1" 404 1844
[WARNING] 2025-09-04 21:41:11 "GET /static/js/form-validation.js HTTP/1.1" 404 1877
[INFO] 2025-09-04 21:41:34 "GET /cart/ HTTP/1.1" 200 2574
[WARNING] 2025-09-04 21:41:34 "GET /static/css/style.css HTTP/1.1" 404 1853
[WARNING] 2025-09-04 21:41:34 "GET /static/js/main.js HTTP/1.1" 404 1844
[WARNING] 2025-09-04 21:41:34 "GET /static/js/form-validation.js HTTP/1.1" 404 1877
[DEBUG] 2025-09-04 21:41:36 Menu filter params: category=None, sauce=None, is_vegan=None, price=None-None
[INFO] 2025-09-04 21:41:36 "GET /menu/ HTTP/1.1" 200 9762
[WARNING] 2025-09-04 21:41:36 "GET /static/js/main.js HTTP/1.1" 404 1844
[WARNING] 2025-09-04 21:41:36 "GET /static/css/style.css HTTP/1.1" 404 1853
[WARNING] 2025-09-04 21:41:36 "GET /static/js/form-validation.js HTTP/1.1" 404 1877
[INFO] 2025-09-04 21:41:38 "GET /pizza/1/ HTTP/1.1" 200 4033
[WARNING] 2025-09-04 21:41:38 "GET /static/css/style.css HTTP/1.1" 404 1853
[WARNING] 2025-09-04 21:41:38 "GET /static/js/main.js HTTP/1.1" 404 1844
[WARNING] 2025-09-04 21:41:38 "GET /static/js/form-validation.js HTTP/1.1" 404 1877
[INFO] 2025-09-04 21:45:44 "GET /admin/ HTTP/1.1" 200 17808
[INFO] 2025-09-04 21:45:48 D:\353504_SVIDINSKY_19\IGI\LR5\pizza\views.py changed, reloading.
[INFO] 2025-09-04 21:45:49 Watching for file changes with StatReloader
[INFO] 2025-09-04 21:45:53 "GET / HTTP/1.1" 200 6596
[WARNING] 2025-09-04 21:45:53 "GET /static/js/main.js HTTP/1.1" 404 1844
[WARNING] 2025-09-04 21:45:53 "GET /static/css/style.css HTTP/1.1" 404 1853
[WARNING] 2025-09-04 21:45:53 "GET /static/js/form-validation.js HTTP/1.1" 404 1877
[INFO] 2025-09-04 21:45:55 "GET /reviews/ HTTP/1.1" 200 3205
[WARNING] 2025-09-04 21:45:55 "GET /static/css/style.css HTTP/1.1" 404 1853
[WARNING] 2025-09-04 21:45:55 "GET /static/js/main.js HTTP/1.1" 404 1844
[WARNING] 2025-09-04 21:45:55 "GET /static/js/form-validation.js HTTP/1.1" 404 1877
[INFO] 2025-09-04 21:45:56 "GET /promotions/ HTTP/1.1" 200 4374
[WARNING] 2025-09-04 21:45:56 "GET /static/js/main.js HTTP/1.1" 404 1844
[WARNING] 2025-09-04 21:45:56 "GET /static/css/style.css HTTP/1.1" 404 1853
[WARNING] 2025-09-04 21:45:56 "GET /static/js/form-validation.js HTTP/1.1" 404 1877
[INFO] 2025-09-04 21:46:48 "GET /cart/ HTTP/1.1" 200 2574
[WARNING] 2025-09-04 21:46:48 "GET /static/css/style.css HTTP/1.1" 404 1853
[WARNING] 2025-09-04 21:46:48 "GET /static/js/main.js HTTP/1.1" 404 1844
[WARNING] 2025-09-04 21:46:48 "GET /static/js/form-validation.js HTTP/1.1" 404 1877
[INFO] 2025-09-12 16:26:04 Watching for file changes with StatReloader
[INFO] 2025-09-12 16:26:22 Watching for file changes with StatReloader
[INFO] 2025-09-12 16:26:43 Watching for file changes with StatReloader
[INFO] 2025-09-12 16:40:16 Watching for file changes with StatReloader
[INFO] 2025-09-12 16:40:25 "GET / HTTP/1.1" 200 6596
[WARNING] 2025-09-12 16:40:25 "GET /static/css/style.css HTTP/1.1" 404 1853
[WARNING] 2025-09-12 16:40:25 "GET /static/js/main.js HTTP/1.1" 404 1844
[WARNING] 2025-09-12 16:40:25 "GET /static/js/form-validation.js HTTP/1.1" 404 1877
[WARNING] 2025-09-12 16:40:25 Not Found: /favicon.ico
[WARNING] 2025-09-12 16:40:25 "GET /favicon.ico HTTP/1.1" 404 11118
[INFO] 2025-09-12 16:47:36 Watching for file changes with StatReloader
[ERROR] 2025-09-12 16:47:39 Internal Server Error: /
Traceback (most recent call last):
  File "C:\Users\Alexander\AppData\Roaming\Python\Python313\site-packages\django\template\base.py", line 510, in parse
    compile_func = self.tags[command]
                   ~~~~~~~~~^^^^^^^^^
KeyError: 'static'

During handling of the above exception, another exception occurred:

Traceback (most recent call last):
  File "C:\Users\Alexander\AppData\Roaming\Python\Python313\site-packages\django\core\handlers\exception.py", line 55, in inner
    response = get_response(request)
  File "C:\Users\Alexander\AppData\Roaming\Python\Python313\site-packages\django\core\handlers\base.py", line 220, in _get_response
    response = response.render()
  File "C:\Users\Alexander\AppData\Roaming\Python\Python313\site-packages\django\template\response.py", line 114, in render
    self.content = self.rendered_content
                   ^^^^^^^^^^^^^^^^^^^^^
  File "C:\Users\Alexander\AppData\Roaming\Python\Python313\site-packages\django\template\response.py", line 92, in rendered_content
    return template.render(context, self._request)
           ~~~~~~~~~~~~~~~^^^^^^^^^^^^^^^^^^^^^^^^
  File "C:\Users\Alexander\AppData\Roaming\Python\Python313\site-packages\django\template\backends\django.py", line 107, in render
    return self.template.render(context)
           ~~~~~~~~~~~~~~~~~~~~^^^^^^^^^
  File "C:\Users\Alexander\AppData\Roaming\Python\Python313\site-packages\django\template\base.py", line 171, in render
    return self._render(context)
           ~~~~~~~~~~~~^^^^^^^^^
  File "C:\Users\Alexander\AppData\Roaming\Python\Python313\site-packages\django\template\base.py", line 163, in _render
    return self.nodelist.render(context)
           ~~~~~~~~~~~~~~~~~~~~^^^^^^^^^
  File "C:\Users\Alexander\AppData\Roaming\Python\Python313\site-packages\django\template\base.py", line 1016, in render
    return SafeString("".join([node.render_annotated(context) for node in self]))
                               ~~~~~~~~~~~~~~~~~~~~~^^^^^^^^^
  File "C:\Users\Alexander\AppData\Roaming\Python\Python313\site-packages\django\template\base.py", line 977, in render_annotated
    return self.render(context)
           ~~~~~~~~~~~^^^^^^^^^
  File "C:\Users\Alexander\AppData\Roaming\Python\Python313\site-packages\django\template\loader_tags.py", line 134, in render
    compiled_parent = self.get_parent(context)
  File "C:\Users\Alexander\AppData\Roaming\Python\Python313\site-packages\django\template\loader_tags.py", line 131, in get_parent
    return self.find_template(parent, context)
           ~~~~~~~~~~~~~~~~~~^^^^^^^^^^^^^^^^^
  File "C:\Users\Alexander\AppData\Roaming\Python\Python313\site-packages\django\template\loader_tags.py", line 109, in find_template
    template, origin = context.template.engine.find_template(
                       ~~~~~~~~~~~~~~~~~~~~~~~~~~~~~~~~~~~~~^
        template_name,
        ^^^^^^^^^^^^^^
        skip=history,
        ^^^^^^^^^^^^^
    )
    ^
  File "C:\Users\Alexander\AppData\Roaming\Python\Python313\site-packages\django\template\engine.py", line 159, in find_template
    template = loader.get_template(name, skip=skip)
  File "C:\Users\Alexander\AppData\Roaming\Python\Python313\site-packages\django\template\loaders\cached.py", line 57, in get_template
    template = super().get_template(template_name, skip)
  File "C:\Users\Alexander\AppData\Roaming\Python\Python313\site-packages\django\template\loaders\base.py", line 28, in get_template
    return Template(
        contents,
    ...<2 lines>...
        self.engine,
    )
  File "C:\Users\Alexander\AppData\Roaming\Python\Python313\site-packages\django\template\base.py", line 154, in __init__
    self.nodelist = self.compile_nodelist()
                    ~~~~~~~~~~~~~~~~~~~~~^^
  File "C:\Users\Alexander\AppData\Roaming\Python\Python313\site-packages\django\template\base.py", line 196, in compile_nodelist
    nodelist = parser.parse()
  File "C:\Users\Alexander\AppData\Roaming\Python\Python313\site-packages\django\template\base.py", line 512, in parse
    self.invalid_block_tag(token, command, parse_until)
    ~~~~~~~~~~~~~~~~~~~~~~^^^^^^^^^^^^^^^^^^^^^^^^^^^^^
  File "C:\Users\Alexander\AppData\Roaming\Python\Python313\site-packages\django\template\base.py", line 577, in invalid_block_tag
    raise self.error(
    ...<3 lines>...
    )
django.template.exceptions.TemplateSyntaxError: Invalid block tag on line 14: 'static'. Did you forget to register or load this tag?
[ERROR] 2025-09-12 16:47:39 "GET / HTTP/1.1" 500 205599
[ERROR] 2025-09-12 16:47:40 Internal Server Error: /
Traceback (most recent call last):
  File "C:\Users\Alexander\AppData\Roaming\Python\Python313\site-packages\django\template\base.py", line 510, in parse
    compile_func = self.tags[command]
                   ~~~~~~~~~^^^^^^^^^
KeyError: 'static'

During handling of the above exception, another exception occurred:

Traceback (most recent call last):
  File "C:\Users\Alexander\AppData\Roaming\Python\Python313\site-packages\django\core\handlers\exception.py", line 55, in inner
    response = get_response(request)
  File "C:\Users\Alexander\AppData\Roaming\Python\Python313\site-packages\django\core\handlers\base.py", line 220, in _get_response
    response = response.render()
  File "C:\Users\Alexander\AppData\Roaming\Python\Python313\site-packages\django\template\response.py", line 114, in render
    self.content = self.rendered_content
                   ^^^^^^^^^^^^^^^^^^^^^
  File "C:\Users\Alexander\AppData\Roaming\Python\Python313\site-packages\django\template\response.py", line 92, in rendered_content
    return template.render(context, self._request)
           ~~~~~~~~~~~~~~~^^^^^^^^^^^^^^^^^^^^^^^^
  File "C:\Users\Alexander\AppData\Roaming\Python\Python313\site-packages\django\template\backends\django.py", line 107, in render
    return self.template.render(context)
           ~~~~~~~~~~~~~~~~~~~~^^^^^^^^^
  File "C:\Users\Alexander\AppData\Roaming\Python\Python313\site-packages\django\template\base.py", line 171, in render
    return self._render(context)
           ~~~~~~~~~~~~^^^^^^^^^
  File "C:\Users\Alexander\AppData\Roaming\Python\Python313\site-packages\django\template\base.py", line 163, in _render
    return self.nodelist.render(context)
           ~~~~~~~~~~~~~~~~~~~~^^^^^^^^^
  File "C:\Users\Alexander\AppData\Roaming\Python\Python313\site-packages\django\template\base.py", line 1016, in render
    return SafeString("".join([node.render_annotated(context) for node in self]))
                               ~~~~~~~~~~~~~~~~~~~~~^^^^^^^^^
  File "C:\Users\Alexander\AppData\Roaming\Python\Python313\site-packages\django\template\base.py", line 977, in render_annotated
    return self.render(context)
           ~~~~~~~~~~~^^^^^^^^^
  File "C:\Users\Alexander\AppData\Roaming\Python\Python313\site-packages\django\template\loader_tags.py", line 134, in render
    compiled_parent = self.get_parent(context)
  File "C:\Users\Alexander\AppData\Roaming\Python\Python313\site-packages\django\template\loader_tags.py", line 131, in get_parent
    return self.find_template(parent, context)
           ~~~~~~~~~~~~~~~~~~^^^^^^^^^^^^^^^^^
  File "C:\Users\Alexander\AppData\Roaming\Python\Python313\site-packages\django\template\loader_tags.py", line 109, in find_template
    template, origin = context.template.engine.find_template(
                       ~~~~~~~~~~~~~~~~~~~~~~~~~~~~~~~~~~~~~^
        template_name,
        ^^^^^^^^^^^^^^
        skip=history,
        ^^^^^^^^^^^^^
    )
    ^
  File "C:\Users\Alexander\AppData\Roaming\Python\Python313\site-packages\django\template\engine.py", line 159, in find_template
    template = loader.get_template(name, skip=skip)
  File "C:\Users\Alexander\AppData\Roaming\Python\Python313\site-packages\django\template\loaders\cached.py", line 57, in get_template
    template = super().get_template(template_name, skip)
  File "C:\Users\Alexander\AppData\Roaming\Python\Python313\site-packages\django\template\loaders\base.py", line 28, in get_template
    return Template(
        contents,
    ...<2 lines>...
        self.engine,
    )
  File "C:\Users\Alexander\AppData\Roaming\Python\Python313\site-packages\django\template\base.py", line 154, in __init__
    self.nodelist = self.compile_nodelist()
                    ~~~~~~~~~~~~~~~~~~~~~^^
  File "C:\Users\Alexander\AppData\Roaming\Python\Python313\site-packages\django\template\base.py", line 196, in compile_nodelist
    nodelist = parser.parse()
  File "C:\Users\Alexander\AppData\Roaming\Python\Python313\site-packages\django\template\base.py", line 512, in parse
    self.invalid_block_tag(token, command, parse_until)
    ~~~~~~~~~~~~~~~~~~~~~~^^^^^^^^^^^^^^^^^^^^^^^^^^^^^
  File "C:\Users\Alexander\AppData\Roaming\Python\Python313\site-packages\django\template\base.py", line 577, in invalid_block_tag
    raise self.error(
    ...<3 lines>...
    )
django.template.exceptions.TemplateSyntaxError: Invalid block tag on line 14: 'static'. Did you forget to register or load this tag?
[ERROR] 2025-09-12 16:47:40 "GET / HTTP/1.1" 500 205599
[ERROR] 2025-09-12 16:47:41 Internal Server Error: /
Traceback (most recent call last):
  File "C:\Users\Alexander\AppData\Roaming\Python\Python313\site-packages\django\template\base.py", line 510, in parse
    compile_func = self.tags[command]
                   ~~~~~~~~~^^^^^^^^^
KeyError: 'static'

During handling of the above exception, another exception occurred:

Traceback (most recent call last):
  File "C:\Users\Alexander\AppData\Roaming\Python\Python313\site-packages\django\core\handlers\exception.py", line 55, in inner
    response = get_response(request)
  File "C:\Users\Alexander\AppData\Roaming\Python\Python313\site-packages\django\core\handlers\base.py", line 220, in _get_response
    response = response.render()
  File "C:\Users\Alexander\AppData\Roaming\Python\Python313\site-packages\django\template\response.py", line 114, in render
    self.content = self.rendered_content
                   ^^^^^^^^^^^^^^^^^^^^^
  File "C:\Users\Alexander\AppData\Roaming\Python\Python313\site-packages\django\template\response.py", line 92, in rendered_content
    return template.render(context, self._request)
           ~~~~~~~~~~~~~~~^^^^^^^^^^^^^^^^^^^^^^^^
  File "C:\Users\Alexander\AppData\Roaming\Python\Python313\site-packages\django\template\backends\django.py", line 107, in render
    return self.template.render(context)
           ~~~~~~~~~~~~~~~~~~~~^^^^^^^^^
  File "C:\Users\Alexander\AppData\Roaming\Python\Python313\site-packages\django\template\base.py", line 171, in render
    return self._render(context)
           ~~~~~~~~~~~~^^^^^^^^^
  File "C:\Users\Alexander\AppData\Roaming\Python\Python313\site-packages\django\template\base.py", line 163, in _render
    return self.nodelist.render(context)
           ~~~~~~~~~~~~~~~~~~~~^^^^^^^^^
  File "C:\Users\Alexander\AppData\Roaming\Python\Python313\site-packages\django\template\base.py", line 1016, in render
    return SafeString("".join([node.render_annotated(context) for node in self]))
                               ~~~~~~~~~~~~~~~~~~~~~^^^^^^^^^
  File "C:\Users\Alexander\AppData\Roaming\Python\Python313\site-packages\django\template\base.py", line 977, in render_annotated
    return self.render(context)
           ~~~~~~~~~~~^^^^^^^^^
  File "C:\Users\Alexander\AppData\Roaming\Python\Python313\site-packages\django\template\loader_tags.py", line 134, in render
    compiled_parent = self.get_parent(context)
  File "C:\Users\Alexander\AppData\Roaming\Python\Python313\site-packages\django\template\loader_tags.py", line 131, in get_parent
    return self.find_template(parent, context)
           ~~~~~~~~~~~~~~~~~~^^^^^^^^^^^^^^^^^
  File "C:\Users\Alexander\AppData\Roaming\Python\Python313\site-packages\django\template\loader_tags.py", line 109, in find_template
    template, origin = context.template.engine.find_template(
                       ~~~~~~~~~~~~~~~~~~~~~~~~~~~~~~~~~~~~~^
        template_name,
        ^^^^^^^^^^^^^^
        skip=history,
        ^^^^^^^^^^^^^
    )
    ^
  File "C:\Users\Alexander\AppData\Roaming\Python\Python313\site-packages\django\template\engine.py", line 159, in find_template
    template = loader.get_template(name, skip=skip)
  File "C:\Users\Alexander\AppData\Roaming\Python\Python313\site-packages\django\template\loaders\cached.py", line 57, in get_template
    template = super().get_template(template_name, skip)
  File "C:\Users\Alexander\AppData\Roaming\Python\Python313\site-packages\django\template\loaders\base.py", line 28, in get_template
    return Template(
        contents,
    ...<2 lines>...
        self.engine,
    )
  File "C:\Users\Alexander\AppData\Roaming\Python\Python313\site-packages\django\template\base.py", line 154, in __init__
    self.nodelist = self.compile_nodelist()
                    ~~~~~~~~~~~~~~~~~~~~~^^
  File "C:\Users\Alexander\AppData\Roaming\Python\Python313\site-packages\django\template\base.py", line 196, in compile_nodelist
    nodelist = parser.parse()
  File "C:\Users\Alexander\AppData\Roaming\Python\Python313\site-packages\django\template\base.py", line 512, in parse
    self.invalid_block_tag(token, command, parse_until)
    ~~~~~~~~~~~~~~~~~~~~~~^^^^^^^^^^^^^^^^^^^^^^^^^^^^^
  File "C:\Users\Alexander\AppData\Roaming\Python\Python313\site-packages\django\template\base.py", line 577, in invalid_block_tag
    raise self.error(
    ...<3 lines>...
    )
django.template.exceptions.TemplateSyntaxError: Invalid block tag on line 14: 'static'. Did you forget to register or load this tag?
[ERROR] 2025-09-12 16:47:41 "GET / HTTP/1.1" 500 205599
[ERROR] 2025-09-12 16:47:41 Internal Server Error: /
Traceback (most recent call last):
  File "C:\Users\Alexander\AppData\Roaming\Python\Python313\site-packages\django\template\base.py", line 510, in parse
    compile_func = self.tags[command]
                   ~~~~~~~~~^^^^^^^^^
KeyError: 'static'

During handling of the above exception, another exception occurred:

Traceback (most recent call last):
  File "C:\Users\Alexander\AppData\Roaming\Python\Python313\site-packages\django\core\handlers\exception.py", line 55, in inner
    response = get_response(request)
  File "C:\Users\Alexander\AppData\Roaming\Python\Python313\site-packages\django\core\handlers\base.py", line 220, in _get_response
    response = response.render()
  File "C:\Users\Alexander\AppData\Roaming\Python\Python313\site-packages\django\template\response.py", line 114, in render
    self.content = self.rendered_content
                   ^^^^^^^^^^^^^^^^^^^^^
  File "C:\Users\Alexander\AppData\Roaming\Python\Python313\site-packages\django\template\response.py", line 92, in rendered_content
    return template.render(context, self._request)
           ~~~~~~~~~~~~~~~^^^^^^^^^^^^^^^^^^^^^^^^
  File "C:\Users\Alexander\AppData\Roaming\Python\Python313\site-packages\django\template\backends\django.py", line 107, in render
    return self.template.render(context)
           ~~~~~~~~~~~~~~~~~~~~^^^^^^^^^
  File "C:\Users\Alexander\AppData\Roaming\Python\Python313\site-packages\django\template\base.py", line 171, in render
    return self._render(context)
           ~~~~~~~~~~~~^^^^^^^^^
  File "C:\Users\Alexander\AppData\Roaming\Python\Python313\site-packages\django\template\base.py", line 163, in _render
    return self.nodelist.render(context)
           ~~~~~~~~~~~~~~~~~~~~^^^^^^^^^
  File "C:\Users\Alexander\AppData\Roaming\Python\Python313\site-packages\django\template\base.py", line 1016, in render
    return SafeString("".join([node.render_annotated(context) for node in self]))
                               ~~~~~~~~~~~~~~~~~~~~~^^^^^^^^^
  File "C:\Users\Alexander\AppData\Roaming\Python\Python313\site-packages\django\template\base.py", line 977, in render_annotated
    return self.render(context)
           ~~~~~~~~~~~^^^^^^^^^
  File "C:\Users\Alexander\AppData\Roaming\Python\Python313\site-packages\django\template\loader_tags.py", line 134, in render
    compiled_parent = self.get_parent(context)
  File "C:\Users\Alexander\AppData\Roaming\Python\Python313\site-packages\django\template\loader_tags.py", line 131, in get_parent
    return self.find_template(parent, context)
           ~~~~~~~~~~~~~~~~~~^^^^^^^^^^^^^^^^^
  File "C:\Users\Alexander\AppData\Roaming\Python\Python313\site-packages\django\template\loader_tags.py", line 109, in find_template
    template, origin = context.template.engine.find_template(
                       ~~~~~~~~~~~~~~~~~~~~~~~~~~~~~~~~~~~~~^
        template_name,
        ^^^^^^^^^^^^^^
        skip=history,
        ^^^^^^^^^^^^^
    )
    ^
  File "C:\Users\Alexander\AppData\Roaming\Python\Python313\site-packages\django\template\engine.py", line 159, in find_template
    template = loader.get_template(name, skip=skip)
  File "C:\Users\Alexander\AppData\Roaming\Python\Python313\site-packages\django\template\loaders\cached.py", line 57, in get_template
    template = super().get_template(template_name, skip)
  File "C:\Users\Alexander\AppData\Roaming\Python\Python313\site-packages\django\template\loaders\base.py", line 28, in get_template
    return Template(
        contents,
    ...<2 lines>...
        self.engine,
    )
  File "C:\Users\Alexander\AppData\Roaming\Python\Python313\site-packages\django\template\base.py", line 154, in __init__
    self.nodelist = self.compile_nodelist()
                    ~~~~~~~~~~~~~~~~~~~~~^^
  File "C:\Users\Alexander\AppData\Roaming\Python\Python313\site-packages\django\template\base.py", line 196, in compile_nodelist
    nodelist = parser.parse()
  File "C:\Users\Alexander\AppData\Roaming\Python\Python313\site-packages\django\template\base.py", line 512, in parse
    self.invalid_block_tag(token, command, parse_until)
    ~~~~~~~~~~~~~~~~~~~~~~^^^^^^^^^^^^^^^^^^^^^^^^^^^^^
  File "C:\Users\Alexander\AppData\Roaming\Python\Python313\site-packages\django\template\base.py", line 577, in invalid_block_tag
    raise self.error(
    ...<3 lines>...
    )
django.template.exceptions.TemplateSyntaxError: Invalid block tag on line 14: 'static'. Did you forget to register or load this tag?
[ERROR] 2025-09-12 16:47:41 "GET / HTTP/1.1" 500 205599
[ERROR] 2025-09-12 16:47:41 Internal Server Error: /
Traceback (most recent call last):
  File "C:\Users\Alexander\AppData\Roaming\Python\Python313\site-packages\django\template\base.py", line 510, in parse
    compile_func = self.tags[command]
                   ~~~~~~~~~^^^^^^^^^
KeyError: 'static'

During handling of the above exception, another exception occurred:

Traceback (most recent call last):
  File "C:\Users\Alexander\AppData\Roaming\Python\Python313\site-packages\django\core\handlers\exception.py", line 55, in inner
    response = get_response(request)
  File "C:\Users\Alexander\AppData\Roaming\Python\Python313\site-packages\django\core\handlers\base.py", line 220, in _get_response
    response = response.render()
  File "C:\Users\Alexander\AppData\Roaming\Python\Python313\site-packages\django\template\response.py", line 114, in render
    self.content = self.rendered_content
                   ^^^^^^^^^^^^^^^^^^^^^
  File "C:\Users\Alexander\AppData\Roaming\Python\Python313\site-packages\django\template\response.py", line 92, in rendered_content
    return template.render(context, self._request)
           ~~~~~~~~~~~~~~~^^^^^^^^^^^^^^^^^^^^^^^^
  File "C:\Users\Alexander\AppData\Roaming\Python\Python313\site-packages\django\template\backends\django.py", line 107, in render
    return self.template.render(context)
           ~~~~~~~~~~~~~~~~~~~~^^^^^^^^^
  File "C:\Users\Alexander\AppData\Roaming\Python\Python313\site-packages\django\template\base.py", line 171, in render
    return self._render(context)
           ~~~~~~~~~~~~^^^^^^^^^
  File "C:\Users\Alexander\AppData\Roaming\Python\Python313\site-packages\django\template\base.py", line 163, in _render
    return self.nodelist.render(context)
           ~~~~~~~~~~~~~~~~~~~~^^^^^^^^^
  File "C:\Users\Alexander\AppData\Roaming\Python\Python313\site-packages\django\template\base.py", line 1016, in render
    return SafeString("".join([node.render_annotated(context) for node in self]))
                               ~~~~~~~~~~~~~~~~~~~~~^^^^^^^^^
  File "C:\Users\Alexander\AppData\Roaming\Python\Python313\site-packages\django\template\base.py", line 977, in render_annotated
    return self.render(context)
           ~~~~~~~~~~~^^^^^^^^^
  File "C:\Users\Alexander\AppData\Roaming\Python\Python313\site-packages\django\template\loader_tags.py", line 134, in render
    compiled_parent = self.get_parent(context)
  File "C:\Users\Alexander\AppData\Roaming\Python\Python313\site-packages\django\template\loader_tags.py", line 131, in get_parent
    return self.find_template(parent, context)
           ~~~~~~~~~~~~~~~~~~^^^^^^^^^^^^^^^^^
  File "C:\Users\Alexander\AppData\Roaming\Python\Python313\site-packages\django\template\loader_tags.py", line 109, in find_template
    template, origin = context.template.engine.find_template(
                       ~~~~~~~~~~~~~~~~~~~~~~~~~~~~~~~~~~~~~^
        template_name,
        ^^^^^^^^^^^^^^
        skip=history,
        ^^^^^^^^^^^^^
    )
    ^
  File "C:\Users\Alexander\AppData\Roaming\Python\Python313\site-packages\django\template\engine.py", line 159, in find_template
    template = loader.get_template(name, skip=skip)
  File "C:\Users\Alexander\AppData\Roaming\Python\Python313\site-packages\django\template\loaders\cached.py", line 57, in get_template
    template = super().get_template(template_name, skip)
  File "C:\Users\Alexander\AppData\Roaming\Python\Python313\site-packages\django\template\loaders\base.py", line 28, in get_template
    return Template(
        contents,
    ...<2 lines>...
        self.engine,
    )
  File "C:\Users\Alexander\AppData\Roaming\Python\Python313\site-packages\django\template\base.py", line 154, in __init__
    self.nodelist = self.compile_nodelist()
                    ~~~~~~~~~~~~~~~~~~~~~^^
  File "C:\Users\Alexander\AppData\Roaming\Python\Python313\site-packages\django\template\base.py", line 196, in compile_nodelist
    nodelist = parser.parse()
  File "C:\Users\Alexander\AppData\Roaming\Python\Python313\site-packages\django\template\base.py", line 512, in parse
    self.invalid_block_tag(token, command, parse_until)
    ~~~~~~~~~~~~~~~~~~~~~~^^^^^^^^^^^^^^^^^^^^^^^^^^^^^
  File "C:\Users\Alexander\AppData\Roaming\Python\Python313\site-packages\django\template\base.py", line 577, in invalid_block_tag
    raise self.error(
    ...<3 lines>...
    )
django.template.exceptions.TemplateSyntaxError: Invalid block tag on line 14: 'static'. Did you forget to register or load this tag?
[ERROR] 2025-09-12 16:47:41 "GET / HTTP/1.1" 500 205599
[ERROR] 2025-09-12 16:47:41 Internal Server Error: /
Traceback (most recent call last):
  File "C:\Users\Alexander\AppData\Roaming\Python\Python313\site-packages\django\template\base.py", line 510, in parse
    compile_func = self.tags[command]
                   ~~~~~~~~~^^^^^^^^^
KeyError: 'static'

During handling of the above exception, another exception occurred:

Traceback (most recent call last):
  File "C:\Users\Alexander\AppData\Roaming\Python\Python313\site-packages\django\core\handlers\exception.py", line 55, in inner
    response = get_response(request)
  File "C:\Users\Alexander\AppData\Roaming\Python\Python313\site-packages\django\core\handlers\base.py", line 220, in _get_response
    response = response.render()
  File "C:\Users\Alexander\AppData\Roaming\Python\Python313\site-packages\django\template\response.py", line 114, in render
    self.content = self.rendered_content
                   ^^^^^^^^^^^^^^^^^^^^^
  File "C:\Users\Alexander\AppData\Roaming\Python\Python313\site-packages\django\template\response.py", line 92, in rendered_content
    return template.render(context, self._request)
           ~~~~~~~~~~~~~~~^^^^^^^^^^^^^^^^^^^^^^^^
  File "C:\Users\Alexander\AppData\Roaming\Python\Python313\site-packages\django\template\backends\django.py", line 107, in render
    return self.template.render(context)
           ~~~~~~~~~~~~~~~~~~~~^^^^^^^^^
  File "C:\Users\Alexander\AppData\Roaming\Python\Python313\site-packages\django\template\base.py", line 171, in render
    return self._render(context)
           ~~~~~~~~~~~~^^^^^^^^^
  File "C:\Users\Alexander\AppData\Roaming\Python\Python313\site-packages\django\template\base.py", line 163, in _render
    return self.nodelist.render(context)
           ~~~~~~~~~~~~~~~~~~~~^^^^^^^^^
  File "C:\Users\Alexander\AppData\Roaming\Python\Python313\site-packages\django\template\base.py", line 1016, in render
    return SafeString("".join([node.render_annotated(context) for node in self]))
                               ~~~~~~~~~~~~~~~~~~~~~^^^^^^^^^
  File "C:\Users\Alexander\AppData\Roaming\Python\Python313\site-packages\django\template\base.py", line 977, in render_annotated
    return self.render(context)
           ~~~~~~~~~~~^^^^^^^^^
  File "C:\Users\Alexander\AppData\Roaming\Python\Python313\site-packages\django\template\loader_tags.py", line 134, in render
    compiled_parent = self.get_parent(context)
  File "C:\Users\Alexander\AppData\Roaming\Python\Python313\site-packages\django\template\loader_tags.py", line 131, in get_parent
    return self.find_template(parent, context)
           ~~~~~~~~~~~~~~~~~~^^^^^^^^^^^^^^^^^
  File "C:\Users\Alexander\AppData\Roaming\Python\Python313\site-packages\django\template\loader_tags.py", line 109, in find_template
    template, origin = context.template.engine.find_template(
                       ~~~~~~~~~~~~~~~~~~~~~~~~~~~~~~~~~~~~~^
        template_name,
        ^^^^^^^^^^^^^^
        skip=history,
        ^^^^^^^^^^^^^
    )
    ^
  File "C:\Users\Alexander\AppData\Roaming\Python\Python313\site-packages\django\template\engine.py", line 159, in find_template
    template = loader.get_template(name, skip=skip)
  File "C:\Users\Alexander\AppData\Roaming\Python\Python313\site-packages\django\template\loaders\cached.py", line 57, in get_template
    template = super().get_template(template_name, skip)
  File "C:\Users\Alexander\AppData\Roaming\Python\Python313\site-packages\django\template\loaders\base.py", line 28, in get_template
    return Template(
        contents,
    ...<2 lines>...
        self.engine,
    )
  File "C:\Users\Alexander\AppData\Roaming\Python\Python313\site-packages\django\template\base.py", line 154, in __init__
    self.nodelist = self.compile_nodelist()
                    ~~~~~~~~~~~~~~~~~~~~~^^
  File "C:\Users\Alexander\AppData\Roaming\Python\Python313\site-packages\django\template\base.py", line 196, in compile_nodelist
    nodelist = parser.parse()
  File "C:\Users\Alexander\AppData\Roaming\Python\Python313\site-packages\django\template\base.py", line 512, in parse
    self.invalid_block_tag(token, command, parse_until)
    ~~~~~~~~~~~~~~~~~~~~~~^^^^^^^^^^^^^^^^^^^^^^^^^^^^^
  File "C:\Users\Alexander\AppData\Roaming\Python\Python313\site-packages\django\template\base.py", line 577, in invalid_block_tag
    raise self.error(
    ...<3 lines>...
    )
django.template.exceptions.TemplateSyntaxError: Invalid block tag on line 14: 'static'. Did you forget to register or load this tag?
[ERROR] 2025-09-12 16:47:41 "GET / HTTP/1.1" 500 205599
[ERROR] 2025-09-12 16:47:42 Internal Server Error: /
Traceback (most recent call last):
  File "C:\Users\Alexander\AppData\Roaming\Python\Python313\site-packages\django\template\base.py", line 510, in parse
    compile_func = self.tags[command]
                   ~~~~~~~~~^^^^^^^^^
KeyError: 'static'

During handling of the above exception, another exception occurred:

Traceback (most recent call last):
  File "C:\Users\Alexander\AppData\Roaming\Python\Python313\site-packages\django\core\handlers\exception.py", line 55, in inner
    response = get_response(request)
  File "C:\Users\Alexander\AppData\Roaming\Python\Python313\site-packages\django\core\handlers\base.py", line 220, in _get_response
    response = response.render()
  File "C:\Users\Alexander\AppData\Roaming\Python\Python313\site-packages\django\template\response.py", line 114, in render
    self.content = self.rendered_content
                   ^^^^^^^^^^^^^^^^^^^^^
  File "C:\Users\Alexander\AppData\Roaming\Python\Python313\site-packages\django\template\response.py", line 92, in rendered_content
    return template.render(context, self._request)
           ~~~~~~~~~~~~~~~^^^^^^^^^^^^^^^^^^^^^^^^
  File "C:\Users\Alexander\AppData\Roaming\Python\Python313\site-packages\django\template\backends\django.py", line 107, in render
    return self.template.render(context)
           ~~~~~~~~~~~~~~~~~~~~^^^^^^^^^
  File "C:\Users\Alexander\AppData\Roaming\Python\Python313\site-packages\django\template\base.py", line 171, in render
    return self._render(context)
           ~~~~~~~~~~~~^^^^^^^^^
  File "C:\Users\Alexander\AppData\Roaming\Python\Python313\site-packages\django\template\base.py", line 163, in _render
    return self.nodelist.render(context)
           ~~~~~~~~~~~~~~~~~~~~^^^^^^^^^
  File "C:\Users\Alexander\AppData\Roaming\Python\Python313\site-packages\django\template\base.py", line 1016, in render
    return SafeString("".join([node.render_annotated(context) for node in self]))
                               ~~~~~~~~~~~~~~~~~~~~~^^^^^^^^^
  File "C:\Users\Alexander\AppData\Roaming\Python\Python313\site-packages\django\template\base.py", line 977, in render_annotated
    return self.render(context)
           ~~~~~~~~~~~^^^^^^^^^
  File "C:\Users\Alexander\AppData\Roaming\Python\Python313\site-packages\django\template\loader_tags.py", line 134, in render
    compiled_parent = self.get_parent(context)
  File "C:\Users\Alexander\AppData\Roaming\Python\Python313\site-packages\django\template\loader_tags.py", line 131, in get_parent
    return self.find_template(parent, context)
           ~~~~~~~~~~~~~~~~~~^^^^^^^^^^^^^^^^^
  File "C:\Users\Alexander\AppData\Roaming\Python\Python313\site-packages\django\template\loader_tags.py", line 109, in find_template
    template, origin = context.template.engine.find_template(
                       ~~~~~~~~~~~~~~~~~~~~~~~~~~~~~~~~~~~~~^
        template_name,
        ^^^^^^^^^^^^^^
        skip=history,
        ^^^^^^^^^^^^^
    )
    ^
  File "C:\Users\Alexander\AppData\Roaming\Python\Python313\site-packages\django\template\engine.py", line 159, in find_template
    template = loader.get_template(name, skip=skip)
  File "C:\Users\Alexander\AppData\Roaming\Python\Python313\site-packages\django\template\loaders\cached.py", line 57, in get_template
    template = super().get_template(template_name, skip)
  File "C:\Users\Alexander\AppData\Roaming\Python\Python313\site-packages\django\template\loaders\base.py", line 28, in get_template
    return Template(
        contents,
    ...<2 lines>...
        self.engine,
    )
  File "C:\Users\Alexander\AppData\Roaming\Python\Python313\site-packages\django\template\base.py", line 154, in __init__
    self.nodelist = self.compile_nodelist()
                    ~~~~~~~~~~~~~~~~~~~~~^^
  File "C:\Users\Alexander\AppData\Roaming\Python\Python313\site-packages\django\template\base.py", line 196, in compile_nodelist
    nodelist = parser.parse()
  File "C:\Users\Alexander\AppData\Roaming\Python\Python313\site-packages\django\template\base.py", line 512, in parse
    self.invalid_block_tag(token, command, parse_until)
    ~~~~~~~~~~~~~~~~~~~~~~^^^^^^^^^^^^^^^^^^^^^^^^^^^^^
  File "C:\Users\Alexander\AppData\Roaming\Python\Python313\site-packages\django\template\base.py", line 577, in invalid_block_tag
    raise self.error(
    ...<3 lines>...
    )
django.template.exceptions.TemplateSyntaxError: Invalid block tag on line 14: 'static'. Did you forget to register or load this tag?
[ERROR] 2025-09-12 16:47:42 "GET / HTTP/1.1" 500 205599
[ERROR] 2025-09-12 16:47:42 Internal Server Error: /
Traceback (most recent call last):
  File "C:\Users\Alexander\AppData\Roaming\Python\Python313\site-packages\django\template\base.py", line 510, in parse
    compile_func = self.tags[command]
                   ~~~~~~~~~^^^^^^^^^
KeyError: 'static'

During handling of the above exception, another exception occurred:

Traceback (most recent call last):
  File "C:\Users\Alexander\AppData\Roaming\Python\Python313\site-packages\django\core\handlers\exception.py", line 55, in inner
    response = get_response(request)
  File "C:\Users\Alexander\AppData\Roaming\Python\Python313\site-packages\django\core\handlers\base.py", line 220, in _get_response
    response = response.render()
  File "C:\Users\Alexander\AppData\Roaming\Python\Python313\site-packages\django\template\response.py", line 114, in render
    self.content = self.rendered_content
                   ^^^^^^^^^^^^^^^^^^^^^
  File "C:\Users\Alexander\AppData\Roaming\Python\Python313\site-packages\django\template\response.py", line 92, in rendered_content
    return template.render(context, self._request)
           ~~~~~~~~~~~~~~~^^^^^^^^^^^^^^^^^^^^^^^^
  File "C:\Users\Alexander\AppData\Roaming\Python\Python313\site-packages\django\template\backends\django.py", line 107, in render
    return self.template.render(context)
           ~~~~~~~~~~~~~~~~~~~~^^^^^^^^^
  File "C:\Users\Alexander\AppData\Roaming\Python\Python313\site-packages\django\template\base.py", line 171, in render
    return self._render(context)
           ~~~~~~~~~~~~^^^^^^^^^
  File "C:\Users\Alexander\AppData\Roaming\Python\Python313\site-packages\django\template\base.py", line 163, in _render
    return self.nodelist.render(context)
           ~~~~~~~~~~~~~~~~~~~~^^^^^^^^^
  File "C:\Users\Alexander\AppData\Roaming\Python\Python313\site-packages\django\template\base.py", line 1016, in render
    return SafeString("".join([node.render_annotated(context) for node in self]))
                               ~~~~~~~~~~~~~~~~~~~~~^^^^^^^^^
  File "C:\Users\Alexander\AppData\Roaming\Python\Python313\site-packages\django\template\base.py", line 977, in render_annotated
    return self.render(context)
           ~~~~~~~~~~~^^^^^^^^^
  File "C:\Users\Alexander\AppData\Roaming\Python\Python313\site-packages\django\template\loader_tags.py", line 134, in render
    compiled_parent = self.get_parent(context)
  File "C:\Users\Alexander\AppData\Roaming\Python\Python313\site-packages\django\template\loader_tags.py", line 131, in get_parent
    return self.find_template(parent, context)
           ~~~~~~~~~~~~~~~~~~^^^^^^^^^^^^^^^^^
  File "C:\Users\Alexander\AppData\Roaming\Python\Python313\site-packages\django\template\loader_tags.py", line 109, in find_template
    template, origin = context.template.engine.find_template(
                       ~~~~~~~~~~~~~~~~~~~~~~~~~~~~~~~~~~~~~^
        template_name,
        ^^^^^^^^^^^^^^
        skip=history,
        ^^^^^^^^^^^^^
    )
    ^
  File "C:\Users\Alexander\AppData\Roaming\Python\Python313\site-packages\django\template\engine.py", line 159, in find_template
    template = loader.get_template(name, skip=skip)
  File "C:\Users\Alexander\AppData\Roaming\Python\Python313\site-packages\django\template\loaders\cached.py", line 57, in get_template
    template = super().get_template(template_name, skip)
  File "C:\Users\Alexander\AppData\Roaming\Python\Python313\site-packages\django\template\loaders\base.py", line 28, in get_template
    return Template(
        contents,
    ...<2 lines>...
        self.engine,
    )
  File "C:\Users\Alexander\AppData\Roaming\Python\Python313\site-packages\django\template\base.py", line 154, in __init__
    self.nodelist = self.compile_nodelist()
                    ~~~~~~~~~~~~~~~~~~~~~^^
  File "C:\Users\Alexander\AppData\Roaming\Python\Python313\site-packages\django\template\base.py", line 196, in compile_nodelist
    nodelist = parser.parse()
  File "C:\Users\Alexander\AppData\Roaming\Python\Python313\site-packages\django\template\base.py", line 512, in parse
    self.invalid_block_tag(token, command, parse_until)
    ~~~~~~~~~~~~~~~~~~~~~~^^^^^^^^^^^^^^^^^^^^^^^^^^^^^
  File "C:\Users\Alexander\AppData\Roaming\Python\Python313\site-packages\django\template\base.py", line 577, in invalid_block_tag
    raise self.error(
    ...<3 lines>...
    )
django.template.exceptions.TemplateSyntaxError: Invalid block tag on line 14: 'static'. Did you forget to register or load this tag?
[ERROR] 2025-09-12 16:47:42 "GET / HTTP/1.1" 500 205599
[ERROR] 2025-09-12 16:47:42 Internal Server Error: /
Traceback (most recent call last):
  File "C:\Users\Alexander\AppData\Roaming\Python\Python313\site-packages\django\template\base.py", line 510, in parse
    compile_func = self.tags[command]
                   ~~~~~~~~~^^^^^^^^^
KeyError: 'static'

During handling of the above exception, another exception occurred:

Traceback (most recent call last):
  File "C:\Users\Alexander\AppData\Roaming\Python\Python313\site-packages\django\core\handlers\exception.py", line 55, in inner
    response = get_response(request)
  File "C:\Users\Alexander\AppData\Roaming\Python\Python313\site-packages\django\core\handlers\base.py", line 220, in _get_response
    response = response.render()
  File "C:\Users\Alexander\AppData\Roaming\Python\Python313\site-packages\django\template\response.py", line 114, in render
    self.content = self.rendered_content
                   ^^^^^^^^^^^^^^^^^^^^^
  File "C:\Users\Alexander\AppData\Roaming\Python\Python313\site-packages\django\template\response.py", line 92, in rendered_content
    return template.render(context, self._request)
           ~~~~~~~~~~~~~~~^^^^^^^^^^^^^^^^^^^^^^^^
  File "C:\Users\Alexander\AppData\Roaming\Python\Python313\site-packages\django\template\backends\django.py", line 107, in render
    return self.template.render(context)
           ~~~~~~~~~~~~~~~~~~~~^^^^^^^^^
  File "C:\Users\Alexander\AppData\Roaming\Python\Python313\site-packages\django\template\base.py", line 171, in render
    return self._render(context)
           ~~~~~~~~~~~~^^^^^^^^^
  File "C:\Users\Alexander\AppData\Roaming\Python\Python313\site-packages\django\template\base.py", line 163, in _render
    return self.nodelist.render(context)
           ~~~~~~~~~~~~~~~~~~~~^^^^^^^^^
  File "C:\Users\Alexander\AppData\Roaming\Python\Python313\site-packages\django\template\base.py", line 1016, in render
    return SafeString("".join([node.render_annotated(context) for node in self]))
                               ~~~~~~~~~~~~~~~~~~~~~^^^^^^^^^
  File "C:\Users\Alexander\AppData\Roaming\Python\Python313\site-packages\django\template\base.py", line 977, in render_annotated
    return self.render(context)
           ~~~~~~~~~~~^^^^^^^^^
  File "C:\Users\Alexander\AppData\Roaming\Python\Python313\site-packages\django\template\loader_tags.py", line 134, in render
    compiled_parent = self.get_parent(context)
  File "C:\Users\Alexander\AppData\Roaming\Python\Python313\site-packages\django\template\loader_tags.py", line 131, in get_parent
    return self.find_template(parent, context)
           ~~~~~~~~~~~~~~~~~~^^^^^^^^^^^^^^^^^
  File "C:\Users\Alexander\AppData\Roaming\Python\Python313\site-packages\django\template\loader_tags.py", line 109, in find_template
    template, origin = context.template.engine.find_template(
                       ~~~~~~~~~~~~~~~~~~~~~~~~~~~~~~~~~~~~~^
        template_name,
        ^^^^^^^^^^^^^^
        skip=history,
        ^^^^^^^^^^^^^
    )
    ^
  File "C:\Users\Alexander\AppData\Roaming\Python\Python313\site-packages\django\template\engine.py", line 159, in find_template
    template = loader.get_template(name, skip=skip)
  File "C:\Users\Alexander\AppData\Roaming\Python\Python313\site-packages\django\template\loaders\cached.py", line 57, in get_template
    template = super().get_template(template_name, skip)
  File "C:\Users\Alexander\AppData\Roaming\Python\Python313\site-packages\django\template\loaders\base.py", line 28, in get_template
    return Template(
        contents,
    ...<2 lines>...
        self.engine,
    )
  File "C:\Users\Alexander\AppData\Roaming\Python\Python313\site-packages\django\template\base.py", line 154, in __init__
    self.nodelist = self.compile_nodelist()
                    ~~~~~~~~~~~~~~~~~~~~~^^
  File "C:\Users\Alexander\AppData\Roaming\Python\Python313\site-packages\django\template\base.py", line 196, in compile_nodelist
    nodelist = parser.parse()
  File "C:\Users\Alexander\AppData\Roaming\Python\Python313\site-packages\django\template\base.py", line 512, in parse
    self.invalid_block_tag(token, command, parse_until)
    ~~~~~~~~~~~~~~~~~~~~~~^^^^^^^^^^^^^^^^^^^^^^^^^^^^^
  File "C:\Users\Alexander\AppData\Roaming\Python\Python313\site-packages\django\template\base.py", line 577, in invalid_block_tag
    raise self.error(
    ...<3 lines>...
    )
django.template.exceptions.TemplateSyntaxError: Invalid block tag on line 14: 'static'. Did you forget to register or load this tag?
[ERROR] 2025-09-12 16:47:42 "GET / HTTP/1.1" 500 205599
[ERROR] 2025-09-12 16:47:42 Internal Server Error: /
Traceback (most recent call last):
  File "C:\Users\Alexander\AppData\Roaming\Python\Python313\site-packages\django\template\base.py", line 510, in parse
    compile_func = self.tags[command]
                   ~~~~~~~~~^^^^^^^^^
KeyError: 'static'

During handling of the above exception, another exception occurred:

Traceback (most recent call last):
  File "C:\Users\Alexander\AppData\Roaming\Python\Python313\site-packages\django\core\handlers\exception.py", line 55, in inner
    response = get_response(request)
  File "C:\Users\Alexander\AppData\Roaming\Python\Python313\site-packages\django\core\handlers\base.py", line 220, in _get_response
    response = response.render()
  File "C:\Users\Alexander\AppData\Roaming\Python\Python313\site-packages\django\template\response.py", line 114, in render
    self.content = self.rendered_content
                   ^^^^^^^^^^^^^^^^^^^^^
  File "C:\Users\Alexander\AppData\Roaming\Python\Python313\site-packages\django\template\response.py", line 92, in rendered_content
    return template.render(context, self._request)
           ~~~~~~~~~~~~~~~^^^^^^^^^^^^^^^^^^^^^^^^
  File "C:\Users\Alexander\AppData\Roaming\Python\Python313\site-packages\django\template\backends\django.py", line 107, in render
    return self.template.render(context)
           ~~~~~~~~~~~~~~~~~~~~^^^^^^^^^
  File "C:\Users\Alexander\AppData\Roaming\Python\Python313\site-packages\django\template\base.py", line 171, in render
    return self._render(context)
           ~~~~~~~~~~~~^^^^^^^^^
  File "C:\Users\Alexander\AppData\Roaming\Python\Python313\site-packages\django\template\base.py", line 163, in _render
    return self.nodelist.render(context)
           ~~~~~~~~~~~~~~~~~~~~^^^^^^^^^
  File "C:\Users\Alexander\AppData\Roaming\Python\Python313\site-packages\django\template\base.py", line 1016, in render
    return SafeString("".join([node.render_annotated(context) for node in self]))
                               ~~~~~~~~~~~~~~~~~~~~~^^^^^^^^^
  File "C:\Users\Alexander\AppData\Roaming\Python\Python313\site-packages\django\template\base.py", line 977, in render_annotated
    return self.render(context)
           ~~~~~~~~~~~^^^^^^^^^
  File "C:\Users\Alexander\AppData\Roaming\Python\Python313\site-packages\django\template\loader_tags.py", line 134, in render
    compiled_parent = self.get_parent(context)
  File "C:\Users\Alexander\AppData\Roaming\Python\Python313\site-packages\django\template\loader_tags.py", line 131, in get_parent
    return self.find_template(parent, context)
           ~~~~~~~~~~~~~~~~~~^^^^^^^^^^^^^^^^^
  File "C:\Users\Alexander\AppData\Roaming\Python\Python313\site-packages\django\template\loader_tags.py", line 109, in find_template
    template, origin = context.template.engine.find_template(
                       ~~~~~~~~~~~~~~~~~~~~~~~~~~~~~~~~~~~~~^
        template_name,
        ^^^^^^^^^^^^^^
        skip=history,
        ^^^^^^^^^^^^^
    )
    ^
  File "C:\Users\Alexander\AppData\Roaming\Python\Python313\site-packages\django\template\engine.py", line 159, in find_template
    template = loader.get_template(name, skip=skip)
  File "C:\Users\Alexander\AppData\Roaming\Python\Python313\site-packages\django\template\loaders\cached.py", line 57, in get_template
    template = super().get_template(template_name, skip)
  File "C:\Users\Alexander\AppData\Roaming\Python\Python313\site-packages\django\template\loaders\base.py", line 28, in get_template
    return Template(
        contents,
    ...<2 lines>...
        self.engine,
    )
  File "C:\Users\Alexander\AppData\Roaming\Python\Python313\site-packages\django\template\base.py", line 154, in __init__
    self.nodelist = self.compile_nodelist()
                    ~~~~~~~~~~~~~~~~~~~~~^^
  File "C:\Users\Alexander\AppData\Roaming\Python\Python313\site-packages\django\template\base.py", line 196, in compile_nodelist
    nodelist = parser.parse()
  File "C:\Users\Alexander\AppData\Roaming\Python\Python313\site-packages\django\template\base.py", line 512, in parse
    self.invalid_block_tag(token, command, parse_until)
    ~~~~~~~~~~~~~~~~~~~~~~^^^^^^^^^^^^^^^^^^^^^^^^^^^^^
  File "C:\Users\Alexander\AppData\Roaming\Python\Python313\site-packages\django\template\base.py", line 577, in invalid_block_tag
    raise self.error(
    ...<3 lines>...
    )
django.template.exceptions.TemplateSyntaxError: Invalid block tag on line 14: 'static'. Did you forget to register or load this tag?
[ERROR] 2025-09-12 16:47:42 "GET / HTTP/1.1" 500 205599
[ERROR] 2025-09-12 16:47:43 Internal Server Error: /
Traceback (most recent call last):
  File "C:\Users\Alexander\AppData\Roaming\Python\Python313\site-packages\django\template\base.py", line 510, in parse
    compile_func = self.tags[command]
                   ~~~~~~~~~^^^^^^^^^
KeyError: 'static'

During handling of the above exception, another exception occurred:

Traceback (most recent call last):
  File "C:\Users\Alexander\AppData\Roaming\Python\Python313\site-packages\django\core\handlers\exception.py", line 55, in inner
    response = get_response(request)
  File "C:\Users\Alexander\AppData\Roaming\Python\Python313\site-packages\django\core\handlers\base.py", line 220, in _get_response
    response = response.render()
  File "C:\Users\Alexander\AppData\Roaming\Python\Python313\site-packages\django\template\response.py", line 114, in render
    self.content = self.rendered_content
                   ^^^^^^^^^^^^^^^^^^^^^
  File "C:\Users\Alexander\AppData\Roaming\Python\Python313\site-packages\django\template\response.py", line 92, in rendered_content
    return template.render(context, self._request)
           ~~~~~~~~~~~~~~~^^^^^^^^^^^^^^^^^^^^^^^^
  File "C:\Users\Alexander\AppData\Roaming\Python\Python313\site-packages\django\template\backends\django.py", line 107, in render
    return self.template.render(context)
           ~~~~~~~~~~~~~~~~~~~~^^^^^^^^^
  File "C:\Users\Alexander\AppData\Roaming\Python\Python313\site-packages\django\template\base.py", line 171, in render
    return self._render(context)
           ~~~~~~~~~~~~^^^^^^^^^
  File "C:\Users\Alexander\AppData\Roaming\Python\Python313\site-packages\django\template\base.py", line 163, in _render
    return self.nodelist.render(context)
           ~~~~~~~~~~~~~~~~~~~~^^^^^^^^^
  File "C:\Users\Alexander\AppData\Roaming\Python\Python313\site-packages\django\template\base.py", line 1016, in render
    return SafeString("".join([node.render_annotated(context) for node in self]))
                               ~~~~~~~~~~~~~~~~~~~~~^^^^^^^^^
  File "C:\Users\Alexander\AppData\Roaming\Python\Python313\site-packages\django\template\base.py", line 977, in render_annotated
    return self.render(context)
           ~~~~~~~~~~~^^^^^^^^^
  File "C:\Users\Alexander\AppData\Roaming\Python\Python313\site-packages\django\template\loader_tags.py", line 134, in render
    compiled_parent = self.get_parent(context)
  File "C:\Users\Alexander\AppData\Roaming\Python\Python313\site-packages\django\template\loader_tags.py", line 131, in get_parent
    return self.find_template(parent, context)
           ~~~~~~~~~~~~~~~~~~^^^^^^^^^^^^^^^^^
  File "C:\Users\Alexander\AppData\Roaming\Python\Python313\site-packages\django\template\loader_tags.py", line 109, in find_template
    template, origin = context.template.engine.find_template(
                       ~~~~~~~~~~~~~~~~~~~~~~~~~~~~~~~~~~~~~^
        template_name,
        ^^^^^^^^^^^^^^
        skip=history,
        ^^^^^^^^^^^^^
    )
    ^
  File "C:\Users\Alexander\AppData\Roaming\Python\Python313\site-packages\django\template\engine.py", line 159, in find_template
    template = loader.get_template(name, skip=skip)
  File "C:\Users\Alexander\AppData\Roaming\Python\Python313\site-packages\django\template\loaders\cached.py", line 57, in get_template
    template = super().get_template(template_name, skip)
  File "C:\Users\Alexander\AppData\Roaming\Python\Python313\site-packages\django\template\loaders\base.py", line 28, in get_template
    return Template(
        contents,
    ...<2 lines>...
        self.engine,
    )
  File "C:\Users\Alexander\AppData\Roaming\Python\Python313\site-packages\django\template\base.py", line 154, in __init__
    self.nodelist = self.compile_nodelist()
                    ~~~~~~~~~~~~~~~~~~~~~^^
  File "C:\Users\Alexander\AppData\Roaming\Python\Python313\site-packages\django\template\base.py", line 196, in compile_nodelist
    nodelist = parser.parse()
  File "C:\Users\Alexander\AppData\Roaming\Python\Python313\site-packages\django\template\base.py", line 512, in parse
    self.invalid_block_tag(token, command, parse_until)
    ~~~~~~~~~~~~~~~~~~~~~~^^^^^^^^^^^^^^^^^^^^^^^^^^^^^
  File "C:\Users\Alexander\AppData\Roaming\Python\Python313\site-packages\django\template\base.py", line 577, in invalid_block_tag
    raise self.error(
    ...<3 lines>...
    )
django.template.exceptions.TemplateSyntaxError: Invalid block tag on line 14: 'static'. Did you forget to register or load this tag?
[ERROR] 2025-09-12 16:47:43 "GET / HTTP/1.1" 500 205599
[ERROR] 2025-09-12 16:47:43 Internal Server Error: /
Traceback (most recent call last):
  File "C:\Users\Alexander\AppData\Roaming\Python\Python313\site-packages\django\template\base.py", line 510, in parse
    compile_func = self.tags[command]
                   ~~~~~~~~~^^^^^^^^^
KeyError: 'static'

During handling of the above exception, another exception occurred:

Traceback (most recent call last):
  File "C:\Users\Alexander\AppData\Roaming\Python\Python313\site-packages\django\core\handlers\exception.py", line 55, in inner
    response = get_response(request)
  File "C:\Users\Alexander\AppData\Roaming\Python\Python313\site-packages\django\core\handlers\base.py", line 220, in _get_response
    response = response.render()
  File "C:\Users\Alexander\AppData\Roaming\Python\Python313\site-packages\django\template\response.py", line 114, in render
    self.content = self.rendered_content
                   ^^^^^^^^^^^^^^^^^^^^^
  File "C:\Users\Alexander\AppData\Roaming\Python\Python313\site-packages\django\template\response.py", line 92, in rendered_content
    return template.render(context, self._request)
           ~~~~~~~~~~~~~~~^^^^^^^^^^^^^^^^^^^^^^^^
  File "C:\Users\Alexander\AppData\Roaming\Python\Python313\site-packages\django\template\backends\django.py", line 107, in render
    return self.template.render(context)
           ~~~~~~~~~~~~~~~~~~~~^^^^^^^^^
  File "C:\Users\Alexander\AppData\Roaming\Python\Python313\site-packages\django\template\base.py", line 171, in render
    return self._render(context)
           ~~~~~~~~~~~~^^^^^^^^^
  File "C:\Users\Alexander\AppData\Roaming\Python\Python313\site-packages\django\template\base.py", line 163, in _render
    return self.nodelist.render(context)
           ~~~~~~~~~~~~~~~~~~~~^^^^^^^^^
  File "C:\Users\Alexander\AppData\Roaming\Python\Python313\site-packages\django\template\base.py", line 1016, in render
    return SafeString("".join([node.render_annotated(context) for node in self]))
                               ~~~~~~~~~~~~~~~~~~~~~^^^^^^^^^
  File "C:\Users\Alexander\AppData\Roaming\Python\Python313\site-packages\django\template\base.py", line 977, in render_annotated
    return self.render(context)
           ~~~~~~~~~~~^^^^^^^^^
  File "C:\Users\Alexander\AppData\Roaming\Python\Python313\site-packages\django\template\loader_tags.py", line 134, in render
    compiled_parent = self.get_parent(context)
  File "C:\Users\Alexander\AppData\Roaming\Python\Python313\site-packages\django\template\loader_tags.py", line 131, in get_parent
    return self.find_template(parent, context)
           ~~~~~~~~~~~~~~~~~~^^^^^^^^^^^^^^^^^
  File "C:\Users\Alexander\AppData\Roaming\Python\Python313\site-packages\django\template\loader_tags.py", line 109, in find_template
    template, origin = context.template.engine.find_template(
                       ~~~~~~~~~~~~~~~~~~~~~~~~~~~~~~~~~~~~~^
        template_name,
        ^^^^^^^^^^^^^^
        skip=history,
        ^^^^^^^^^^^^^
    )
    ^
  File "C:\Users\Alexander\AppData\Roaming\Python\Python313\site-packages\django\template\engine.py", line 159, in find_template
    template = loader.get_template(name, skip=skip)
  File "C:\Users\Alexander\AppData\Roaming\Python\Python313\site-packages\django\template\loaders\cached.py", line 57, in get_template
    template = super().get_template(template_name, skip)
  File "C:\Users\Alexander\AppData\Roaming\Python\Python313\site-packages\django\template\loaders\base.py", line 28, in get_template
    return Template(
        contents,
    ...<2 lines>...
        self.engine,
    )
  File "C:\Users\Alexander\AppData\Roaming\Python\Python313\site-packages\django\template\base.py", line 154, in __init__
    self.nodelist = self.compile_nodelist()
                    ~~~~~~~~~~~~~~~~~~~~~^^
  File "C:\Users\Alexander\AppData\Roaming\Python\Python313\site-packages\django\template\base.py", line 196, in compile_nodelist
    nodelist = parser.parse()
  File "C:\Users\Alexander\AppData\Roaming\Python\Python313\site-packages\django\template\base.py", line 512, in parse
    self.invalid_block_tag(token, command, parse_until)
    ~~~~~~~~~~~~~~~~~~~~~~^^^^^^^^^^^^^^^^^^^^^^^^^^^^^
  File "C:\Users\Alexander\AppData\Roaming\Python\Python313\site-packages\django\template\base.py", line 577, in invalid_block_tag
    raise self.error(
    ...<3 lines>...
    )
django.template.exceptions.TemplateSyntaxError: Invalid block tag on line 14: 'static'. Did you forget to register or load this tag?
[ERROR] 2025-09-12 16:47:43 "GET / HTTP/1.1" 500 205599
[ERROR] 2025-09-12 16:47:43 Internal Server Error: /
Traceback (most recent call last):
  File "C:\Users\Alexander\AppData\Roaming\Python\Python313\site-packages\django\template\base.py", line 510, in parse
    compile_func = self.tags[command]
                   ~~~~~~~~~^^^^^^^^^
KeyError: 'static'

During handling of the above exception, another exception occurred:

Traceback (most recent call last):
  File "C:\Users\Alexander\AppData\Roaming\Python\Python313\site-packages\django\core\handlers\exception.py", line 55, in inner
    response = get_response(request)
  File "C:\Users\Alexander\AppData\Roaming\Python\Python313\site-packages\django\core\handlers\base.py", line 220, in _get_response
    response = response.render()
  File "C:\Users\Alexander\AppData\Roaming\Python\Python313\site-packages\django\template\response.py", line 114, in render
    self.content = self.rendered_content
                   ^^^^^^^^^^^^^^^^^^^^^
  File "C:\Users\Alexander\AppData\Roaming\Python\Python313\site-packages\django\template\response.py", line 92, in rendered_content
    return template.render(context, self._request)
           ~~~~~~~~~~~~~~~^^^^^^^^^^^^^^^^^^^^^^^^
  File "C:\Users\Alexander\AppData\Roaming\Python\Python313\site-packages\django\template\backends\django.py", line 107, in render
    return self.template.render(context)
           ~~~~~~~~~~~~~~~~~~~~^^^^^^^^^
  File "C:\Users\Alexander\AppData\Roaming\Python\Python313\site-packages\django\template\base.py", line 171, in render
    return self._render(context)
           ~~~~~~~~~~~~^^^^^^^^^
  File "C:\Users\Alexander\AppData\Roaming\Python\Python313\site-packages\django\template\base.py", line 163, in _render
    return self.nodelist.render(context)
           ~~~~~~~~~~~~~~~~~~~~^^^^^^^^^
  File "C:\Users\Alexander\AppData\Roaming\Python\Python313\site-packages\django\template\base.py", line 1016, in render
    return SafeString("".join([node.render_annotated(context) for node in self]))
                               ~~~~~~~~~~~~~~~~~~~~~^^^^^^^^^
  File "C:\Users\Alexander\AppData\Roaming\Python\Python313\site-packages\django\template\base.py", line 977, in render_annotated
    return self.render(context)
           ~~~~~~~~~~~^^^^^^^^^
  File "C:\Users\Alexander\AppData\Roaming\Python\Python313\site-packages\django\template\loader_tags.py", line 134, in render
    compiled_parent = self.get_parent(context)
  File "C:\Users\Alexander\AppData\Roaming\Python\Python313\site-packages\django\template\loader_tags.py", line 131, in get_parent
    return self.find_template(parent, context)
           ~~~~~~~~~~~~~~~~~~^^^^^^^^^^^^^^^^^
  File "C:\Users\Alexander\AppData\Roaming\Python\Python313\site-packages\django\template\loader_tags.py", line 109, in find_template
    template, origin = context.template.engine.find_template(
                       ~~~~~~~~~~~~~~~~~~~~~~~~~~~~~~~~~~~~~^
        template_name,
        ^^^^^^^^^^^^^^
        skip=history,
        ^^^^^^^^^^^^^
    )
    ^
  File "C:\Users\Alexander\AppData\Roaming\Python\Python313\site-packages\django\template\engine.py", line 159, in find_template
    template = loader.get_template(name, skip=skip)
  File "C:\Users\Alexander\AppData\Roaming\Python\Python313\site-packages\django\template\loaders\cached.py", line 57, in get_template
    template = super().get_template(template_name, skip)
  File "C:\Users\Alexander\AppData\Roaming\Python\Python313\site-packages\django\template\loaders\base.py", line 28, in get_template
    return Template(
        contents,
    ...<2 lines>...
        self.engine,
    )
  File "C:\Users\Alexander\AppData\Roaming\Python\Python313\site-packages\django\template\base.py", line 154, in __init__
    self.nodelist = self.compile_nodelist()
                    ~~~~~~~~~~~~~~~~~~~~~^^
  File "C:\Users\Alexander\AppData\Roaming\Python\Python313\site-packages\django\template\base.py", line 196, in compile_nodelist
    nodelist = parser.parse()
  File "C:\Users\Alexander\AppData\Roaming\Python\Python313\site-packages\django\template\base.py", line 512, in parse
    self.invalid_block_tag(token, command, parse_until)
    ~~~~~~~~~~~~~~~~~~~~~~^^^^^^^^^^^^^^^^^^^^^^^^^^^^^
  File "C:\Users\Alexander\AppData\Roaming\Python\Python313\site-packages\django\template\base.py", line 577, in invalid_block_tag
    raise self.error(
    ...<3 lines>...
    )
django.template.exceptions.TemplateSyntaxError: Invalid block tag on line 14: 'static'. Did you forget to register or load this tag?
[ERROR] 2025-09-12 16:47:43 "GET / HTTP/1.1" 500 205599
[ERROR] 2025-09-12 16:47:43 Internal Server Error: /
Traceback (most recent call last):
  File "C:\Users\Alexander\AppData\Roaming\Python\Python313\site-packages\django\template\base.py", line 510, in parse
    compile_func = self.tags[command]
                   ~~~~~~~~~^^^^^^^^^
KeyError: 'static'

During handling of the above exception, another exception occurred:

Traceback (most recent call last):
  File "C:\Users\Alexander\AppData\Roaming\Python\Python313\site-packages\django\core\handlers\exception.py", line 55, in inner
    response = get_response(request)
  File "C:\Users\Alexander\AppData\Roaming\Python\Python313\site-packages\django\core\handlers\base.py", line 220, in _get_response
    response = response.render()
  File "C:\Users\Alexander\AppData\Roaming\Python\Python313\site-packages\django\template\response.py", line 114, in render
    self.content = self.rendered_content
                   ^^^^^^^^^^^^^^^^^^^^^
  File "C:\Users\Alexander\AppData\Roaming\Python\Python313\site-packages\django\template\response.py", line 92, in rendered_content
    return template.render(context, self._request)
           ~~~~~~~~~~~~~~~^^^^^^^^^^^^^^^^^^^^^^^^
  File "C:\Users\Alexander\AppData\Roaming\Python\Python313\site-packages\django\template\backends\django.py", line 107, in render
    return self.template.render(context)
           ~~~~~~~~~~~~~~~~~~~~^^^^^^^^^
  File "C:\Users\Alexander\AppData\Roaming\Python\Python313\site-packages\django\template\base.py", line 171, in render
    return self._render(context)
           ~~~~~~~~~~~~^^^^^^^^^
  File "C:\Users\Alexander\AppData\Roaming\Python\Python313\site-packages\django\template\base.py", line 163, in _render
    return self.nodelist.render(context)
           ~~~~~~~~~~~~~~~~~~~~^^^^^^^^^
  File "C:\Users\Alexander\AppData\Roaming\Python\Python313\site-packages\django\template\base.py", line 1016, in render
    return SafeString("".join([node.render_annotated(context) for node in self]))
                               ~~~~~~~~~~~~~~~~~~~~~^^^^^^^^^
  File "C:\Users\Alexander\AppData\Roaming\Python\Python313\site-packages\django\template\base.py", line 977, in render_annotated
    return self.render(context)
           ~~~~~~~~~~~^^^^^^^^^
  File "C:\Users\Alexander\AppData\Roaming\Python\Python313\site-packages\django\template\loader_tags.py", line 134, in render
    compiled_parent = self.get_parent(context)
  File "C:\Users\Alexander\AppData\Roaming\Python\Python313\site-packages\django\template\loader_tags.py", line 131, in get_parent
    return self.find_template(parent, context)
           ~~~~~~~~~~~~~~~~~~^^^^^^^^^^^^^^^^^
  File "C:\Users\Alexander\AppData\Roaming\Python\Python313\site-packages\django\template\loader_tags.py", line 109, in find_template
    template, origin = context.template.engine.find_template(
                       ~~~~~~~~~~~~~~~~~~~~~~~~~~~~~~~~~~~~~^
        template_name,
        ^^^^^^^^^^^^^^
        skip=history,
        ^^^^^^^^^^^^^
    )
    ^
  File "C:\Users\Alexander\AppData\Roaming\Python\Python313\site-packages\django\template\engine.py", line 159, in find_template
    template = loader.get_template(name, skip=skip)
  File "C:\Users\Alexander\AppData\Roaming\Python\Python313\site-packages\django\template\loaders\cached.py", line 57, in get_template
    template = super().get_template(template_name, skip)
  File "C:\Users\Alexander\AppData\Roaming\Python\Python313\site-packages\django\template\loaders\base.py", line 28, in get_template
    return Template(
        contents,
    ...<2 lines>...
        self.engine,
    )
  File "C:\Users\Alexander\AppData\Roaming\Python\Python313\site-packages\django\template\base.py", line 154, in __init__
    self.nodelist = self.compile_nodelist()
                    ~~~~~~~~~~~~~~~~~~~~~^^
  File "C:\Users\Alexander\AppData\Roaming\Python\Python313\site-packages\django\template\base.py", line 196, in compile_nodelist
    nodelist = parser.parse()
  File "C:\Users\Alexander\AppData\Roaming\Python\Python313\site-packages\django\template\base.py", line 512, in parse
    self.invalid_block_tag(token, command, parse_until)
    ~~~~~~~~~~~~~~~~~~~~~~^^^^^^^^^^^^^^^^^^^^^^^^^^^^^
  File "C:\Users\Alexander\AppData\Roaming\Python\Python313\site-packages\django\template\base.py", line 577, in invalid_block_tag
    raise self.error(
    ...<3 lines>...
    )
django.template.exceptions.TemplateSyntaxError: Invalid block tag on line 14: 'static'. Did you forget to register or load this tag?
[ERROR] 2025-09-12 16:47:43 "GET / HTTP/1.1" 500 205599
[ERROR] 2025-09-12 16:47:44 Internal Server Error: /
Traceback (most recent call last):
  File "C:\Users\Alexander\AppData\Roaming\Python\Python313\site-packages\django\template\base.py", line 510, in parse
    compile_func = self.tags[command]
                   ~~~~~~~~~^^^^^^^^^
KeyError: 'static'

During handling of the above exception, another exception occurred:

Traceback (most recent call last):
  File "C:\Users\Alexander\AppData\Roaming\Python\Python313\site-packages\django\core\handlers\exception.py", line 55, in inner
    response = get_response(request)
  File "C:\Users\Alexander\AppData\Roaming\Python\Python313\site-packages\django\core\handlers\base.py", line 220, in _get_response
    response = response.render()
  File "C:\Users\Alexander\AppData\Roaming\Python\Python313\site-packages\django\template\response.py", line 114, in render
    self.content = self.rendered_content
                   ^^^^^^^^^^^^^^^^^^^^^
  File "C:\Users\Alexander\AppData\Roaming\Python\Python313\site-packages\django\template\response.py", line 92, in rendered_content
    return template.render(context, self._request)
           ~~~~~~~~~~~~~~~^^^^^^^^^^^^^^^^^^^^^^^^
  File "C:\Users\Alexander\AppData\Roaming\Python\Python313\site-packages\django\template\backends\django.py", line 107, in render
    return self.template.render(context)
           ~~~~~~~~~~~~~~~~~~~~^^^^^^^^^
  File "C:\Users\Alexander\AppData\Roaming\Python\Python313\site-packages\django\template\base.py", line 171, in render
    return self._render(context)
           ~~~~~~~~~~~~^^^^^^^^^
  File "C:\Users\Alexander\AppData\Roaming\Python\Python313\site-packages\django\template\base.py", line 163, in _render
    return self.nodelist.render(context)
           ~~~~~~~~~~~~~~~~~~~~^^^^^^^^^
  File "C:\Users\Alexander\AppData\Roaming\Python\Python313\site-packages\django\template\base.py", line 1016, in render
    return SafeString("".join([node.render_annotated(context) for node in self]))
                               ~~~~~~~~~~~~~~~~~~~~~^^^^^^^^^
  File "C:\Users\Alexander\AppData\Roaming\Python\Python313\site-packages\django\template\base.py", line 977, in render_annotated
    return self.render(context)
           ~~~~~~~~~~~^^^^^^^^^
  File "C:\Users\Alexander\AppData\Roaming\Python\Python313\site-packages\django\template\loader_tags.py", line 134, in render
    compiled_parent = self.get_parent(context)
  File "C:\Users\Alexander\AppData\Roaming\Python\Python313\site-packages\django\template\loader_tags.py", line 131, in get_parent
    return self.find_template(parent, context)
           ~~~~~~~~~~~~~~~~~~^^^^^^^^^^^^^^^^^
  File "C:\Users\Alexander\AppData\Roaming\Python\Python313\site-packages\django\template\loader_tags.py", line 109, in find_template
    template, origin = context.template.engine.find_template(
                       ~~~~~~~~~~~~~~~~~~~~~~~~~~~~~~~~~~~~~^
        template_name,
        ^^^^^^^^^^^^^^
        skip=history,
        ^^^^^^^^^^^^^
    )
    ^
  File "C:\Users\Alexander\AppData\Roaming\Python\Python313\site-packages\django\template\engine.py", line 159, in find_template
    template = loader.get_template(name, skip=skip)
  File "C:\Users\Alexander\AppData\Roaming\Python\Python313\site-packages\django\template\loaders\cached.py", line 57, in get_template
    template = super().get_template(template_name, skip)
  File "C:\Users\Alexander\AppData\Roaming\Python\Python313\site-packages\django\template\loaders\base.py", line 28, in get_template
    return Template(
        contents,
    ...<2 lines>...
        self.engine,
    )
  File "C:\Users\Alexander\AppData\Roaming\Python\Python313\site-packages\django\template\base.py", line 154, in __init__
    self.nodelist = self.compile_nodelist()
                    ~~~~~~~~~~~~~~~~~~~~~^^
  File "C:\Users\Alexander\AppData\Roaming\Python\Python313\site-packages\django\template\base.py", line 196, in compile_nodelist
    nodelist = parser.parse()
  File "C:\Users\Alexander\AppData\Roaming\Python\Python313\site-packages\django\template\base.py", line 512, in parse
    self.invalid_block_tag(token, command, parse_until)
    ~~~~~~~~~~~~~~~~~~~~~~^^^^^^^^^^^^^^^^^^^^^^^^^^^^^
  File "C:\Users\Alexander\AppData\Roaming\Python\Python313\site-packages\django\template\base.py", line 577, in invalid_block_tag
    raise self.error(
    ...<3 lines>...
    )
django.template.exceptions.TemplateSyntaxError: Invalid block tag on line 14: 'static'. Did you forget to register or load this tag?
[ERROR] 2025-09-12 16:47:44 "GET / HTTP/1.1" 500 205599
[ERROR] 2025-09-12 16:47:44 Internal Server Error: /
Traceback (most recent call last):
  File "C:\Users\Alexander\AppData\Roaming\Python\Python313\site-packages\django\template\base.py", line 510, in parse
    compile_func = self.tags[command]
                   ~~~~~~~~~^^^^^^^^^
KeyError: 'static'

During handling of the above exception, another exception occurred:

Traceback (most recent call last):
  File "C:\Users\Alexander\AppData\Roaming\Python\Python313\site-packages\django\core\handlers\exception.py", line 55, in inner
    response = get_response(request)
  File "C:\Users\Alexander\AppData\Roaming\Python\Python313\site-packages\django\core\handlers\base.py", line 220, in _get_response
    response = response.render()
  File "C:\Users\Alexander\AppData\Roaming\Python\Python313\site-packages\django\template\response.py", line 114, in render
    self.content = self.rendered_content
                   ^^^^^^^^^^^^^^^^^^^^^
  File "C:\Users\Alexander\AppData\Roaming\Python\Python313\site-packages\django\template\response.py", line 92, in rendered_content
    return template.render(context, self._request)
           ~~~~~~~~~~~~~~~^^^^^^^^^^^^^^^^^^^^^^^^
  File "C:\Users\Alexander\AppData\Roaming\Python\Python313\site-packages\django\template\backends\django.py", line 107, in render
    return self.template.render(context)
           ~~~~~~~~~~~~~~~~~~~~^^^^^^^^^
  File "C:\Users\Alexander\AppData\Roaming\Python\Python313\site-packages\django\template\base.py", line 171, in render
    return self._render(context)
           ~~~~~~~~~~~~^^^^^^^^^
  File "C:\Users\Alexander\AppData\Roaming\Python\Python313\site-packages\django\template\base.py", line 163, in _render
    return self.nodelist.render(context)
           ~~~~~~~~~~~~~~~~~~~~^^^^^^^^^
  File "C:\Users\Alexander\AppData\Roaming\Python\Python313\site-packages\django\template\base.py", line 1016, in render
    return SafeString("".join([node.render_annotated(context) for node in self]))
                               ~~~~~~~~~~~~~~~~~~~~~^^^^^^^^^
  File "C:\Users\Alexander\AppData\Roaming\Python\Python313\site-packages\django\template\base.py", line 977, in render_annotated
    return self.render(context)
           ~~~~~~~~~~~^^^^^^^^^
  File "C:\Users\Alexander\AppData\Roaming\Python\Python313\site-packages\django\template\loader_tags.py", line 134, in render
    compiled_parent = self.get_parent(context)
  File "C:\Users\Alexander\AppData\Roaming\Python\Python313\site-packages\django\template\loader_tags.py", line 131, in get_parent
    return self.find_template(parent, context)
           ~~~~~~~~~~~~~~~~~~^^^^^^^^^^^^^^^^^
  File "C:\Users\Alexander\AppData\Roaming\Python\Python313\site-packages\django\template\loader_tags.py", line 109, in find_template
    template, origin = context.template.engine.find_template(
                       ~~~~~~~~~~~~~~~~~~~~~~~~~~~~~~~~~~~~~^
        template_name,
        ^^^^^^^^^^^^^^
        skip=history,
        ^^^^^^^^^^^^^
    )
    ^
  File "C:\Users\Alexander\AppData\Roaming\Python\Python313\site-packages\django\template\engine.py", line 159, in find_template
    template = loader.get_template(name, skip=skip)
  File "C:\Users\Alexander\AppData\Roaming\Python\Python313\site-packages\django\template\loaders\cached.py", line 57, in get_template
    template = super().get_template(template_name, skip)
  File "C:\Users\Alexander\AppData\Roaming\Python\Python313\site-packages\django\template\loaders\base.py", line 28, in get_template
    return Template(
        contents,
    ...<2 lines>...
        self.engine,
    )
  File "C:\Users\Alexander\AppData\Roaming\Python\Python313\site-packages\django\template\base.py", line 154, in __init__
    self.nodelist = self.compile_nodelist()
                    ~~~~~~~~~~~~~~~~~~~~~^^
  File "C:\Users\Alexander\AppData\Roaming\Python\Python313\site-packages\django\template\base.py", line 196, in compile_nodelist
    nodelist = parser.parse()
  File "C:\Users\Alexander\AppData\Roaming\Python\Python313\site-packages\django\template\base.py", line 512, in parse
    self.invalid_block_tag(token, command, parse_until)
    ~~~~~~~~~~~~~~~~~~~~~~^^^^^^^^^^^^^^^^^^^^^^^^^^^^^
  File "C:\Users\Alexander\AppData\Roaming\Python\Python313\site-packages\django\template\base.py", line 577, in invalid_block_tag
    raise self.error(
    ...<3 lines>...
    )
django.template.exceptions.TemplateSyntaxError: Invalid block tag on line 14: 'static'. Did you forget to register or load this tag?
[ERROR] 2025-09-12 16:47:44 "GET / HTTP/1.1" 500 205599
[ERROR] 2025-09-12 16:47:44 Internal Server Error: /
Traceback (most recent call last):
  File "C:\Users\Alexander\AppData\Roaming\Python\Python313\site-packages\django\template\base.py", line 510, in parse
    compile_func = self.tags[command]
                   ~~~~~~~~~^^^^^^^^^
KeyError: 'static'

During handling of the above exception, another exception occurred:

Traceback (most recent call last):
  File "C:\Users\Alexander\AppData\Roaming\Python\Python313\site-packages\django\core\handlers\exception.py", line 55, in inner
    response = get_response(request)
  File "C:\Users\Alexander\AppData\Roaming\Python\Python313\site-packages\django\core\handlers\base.py", line 220, in _get_response
    response = response.render()
  File "C:\Users\Alexander\AppData\Roaming\Python\Python313\site-packages\django\template\response.py", line 114, in render
    self.content = self.rendered_content
                   ^^^^^^^^^^^^^^^^^^^^^
  File "C:\Users\Alexander\AppData\Roaming\Python\Python313\site-packages\django\template\response.py", line 92, in rendered_content
    return template.render(context, self._request)
           ~~~~~~~~~~~~~~~^^^^^^^^^^^^^^^^^^^^^^^^
  File "C:\Users\Alexander\AppData\Roaming\Python\Python313\site-packages\django\template\backends\django.py", line 107, in render
    return self.template.render(context)
           ~~~~~~~~~~~~~~~~~~~~^^^^^^^^^
  File "C:\Users\Alexander\AppData\Roaming\Python\Python313\site-packages\django\template\base.py", line 171, in render
    return self._render(context)
           ~~~~~~~~~~~~^^^^^^^^^
  File "C:\Users\Alexander\AppData\Roaming\Python\Python313\site-packages\django\template\base.py", line 163, in _render
    return self.nodelist.render(context)
           ~~~~~~~~~~~~~~~~~~~~^^^^^^^^^
  File "C:\Users\Alexander\AppData\Roaming\Python\Python313\site-packages\django\template\base.py", line 1016, in render
    return SafeString("".join([node.render_annotated(context) for node in self]))
                               ~~~~~~~~~~~~~~~~~~~~~^^^^^^^^^
  File "C:\Users\Alexander\AppData\Roaming\Python\Python313\site-packages\django\template\base.py", line 977, in render_annotated
    return self.render(context)
           ~~~~~~~~~~~^^^^^^^^^
  File "C:\Users\Alexander\AppData\Roaming\Python\Python313\site-packages\django\template\loader_tags.py", line 134, in render
    compiled_parent = self.get_parent(context)
  File "C:\Users\Alexander\AppData\Roaming\Python\Python313\site-packages\django\template\loader_tags.py", line 131, in get_parent
    return self.find_template(parent, context)
           ~~~~~~~~~~~~~~~~~~^^^^^^^^^^^^^^^^^
  File "C:\Users\Alexander\AppData\Roaming\Python\Python313\site-packages\django\template\loader_tags.py", line 109, in find_template
    template, origin = context.template.engine.find_template(
                       ~~~~~~~~~~~~~~~~~~~~~~~~~~~~~~~~~~~~~^
        template_name,
        ^^^^^^^^^^^^^^
        skip=history,
        ^^^^^^^^^^^^^
    )
    ^
  File "C:\Users\Alexander\AppData\Roaming\Python\Python313\site-packages\django\template\engine.py", line 159, in find_template
    template = loader.get_template(name, skip=skip)
  File "C:\Users\Alexander\AppData\Roaming\Python\Python313\site-packages\django\template\loaders\cached.py", line 57, in get_template
    template = super().get_template(template_name, skip)
  File "C:\Users\Alexander\AppData\Roaming\Python\Python313\site-packages\django\template\loaders\base.py", line 28, in get_template
    return Template(
        contents,
    ...<2 lines>...
        self.engine,
    )
  File "C:\Users\Alexander\AppData\Roaming\Python\Python313\site-packages\django\template\base.py", line 154, in __init__
    self.nodelist = self.compile_nodelist()
                    ~~~~~~~~~~~~~~~~~~~~~^^
  File "C:\Users\Alexander\AppData\Roaming\Python\Python313\site-packages\django\template\base.py", line 196, in compile_nodelist
    nodelist = parser.parse()
  File "C:\Users\Alexander\AppData\Roaming\Python\Python313\site-packages\django\template\base.py", line 512, in parse
    self.invalid_block_tag(token, command, parse_until)
    ~~~~~~~~~~~~~~~~~~~~~~^^^^^^^^^^^^^^^^^^^^^^^^^^^^^
  File "C:\Users\Alexander\AppData\Roaming\Python\Python313\site-packages\django\template\base.py", line 577, in invalid_block_tag
    raise self.error(
    ...<3 lines>...
    )
django.template.exceptions.TemplateSyntaxError: Invalid block tag on line 14: 'static'. Did you forget to register or load this tag?
[ERROR] 2025-09-12 16:47:44 "GET / HTTP/1.1" 500 205599
[ERROR] 2025-09-12 16:47:45 Internal Server Error: /
Traceback (most recent call last):
  File "C:\Users\Alexander\AppData\Roaming\Python\Python313\site-packages\django\template\base.py", line 510, in parse
    compile_func = self.tags[command]
                   ~~~~~~~~~^^^^^^^^^
KeyError: 'static'

During handling of the above exception, another exception occurred:

Traceback (most recent call last):
  File "C:\Users\Alexander\AppData\Roaming\Python\Python313\site-packages\django\core\handlers\exception.py", line 55, in inner
    response = get_response(request)
  File "C:\Users\Alexander\AppData\Roaming\Python\Python313\site-packages\django\core\handlers\base.py", line 220, in _get_response
    response = response.render()
  File "C:\Users\Alexander\AppData\Roaming\Python\Python313\site-packages\django\template\response.py", line 114, in render
    self.content = self.rendered_content
                   ^^^^^^^^^^^^^^^^^^^^^
  File "C:\Users\Alexander\AppData\Roaming\Python\Python313\site-packages\django\template\response.py", line 92, in rendered_content
    return template.render(context, self._request)
           ~~~~~~~~~~~~~~~^^^^^^^^^^^^^^^^^^^^^^^^
  File "C:\Users\Alexander\AppData\Roaming\Python\Python313\site-packages\django\template\backends\django.py", line 107, in render
    return self.template.render(context)
           ~~~~~~~~~~~~~~~~~~~~^^^^^^^^^
  File "C:\Users\Alexander\AppData\Roaming\Python\Python313\site-packages\django\template\base.py", line 171, in render
    return self._render(context)
           ~~~~~~~~~~~~^^^^^^^^^
  File "C:\Users\Alexander\AppData\Roaming\Python\Python313\site-packages\django\template\base.py", line 163, in _render
    return self.nodelist.render(context)
           ~~~~~~~~~~~~~~~~~~~~^^^^^^^^^
  File "C:\Users\Alexander\AppData\Roaming\Python\Python313\site-packages\django\template\base.py", line 1016, in render
    return SafeString("".join([node.render_annotated(context) for node in self]))
                               ~~~~~~~~~~~~~~~~~~~~~^^^^^^^^^
  File "C:\Users\Alexander\AppData\Roaming\Python\Python313\site-packages\django\template\base.py", line 977, in render_annotated
    return self.render(context)
           ~~~~~~~~~~~^^^^^^^^^
  File "C:\Users\Alexander\AppData\Roaming\Python\Python313\site-packages\django\template\loader_tags.py", line 134, in render
    compiled_parent = self.get_parent(context)
  File "C:\Users\Alexander\AppData\Roaming\Python\Python313\site-packages\django\template\loader_tags.py", line 131, in get_parent
    return self.find_template(parent, context)
           ~~~~~~~~~~~~~~~~~~^^^^^^^^^^^^^^^^^
  File "C:\Users\Alexander\AppData\Roaming\Python\Python313\site-packages\django\template\loader_tags.py", line 109, in find_template
    template, origin = context.template.engine.find_template(
                       ~~~~~~~~~~~~~~~~~~~~~~~~~~~~~~~~~~~~~^
        template_name,
        ^^^^^^^^^^^^^^
        skip=history,
        ^^^^^^^^^^^^^
    )
    ^
  File "C:\Users\Alexander\AppData\Roaming\Python\Python313\site-packages\django\template\engine.py", line 159, in find_template
    template = loader.get_template(name, skip=skip)
  File "C:\Users\Alexander\AppData\Roaming\Python\Python313\site-packages\django\template\loaders\cached.py", line 57, in get_template
    template = super().get_template(template_name, skip)
  File "C:\Users\Alexander\AppData\Roaming\Python\Python313\site-packages\django\template\loaders\base.py", line 28, in get_template
    return Template(
        contents,
    ...<2 lines>...
        self.engine,
    )
  File "C:\Users\Alexander\AppData\Roaming\Python\Python313\site-packages\django\template\base.py", line 154, in __init__
    self.nodelist = self.compile_nodelist()
                    ~~~~~~~~~~~~~~~~~~~~~^^
  File "C:\Users\Alexander\AppData\Roaming\Python\Python313\site-packages\django\template\base.py", line 196, in compile_nodelist
    nodelist = parser.parse()
  File "C:\Users\Alexander\AppData\Roaming\Python\Python313\site-packages\django\template\base.py", line 512, in parse
    self.invalid_block_tag(token, command, parse_until)
    ~~~~~~~~~~~~~~~~~~~~~~^^^^^^^^^^^^^^^^^^^^^^^^^^^^^
  File "C:\Users\Alexander\AppData\Roaming\Python\Python313\site-packages\django\template\base.py", line 577, in invalid_block_tag
    raise self.error(
    ...<3 lines>...
    )
django.template.exceptions.TemplateSyntaxError: Invalid block tag on line 14: 'static'. Did you forget to register or load this tag?
[ERROR] 2025-09-12 16:47:45 "GET / HTTP/1.1" 500 205599
[INFO] 2025-09-12 16:49:42 Watching for file changes with StatReloader
[ERROR] 2025-09-12 16:49:47 Internal Server Error: /
Traceback (most recent call last):
  File "C:\Users\Alexander\AppData\Roaming\Python\Python313\site-packages\django\template\base.py", line 510, in parse
    compile_func = self.tags[command]
                   ~~~~~~~~~^^^^^^^^^
KeyError: 'static'

During handling of the above exception, another exception occurred:

Traceback (most recent call last):
  File "C:\Users\Alexander\AppData\Roaming\Python\Python313\site-packages\django\core\handlers\exception.py", line 55, in inner
    response = get_response(request)
  File "C:\Users\Alexander\AppData\Roaming\Python\Python313\site-packages\django\core\handlers\base.py", line 220, in _get_response
    response = response.render()
  File "C:\Users\Alexander\AppData\Roaming\Python\Python313\site-packages\django\template\response.py", line 114, in render
    self.content = self.rendered_content
                   ^^^^^^^^^^^^^^^^^^^^^
  File "C:\Users\Alexander\AppData\Roaming\Python\Python313\site-packages\django\template\response.py", line 92, in rendered_content
    return template.render(context, self._request)
           ~~~~~~~~~~~~~~~^^^^^^^^^^^^^^^^^^^^^^^^
  File "C:\Users\Alexander\AppData\Roaming\Python\Python313\site-packages\django\template\backends\django.py", line 107, in render
    return self.template.render(context)
           ~~~~~~~~~~~~~~~~~~~~^^^^^^^^^
  File "C:\Users\Alexander\AppData\Roaming\Python\Python313\site-packages\django\template\base.py", line 171, in render
    return self._render(context)
           ~~~~~~~~~~~~^^^^^^^^^
  File "C:\Users\Alexander\AppData\Roaming\Python\Python313\site-packages\django\template\base.py", line 163, in _render
    return self.nodelist.render(context)
           ~~~~~~~~~~~~~~~~~~~~^^^^^^^^^
  File "C:\Users\Alexander\AppData\Roaming\Python\Python313\site-packages\django\template\base.py", line 1016, in render
    return SafeString("".join([node.render_annotated(context) for node in self]))
                               ~~~~~~~~~~~~~~~~~~~~~^^^^^^^^^
  File "C:\Users\Alexander\AppData\Roaming\Python\Python313\site-packages\django\template\base.py", line 977, in render_annotated
    return self.render(context)
           ~~~~~~~~~~~^^^^^^^^^
  File "C:\Users\Alexander\AppData\Roaming\Python\Python313\site-packages\django\template\loader_tags.py", line 134, in render
    compiled_parent = self.get_parent(context)
  File "C:\Users\Alexander\AppData\Roaming\Python\Python313\site-packages\django\template\loader_tags.py", line 131, in get_parent
    return self.find_template(parent, context)
           ~~~~~~~~~~~~~~~~~~^^^^^^^^^^^^^^^^^
  File "C:\Users\Alexander\AppData\Roaming\Python\Python313\site-packages\django\template\loader_tags.py", line 109, in find_template
    template, origin = context.template.engine.find_template(
                       ~~~~~~~~~~~~~~~~~~~~~~~~~~~~~~~~~~~~~^
        template_name,
        ^^^^^^^^^^^^^^
        skip=history,
        ^^^^^^^^^^^^^
    )
    ^
  File "C:\Users\Alexander\AppData\Roaming\Python\Python313\site-packages\django\template\engine.py", line 159, in find_template
    template = loader.get_template(name, skip=skip)
  File "C:\Users\Alexander\AppData\Roaming\Python\Python313\site-packages\django\template\loaders\cached.py", line 57, in get_template
    template = super().get_template(template_name, skip)
  File "C:\Users\Alexander\AppData\Roaming\Python\Python313\site-packages\django\template\loaders\base.py", line 28, in get_template
    return Template(
        contents,
    ...<2 lines>...
        self.engine,
    )
  File "C:\Users\Alexander\AppData\Roaming\Python\Python313\site-packages\django\template\base.py", line 154, in __init__
    self.nodelist = self.compile_nodelist()
                    ~~~~~~~~~~~~~~~~~~~~~^^
  File "C:\Users\Alexander\AppData\Roaming\Python\Python313\site-packages\django\template\base.py", line 196, in compile_nodelist
    nodelist = parser.parse()
  File "C:\Users\Alexander\AppData\Roaming\Python\Python313\site-packages\django\template\base.py", line 512, in parse
    self.invalid_block_tag(token, command, parse_until)
    ~~~~~~~~~~~~~~~~~~~~~~^^^^^^^^^^^^^^^^^^^^^^^^^^^^^
  File "C:\Users\Alexander\AppData\Roaming\Python\Python313\site-packages\django\template\base.py", line 577, in invalid_block_tag
    raise self.error(
    ...<3 lines>...
    )
django.template.exceptions.TemplateSyntaxError: Invalid block tag on line 14: 'static'. Did you forget to register or load this tag?
[ERROR] 2025-09-12 16:49:47 "GET / HTTP/1.1" 500 205624
[ERROR] 2025-09-12 16:49:48 Internal Server Error: /
Traceback (most recent call last):
  File "C:\Users\Alexander\AppData\Roaming\Python\Python313\site-packages\django\template\base.py", line 510, in parse
    compile_func = self.tags[command]
                   ~~~~~~~~~^^^^^^^^^
KeyError: 'static'

During handling of the above exception, another exception occurred:

Traceback (most recent call last):
  File "C:\Users\Alexander\AppData\Roaming\Python\Python313\site-packages\django\core\handlers\exception.py", line 55, in inner
    response = get_response(request)
  File "C:\Users\Alexander\AppData\Roaming\Python\Python313\site-packages\django\core\handlers\base.py", line 220, in _get_response
    response = response.render()
  File "C:\Users\Alexander\AppData\Roaming\Python\Python313\site-packages\django\template\response.py", line 114, in render
    self.content = self.rendered_content
                   ^^^^^^^^^^^^^^^^^^^^^
  File "C:\Users\Alexander\AppData\Roaming\Python\Python313\site-packages\django\template\response.py", line 92, in rendered_content
    return template.render(context, self._request)
           ~~~~~~~~~~~~~~~^^^^^^^^^^^^^^^^^^^^^^^^
  File "C:\Users\Alexander\AppData\Roaming\Python\Python313\site-packages\django\template\backends\django.py", line 107, in render
    return self.template.render(context)
           ~~~~~~~~~~~~~~~~~~~~^^^^^^^^^
  File "C:\Users\Alexander\AppData\Roaming\Python\Python313\site-packages\django\template\base.py", line 171, in render
    return self._render(context)
           ~~~~~~~~~~~~^^^^^^^^^
  File "C:\Users\Alexander\AppData\Roaming\Python\Python313\site-packages\django\template\base.py", line 163, in _render
    return self.nodelist.render(context)
           ~~~~~~~~~~~~~~~~~~~~^^^^^^^^^
  File "C:\Users\Alexander\AppData\Roaming\Python\Python313\site-packages\django\template\base.py", line 1016, in render
    return SafeString("".join([node.render_annotated(context) for node in self]))
                               ~~~~~~~~~~~~~~~~~~~~~^^^^^^^^^
  File "C:\Users\Alexander\AppData\Roaming\Python\Python313\site-packages\django\template\base.py", line 977, in render_annotated
    return self.render(context)
           ~~~~~~~~~~~^^^^^^^^^
  File "C:\Users\Alexander\AppData\Roaming\Python\Python313\site-packages\django\template\loader_tags.py", line 134, in render
    compiled_parent = self.get_parent(context)
  File "C:\Users\Alexander\AppData\Roaming\Python\Python313\site-packages\django\template\loader_tags.py", line 131, in get_parent
    return self.find_template(parent, context)
           ~~~~~~~~~~~~~~~~~~^^^^^^^^^^^^^^^^^
  File "C:\Users\Alexander\AppData\Roaming\Python\Python313\site-packages\django\template\loader_tags.py", line 109, in find_template
    template, origin = context.template.engine.find_template(
                       ~~~~~~~~~~~~~~~~~~~~~~~~~~~~~~~~~~~~~^
        template_name,
        ^^^^^^^^^^^^^^
        skip=history,
        ^^^^^^^^^^^^^
    )
    ^
  File "C:\Users\Alexander\AppData\Roaming\Python\Python313\site-packages\django\template\engine.py", line 159, in find_template
    template = loader.get_template(name, skip=skip)
  File "C:\Users\Alexander\AppData\Roaming\Python\Python313\site-packages\django\template\loaders\cached.py", line 57, in get_template
    template = super().get_template(template_name, skip)
  File "C:\Users\Alexander\AppData\Roaming\Python\Python313\site-packages\django\template\loaders\base.py", line 28, in get_template
    return Template(
        contents,
    ...<2 lines>...
        self.engine,
    )
  File "C:\Users\Alexander\AppData\Roaming\Python\Python313\site-packages\django\template\base.py", line 154, in __init__
    self.nodelist = self.compile_nodelist()
                    ~~~~~~~~~~~~~~~~~~~~~^^
  File "C:\Users\Alexander\AppData\Roaming\Python\Python313\site-packages\django\template\base.py", line 196, in compile_nodelist
    nodelist = parser.parse()
  File "C:\Users\Alexander\AppData\Roaming\Python\Python313\site-packages\django\template\base.py", line 512, in parse
    self.invalid_block_tag(token, command, parse_until)
    ~~~~~~~~~~~~~~~~~~~~~~^^^^^^^^^^^^^^^^^^^^^^^^^^^^^
  File "C:\Users\Alexander\AppData\Roaming\Python\Python313\site-packages\django\template\base.py", line 577, in invalid_block_tag
    raise self.error(
    ...<3 lines>...
    )
django.template.exceptions.TemplateSyntaxError: Invalid block tag on line 14: 'static'. Did you forget to register or load this tag?
[ERROR] 2025-09-12 16:49:48 "GET / HTTP/1.1" 500 205624
[ERROR] 2025-09-12 16:49:48 Internal Server Error: /
Traceback (most recent call last):
  File "C:\Users\Alexander\AppData\Roaming\Python\Python313\site-packages\django\template\base.py", line 510, in parse
    compile_func = self.tags[command]
                   ~~~~~~~~~^^^^^^^^^
KeyError: 'static'

During handling of the above exception, another exception occurred:

Traceback (most recent call last):
  File "C:\Users\Alexander\AppData\Roaming\Python\Python313\site-packages\django\core\handlers\exception.py", line 55, in inner
    response = get_response(request)
  File "C:\Users\Alexander\AppData\Roaming\Python\Python313\site-packages\django\core\handlers\base.py", line 220, in _get_response
    response = response.render()
  File "C:\Users\Alexander\AppData\Roaming\Python\Python313\site-packages\django\template\response.py", line 114, in render
    self.content = self.rendered_content
                   ^^^^^^^^^^^^^^^^^^^^^
  File "C:\Users\Alexander\AppData\Roaming\Python\Python313\site-packages\django\template\response.py", line 92, in rendered_content
    return template.render(context, self._request)
           ~~~~~~~~~~~~~~~^^^^^^^^^^^^^^^^^^^^^^^^
  File "C:\Users\Alexander\AppData\Roaming\Python\Python313\site-packages\django\template\backends\django.py", line 107, in render
    return self.template.render(context)
           ~~~~~~~~~~~~~~~~~~~~^^^^^^^^^
  File "C:\Users\Alexander\AppData\Roaming\Python\Python313\site-packages\django\template\base.py", line 171, in render
    return self._render(context)
           ~~~~~~~~~~~~^^^^^^^^^
  File "C:\Users\Alexander\AppData\Roaming\Python\Python313\site-packages\django\template\base.py", line 163, in _render
    return self.nodelist.render(context)
           ~~~~~~~~~~~~~~~~~~~~^^^^^^^^^
  File "C:\Users\Alexander\AppData\Roaming\Python\Python313\site-packages\django\template\base.py", line 1016, in render
    return SafeString("".join([node.render_annotated(context) for node in self]))
                               ~~~~~~~~~~~~~~~~~~~~~^^^^^^^^^
  File "C:\Users\Alexander\AppData\Roaming\Python\Python313\site-packages\django\template\base.py", line 977, in render_annotated
    return self.render(context)
           ~~~~~~~~~~~^^^^^^^^^
  File "C:\Users\Alexander\AppData\Roaming\Python\Python313\site-packages\django\template\loader_tags.py", line 134, in render
    compiled_parent = self.get_parent(context)
  File "C:\Users\Alexander\AppData\Roaming\Python\Python313\site-packages\django\template\loader_tags.py", line 131, in get_parent
    return self.find_template(parent, context)
           ~~~~~~~~~~~~~~~~~~^^^^^^^^^^^^^^^^^
  File "C:\Users\Alexander\AppData\Roaming\Python\Python313\site-packages\django\template\loader_tags.py", line 109, in find_template
    template, origin = context.template.engine.find_template(
                       ~~~~~~~~~~~~~~~~~~~~~~~~~~~~~~~~~~~~~^
        template_name,
        ^^^^^^^^^^^^^^
        skip=history,
        ^^^^^^^^^^^^^
    )
    ^
  File "C:\Users\Alexander\AppData\Roaming\Python\Python313\site-packages\django\template\engine.py", line 159, in find_template
    template = loader.get_template(name, skip=skip)
  File "C:\Users\Alexander\AppData\Roaming\Python\Python313\site-packages\django\template\loaders\cached.py", line 57, in get_template
    template = super().get_template(template_name, skip)
  File "C:\Users\Alexander\AppData\Roaming\Python\Python313\site-packages\django\template\loaders\base.py", line 28, in get_template
    return Template(
        contents,
    ...<2 lines>...
        self.engine,
    )
  File "C:\Users\Alexander\AppData\Roaming\Python\Python313\site-packages\django\template\base.py", line 154, in __init__
    self.nodelist = self.compile_nodelist()
                    ~~~~~~~~~~~~~~~~~~~~~^^
  File "C:\Users\Alexander\AppData\Roaming\Python\Python313\site-packages\django\template\base.py", line 196, in compile_nodelist
    nodelist = parser.parse()
  File "C:\Users\Alexander\AppData\Roaming\Python\Python313\site-packages\django\template\base.py", line 512, in parse
    self.invalid_block_tag(token, command, parse_until)
    ~~~~~~~~~~~~~~~~~~~~~~^^^^^^^^^^^^^^^^^^^^^^^^^^^^^
  File "C:\Users\Alexander\AppData\Roaming\Python\Python313\site-packages\django\template\base.py", line 577, in invalid_block_tag
    raise self.error(
    ...<3 lines>...
    )
django.template.exceptions.TemplateSyntaxError: Invalid block tag on line 14: 'static'. Did you forget to register or load this tag?
[ERROR] 2025-09-12 16:49:48 "GET / HTTP/1.1" 500 205624
[INFO] 2025-09-12 16:51:09 Watching for file changes with StatReloader
[INFO] 2025-09-12 16:51:14 "GET / HTTP/1.1" 200 9469
[WARNING] 2025-09-12 16:51:14 "GET /static/css/style.css HTTP/1.1" 404 1853
[WARNING] 2025-09-12 16:51:14 "GET /static/img/sample-pizza.jpg HTTP/1.1" 404 1874
[WARNING] 2025-09-12 16:51:14 "GET /static/js/main.js HTTP/1.1" 404 1844
[WARNING] 2025-09-12 16:51:14 "GET /static/js/form-validation.js HTTP/1.1" 404 1877
[WARNING] 2025-09-12 16:51:14 "GET /static/img/favicon.png HTTP/1.1" 404 1859
[WARNING] 2025-09-12 16:52:05 "GET /static/docs/menu.pdf HTTP/1.1" 404 1853
[INFO] 2025-09-12 16:52:16 "GET / HTTP/1.1" 200 9469
[WARNING] 2025-09-12 16:52:16 "GET /static/css/style.css HTTP/1.1" 404 1853
[WARNING] 2025-09-12 16:52:16 "GET /static/img/sample-pizza.jpg HTTP/1.1" 404 1874
[WARNING] 2025-09-12 16:52:16 "GET /static/js/main.js HTTP/1.1" 404 1844
[WARNING] 2025-09-12 16:52:16 "GET /static/js/form-validation.js HTTP/1.1" 404 1877
[INFO] 2025-09-12 16:52:17 "GET / HTTP/1.1" 200 9469
[WARNING] 2025-09-12 16:52:17 "GET /static/css/style.css HTTP/1.1" 404 1853
[WARNING] 2025-09-12 16:52:17 "GET /static/img/sample-pizza.jpg HTTP/1.1" 404 1874
[WARNING] 2025-09-12 16:52:17 "GET /static/js/main.js HTTP/1.1" 404 1844
[WARNING] 2025-09-12 16:52:17 "GET /static/js/form-validation.js HTTP/1.1" 404 1877
[INFO] 2025-09-12 16:52:18 "GET /about/ HTTP/1.1" 200 5522
[WARNING] 2025-09-12 16:52:18 "GET /static/img/sample-pizza.jpg HTTP/1.1" 404 1874
[WARNING] 2025-09-12 16:52:18 "GET /static/css/style.css HTTP/1.1" 404 1853
[WARNING] 2025-09-12 16:52:18 "GET /static/js/main.js HTTP/1.1" 404 1844
[WARNING] 2025-09-12 16:52:18 "GET /static/js/form-validation.js HTTP/1.1" 404 1877
[INFO] 2025-09-12 16:52:18 "GET /about/ HTTP/1.1" 200 5522
[WARNING] 2025-09-12 16:52:18 "GET /static/img/sample-pizza.jpg HTTP/1.1" 404 1874
[WARNING] 2025-09-12 16:52:18 "GET /static/css/style.css HTTP/1.1" 404 1853
[WARNING] 2025-09-12 16:52:18 "GET /static/js/form-validation.js HTTP/1.1" 404 1877
[WARNING] 2025-09-12 16:52:18 "GET /static/js/main.js HTTP/1.1" 404 1844
[INFO] 2025-09-12 16:52:19 "GET /about/ HTTP/1.1" 200 5522
[WARNING] 2025-09-12 16:52:19 "GET /static/css/style.css HTTP/1.1" 404 1853
[WARNING] 2025-09-12 16:52:19 "GET /static/img/sample-pizza.jpg HTTP/1.1" 404 1874
[WARNING] 2025-09-12 16:52:19 "GET /static/js/main.js HTTP/1.1" 404 1844
[WARNING] 2025-09-12 16:52:19 "GET /static/js/form-validation.js HTTP/1.1" 404 1877
[INFO] 2025-09-12 16:52:19 "GET / HTTP/1.1" 200 9469
[WARNING] 2025-09-12 16:52:19 "GET /static/css/style.css HTTP/1.1" 404 1853
[WARNING] 2025-09-12 16:52:19 "GET /static/img/sample-pizza.jpg HTTP/1.1" 404 1874
[WARNING] 2025-09-12 16:52:19 "GET /static/js/main.js HTTP/1.1" 404 1844
[WARNING] 2025-09-12 16:52:19 "GET /static/js/form-validation.js HTTP/1.1" 404 1877
[DEBUG] 2025-09-12 16:52:20 Menu filter params: category=None, sauce=None, is_vegan=None, price=None-None
[INFO] 2025-09-12 16:52:20 "GET /menu/ HTTP/1.1" 200 12635
[WARNING] 2025-09-12 16:52:20 "GET /static/css/style.css HTTP/1.1" 404 1853
[WARNING] 2025-09-12 16:52:20 "GET /static/img/sample-pizza.jpg HTTP/1.1" 404 1874
[WARNING] 2025-09-12 16:52:20 "GET /static/js/main.js HTTP/1.1" 404 1844
[WARNING] 2025-09-12 16:52:20 "GET /static/js/form-validation.js HTTP/1.1" 404 1877
[INFO] 2025-09-12 16:52:21 "GET /news/ HTTP/1.1" 200 5762
[WARNING] 2025-09-12 16:52:21 "GET /static/css/style.css HTTP/1.1" 404 1853
[WARNING] 2025-09-12 16:52:21 "GET /static/img/sample-pizza.jpg HTTP/1.1" 404 1874
[WARNING] 2025-09-12 16:52:21 "GET /static/js/main.js HTTP/1.1" 404 1844
[WARNING] 2025-09-12 16:52:21 "GET /static/js/form-validation.js HTTP/1.1" 404 1877
[INFO] 2025-09-12 16:52:21 "GET /contacts/ HTTP/1.1" 200 5395
[WARNING] 2025-09-12 16:52:21 "GET /static/css/style.css HTTP/1.1" 404 1853
[WARNING] 2025-09-12 16:52:21 "GET /static/img/sample-pizza.jpg HTTP/1.1" 404 1874
[WARNING] 2025-09-12 16:52:21 "GET /static/js/main.js HTTP/1.1" 404 1844
[WARNING] 2025-09-12 16:52:21 "GET /static/js/form-validation.js HTTP/1.1" 404 1877
[INFO] 2025-09-12 16:52:22 "GET /jobs/ HTTP/1.1" 200 5725
[WARNING] 2025-09-12 16:52:22 "GET /static/img/sample-pizza.jpg HTTP/1.1" 404 1874
[WARNING] 2025-09-12 16:52:22 "GET /static/css/style.css HTTP/1.1" 404 1853
[WARNING] 2025-09-12 16:52:22 "GET /static/js/main.js HTTP/1.1" 404 1844
[WARNING] 2025-09-12 16:52:22 "GET /static/js/form-validation.js HTTP/1.1" 404 1877
[INFO] 2025-09-12 16:52:22 "GET /reviews/ HTTP/1.1" 200 6078
[WARNING] 2025-09-12 16:52:22 "GET /static/css/style.css HTTP/1.1" 404 1853
[WARNING] 2025-09-12 16:52:22 "GET /static/img/sample-pizza.jpg HTTP/1.1" 404 1874
[WARNING] 2025-09-12 16:52:22 "GET /static/js/main.js HTTP/1.1" 404 1844
[WARNING] 2025-09-12 16:52:22 "GET /static/js/form-validation.js HTTP/1.1" 404 1877
[INFO] 2025-09-12 16:52:23 "GET /promotions/ HTTP/1.1" 200 7247
[WARNING] 2025-09-12 16:52:23 "GET /static/css/style.css HTTP/1.1" 404 1853
[WARNING] 2025-09-12 16:52:23 "GET /static/img/sample-pizza.jpg HTTP/1.1" 404 1874
[WARNING] 2025-09-12 16:52:23 "GET /static/js/main.js HTTP/1.1" 404 1844
[WARNING] 2025-09-12 16:52:23 "GET /static/js/form-validation.js HTTP/1.1" 404 1877
[INFO] 2025-09-12 16:52:23 "GET /cart/ HTTP/1.1" 200 5447
[WARNING] 2025-09-12 16:52:23 "GET /static/css/style.css HTTP/1.1" 404 1853
[WARNING] 2025-09-12 16:52:23 "GET /static/js/form-validation.js HTTP/1.1" 404 1877
[WARNING] 2025-09-12 16:52:23 "GET /static/img/sample-pizza.jpg HTTP/1.1" 404 1874
[WARNING] 2025-09-12 16:52:23 "GET /static/js/main.js HTTP/1.1" 404 1844
[INFO] 2025-09-12 16:52:24 "GET /pizza/create/ HTTP/1.1" 200 13695
[WARNING] 2025-09-12 16:52:24 "GET /static/css/style.css HTTP/1.1" 404 1853
[WARNING] 2025-09-12 16:52:24 "GET /static/js/main.js HTTP/1.1" 404 1844
[WARNING] 2025-09-12 16:52:24 "GET /static/img/sample-pizza.jpg HTTP/1.1" 404 1874
[WARNING] 2025-09-12 16:52:24 "GET /static/js/form-validation.js HTTP/1.1" 404 1877
[INFO] 2025-09-12 16:52:24 "GET /admin/ HTTP/1.1" 200 17808
[INFO] 2025-09-12 16:52:27 "GET /cart/ HTTP/1.1" 200 5447
[WARNING] 2025-09-12 16:52:27 "GET /static/css/style.css HTTP/1.1" 404 1853
[WARNING] 2025-09-12 16:52:27 "GET /static/img/sample-pizza.jpg HTTP/1.1" 404 1874
[WARNING] 2025-09-12 16:52:27 "GET /static/js/main.js HTTP/1.1" 404 1844
[WARNING] 2025-09-12 16:52:27 "GET /static/js/form-validation.js HTTP/1.1" 404 1877
[INFO] 2025-09-12 16:52:27 "GET /cart/ HTTP/1.1" 200 5447
[WARNING] 2025-09-12 16:52:27 "GET /static/js/main.js HTTP/1.1" 404 1844
[WARNING] 2025-09-12 16:52:27 "GET /static/css/style.css HTTP/1.1" 404 1853
[WARNING] 2025-09-12 16:52:27 "GET /static/img/sample-pizza.jpg HTTP/1.1" 404 1874
[WARNING] 2025-09-12 16:52:27 "GET /static/js/form-validation.js HTTP/1.1" 404 1877
[INFO] 2025-09-12 16:52:28 "GET /cart/ HTTP/1.1" 200 5447
[WARNING] 2025-09-12 16:52:28 "GET /static/css/style.css HTTP/1.1" 404 1853
[WARNING] 2025-09-12 16:52:28 "GET /static/img/sample-pizza.jpg HTTP/1.1" 404 1874
[WARNING] 2025-09-12 16:52:28 "GET /static/js/main.js HTTP/1.1" 404 1844
[WARNING] 2025-09-12 16:52:28 "GET /static/js/form-validation.js HTTP/1.1" 404 1877
[INFO] 2025-09-12 16:52:28 "GET /orders/ HTTP/1.1" 200 6789
[WARNING] 2025-09-12 16:52:28 "GET /static/css/style.css HTTP/1.1" 404 1853
[WARNING] 2025-09-12 16:52:28 "GET /static/img/sample-pizza.jpg HTTP/1.1" 404 1874
[WARNING] 2025-09-12 16:52:28 "GET /static/js/main.js HTTP/1.1" 404 1844
[WARNING] 2025-09-12 16:52:28 "GET /static/js/form-validation.js HTTP/1.1" 404 1877
[DEBUG] 2025-09-12 16:52:29 Starting statistics calculation
[INFO] 2025-09-12 16:52:30 "GET /pizza/create/ HTTP/1.1" 200 13695
[WARNING] 2025-09-12 16:52:30 "GET /static/css/style.css HTTP/1.1" 404 1853
[WARNING] 2025-09-12 16:52:30 "GET /static/img/sample-pizza.jpg HTTP/1.1" 404 1874
[WARNING] 2025-09-12 16:52:30 "GET /static/js/main.js HTTP/1.1" 404 1844
[WARNING] 2025-09-12 16:52:30 "GET /static/js/form-validation.js HTTP/1.1" 404 1877
[INFO] 2025-09-12 16:52:30 Statistics viewed by user alexander
[INFO] 2025-09-12 16:52:30 - Broken pipe from ('127.0.0.1', 57988)
[INFO] 2025-09-12 16:52:31 "GET /my-orders/ HTTP/1.1" 200 6163
[WARNING] 2025-09-12 16:52:31 "GET /static/css/style.css HTTP/1.1" 404 1853
[WARNING] 2025-09-12 16:52:31 "GET /static/js/main.js HTTP/1.1" 404 1844
[WARNING] 2025-09-12 16:52:31 "GET /static/img/sample-pizza.jpg HTTP/1.1" 404 1874
[WARNING] 2025-09-12 16:52:31 "GET /static/js/form-validation.js HTTP/1.1" 404 1877
[INFO] 2025-09-12 16:52:32 "GET /order/new/ HTTP/1.1" 200 36260
[WARNING] 2025-09-12 16:52:32 "GET /static/css/style.css HTTP/1.1" 404 1853
[WARNING] 2025-09-12 16:52:32 "GET /static/img/sample-pizza.jpg HTTP/1.1" 404 1874
[WARNING] 2025-09-12 16:52:32 "GET /static/js/form-validation.js HTTP/1.1" 404 1877
[WARNING] 2025-09-12 16:52:32 "GET /static/js/main.js HTTP/1.1" 404 1844
[INFO] 2025-09-12 16:52:36 "GET /promotions/ HTTP/1.1" 200 7247
[WARNING] 2025-09-12 16:52:36 "GET /static/img/sample-pizza.jpg HTTP/1.1" 404 1874
[WARNING] 2025-09-12 16:52:36 "GET /static/css/style.css HTTP/1.1" 404 1853
[WARNING] 2025-09-12 16:52:36 "GET /static/js/main.js HTTP/1.1" 404 1844
[WARNING] 2025-09-12 16:52:36 "GET /static/js/form-validation.js HTTP/1.1" 404 1877
[INFO] 2025-09-12 16:52:37 "GET /cart/ HTTP/1.1" 200 5447
[WARNING] 2025-09-12 16:52:37 "GET /static/css/style.css HTTP/1.1" 404 1853
[WARNING] 2025-09-12 16:52:37 "GET /static/img/sample-pizza.jpg HTTP/1.1" 404 1874
[WARNING] 2025-09-12 16:52:37 "GET /static/js/main.js HTTP/1.1" 404 1844
[WARNING] 2025-09-12 16:52:37 "GET /static/js/form-validation.js HTTP/1.1" 404 1877
[INFO] 2025-09-12 16:52:40 "GET /my-orders/ HTTP/1.1" 200 6163
[WARNING] 2025-09-12 16:52:40 "GET /static/img/sample-pizza.jpg HTTP/1.1" 404 1874
[WARNING] 2025-09-12 16:52:40 "GET /static/css/style.css HTTP/1.1" 404 1853
[WARNING] 2025-09-12 16:52:40 "GET /static/js/main.js HTTP/1.1" 404 1844
[WARNING] 2025-09-12 16:52:40 "GET /static/js/form-validation.js HTTP/1.1" 404 1877
[INFO] 2025-09-12 16:52:41 "GET /reviews/ HTTP/1.1" 200 6078
[WARNING] 2025-09-12 16:52:41 "GET /static/css/style.css HTTP/1.1" 404 1853
[WARNING] 2025-09-12 16:52:41 "GET /static/img/sample-pizza.jpg HTTP/1.1" 404 1874
[WARNING] 2025-09-12 16:52:41 "GET /static/js/main.js HTTP/1.1" 404 1844
[WARNING] 2025-09-12 16:52:41 "GET /static/js/form-validation.js HTTP/1.1" 404 1877
[INFO] 2025-09-12 16:52:44 "GET /contacts/ HTTP/1.1" 200 5395
[WARNING] 2025-09-12 16:52:44 "GET /static/img/sample-pizza.jpg HTTP/1.1" 404 1874
[WARNING] 2025-09-12 16:52:44 "GET /static/css/style.css HTTP/1.1" 404 1853
[WARNING] 2025-09-12 16:52:44 "GET /static/js/main.js HTTP/1.1" 404 1844
[WARNING] 2025-09-12 16:52:44 "GET /static/js/form-validation.js HTTP/1.1" 404 1877
[INFO] 2025-09-12 17:34:51 "GET /admin/ HTTP/1.1" 200 17808
[INFO] 2025-09-12 17:34:52 "GET /admin/auth/group/ HTTP/1.1" 200 15925
[INFO] 2025-09-12 17:34:52 "GET /admin/jsi18n/ HTTP/1.1" 200 3342
[INFO] 2025-09-12 17:34:54 "GET /admin/auth/user/ HTTP/1.1" 200 19498
[INFO] 2025-09-12 17:34:54 "GET /admin/jsi18n/ HTTP/1.1" 200 3342
[INFO] 2025-09-12 17:34:54 "GET /static/admin/img/sorting-icons.svg HTTP/1.1" 200 1097
[INFO] 2025-09-12 17:34:57 "GET /admin/pizza/article/ HTTP/1.1" 200 15955
[INFO] 2025-09-12 17:34:57 "GET /admin/jsi18n/ HTTP/1.1" 200 3342
[INFO] 2025-09-12 17:34:58 "GET /admin/pizza/companyinfo/ HTTP/1.1" 200 15623
[INFO] 2025-09-12 17:34:58 "GET /admin/jsi18n/ HTTP/1.1" 200 3342
[INFO] 2025-09-12 17:35:00 "GET /admin/pizza/article/ HTTP/1.1" 200 15955
[INFO] 2025-09-12 17:35:00 "GET /admin/jsi18n/ HTTP/1.1" 200 3342
[INFO] 2025-09-12 17:35:00 "GET /admin/pizza/companyinfo/ HTTP/1.1" 200 15623
[INFO] 2025-09-12 17:35:00 "GET /admin/jsi18n/ HTTP/1.1" 200 3342
[INFO] 2025-09-12 17:35:01 "GET /admin/pizza/courier/ HTTP/1.1" 200 15590
[INFO] 2025-09-12 17:35:01 "GET /admin/jsi18n/ HTTP/1.1" 200 3342
[INFO] 2025-09-12 17:35:03 "GET /admin/pizza/faq/ HTTP/1.1" 200 15927
[INFO] 2025-09-12 17:35:03 "GET /admin/jsi18n/ HTTP/1.1" 200 3342
[INFO] 2025-09-12 17:35:09 "GET /admin/pizza/promo/ HTTP/1.1" 200 16584
[INFO] 2025-09-12 17:35:09 "GET /admin/jsi18n/ HTTP/1.1" 200 3342
[INFO] 2025-09-12 17:35:26 "GET /admin/auth/group/ HTTP/1.1" 200 15925
[INFO] 2025-09-12 17:35:26 "GET /admin/jsi18n/ HTTP/1.1" 200 3342
[INFO] 2025-09-12 17:35:27 "GET /admin/auth/user/ HTTP/1.1" 200 19498
[INFO] 2025-09-12 17:35:27 "GET /admin/jsi18n/ HTTP/1.1" 200 3342
[INFO] 2025-09-12 17:35:30 "GET /admin/auth/group/ HTTP/1.1" 200 15925
[INFO] 2025-09-12 17:35:30 "GET /admin/jsi18n/ HTTP/1.1" 200 3342
[INFO] 2025-09-12 17:35:31 "GET /admin/auth/group/add/ HTTP/1.1" 200 26122
[INFO] 2025-09-12 17:35:31 "GET /admin/jsi18n/ HTTP/1.1" 200 3342
[INFO] 2025-09-12 17:35:43 "GET /admin/pizza/allergen/ HTTP/1.1" 200 17434
[INFO] 2025-09-12 17:35:43 "GET /admin/jsi18n/ HTTP/1.1" 200 3342
[INFO] 2025-09-12 17:35:46 "GET /admin/pizza/companyinfo/ HTTP/1.1" 200 15623
[INFO] 2025-09-12 17:35:46 "GET /admin/jsi18n/ HTTP/1.1" 200 3342
[INFO] 2025-09-12 17:35:46 "GET /admin/pizza/article/ HTTP/1.1" 200 15955
[INFO] 2025-09-12 17:35:46 "GET /admin/jsi18n/ HTTP/1.1" 200 3342
[INFO] 2025-09-12 17:35:48 "GET /admin/pizza/article/add/ HTTP/1.1" 200 18262
[INFO] 2025-09-12 17:35:48 "GET /admin/jsi18n/ HTTP/1.1" 200 3342
[INFO] 2025-09-12 17:36:18 "POST /admin/pizza/article/add/ HTTP/1.1" 302 0
[INFO] 2025-09-12 17:36:18 "GET /admin/pizza/article/ HTTP/1.1" 200 17876
[INFO] 2025-09-12 17:36:18 "GET /admin/jsi18n/ HTTP/1.1" 200 3342
[INFO] 2025-09-12 17:36:21 "GET / HTTP/1.1" 200 9689
[WARNING] 2025-09-12 17:36:21 "GET /static/css/style.css HTTP/1.1" 404 1853
[WARNING] 2025-09-12 17:36:21 "GET /static/img/sample-pizza.jpg HTTP/1.1" 404 1874
[WARNING] 2025-09-12 17:36:21 "GET /static/js/main.js HTTP/1.1" 404 1844
[WARNING] 2025-09-12 17:36:21 "GET /static/js/form-validation.js HTTP/1.1" 404 1877
[DEBUG] 2025-09-12 17:36:23 Menu filter params: category=None, sauce=None, is_vegan=None, price=None-None
[INFO] 2025-09-12 17:36:23 "GET /menu/ HTTP/1.1" 200 12635
[WARNING] 2025-09-12 17:36:23 "GET /static/css/style.css HTTP/1.1" 404 1853
[WARNING] 2025-09-12 17:36:23 "GET /static/img/sample-pizza.jpg HTTP/1.1" 404 1874
[WARNING] 2025-09-12 17:36:23 "GET /static/js/main.js HTTP/1.1" 404 1844
[WARNING] 2025-09-12 17:36:23 "GET /static/js/form-validation.js HTTP/1.1" 404 1877
[INFO] 2025-09-12 17:36:23 "GET /news/ HTTP/1.1" 200 6146
[WARNING] 2025-09-12 17:36:23 "GET /static/css/style.css HTTP/1.1" 404 1853
[WARNING] 2025-09-12 17:36:23 "GET /static/img/sample-pizza.jpg HTTP/1.1" 404 1874
[INFO] 2025-09-12 17:36:23 "GET /media/articles/4cheese.jfif HTTP/1.1" 200 16241
[WARNING] 2025-09-12 17:36:23 "GET /static/js/main.js HTTP/1.1" 404 1844
[WARNING] 2025-09-12 17:36:23 "GET /static/js/form-validation.js HTTP/1.1" 404 1877
[INFO] 2025-09-12 17:36:44 "GET /admin/pizza/companyinfo/ HTTP/1.1" 200 15623
[INFO] 2025-09-12 17:36:44 "GET /admin/jsi18n/ HTTP/1.1" 200 3342
[INFO] 2025-09-12 17:36:46 "GET /admin/pizza/companyinfo/add/ HTTP/1.1" 200 22376
[INFO] 2025-09-12 17:36:46 "GET /admin/jsi18n/ HTTP/1.1" 200 3342
[INFO] 2025-09-12 17:37:50 "POST /admin/pizza/companyinfo/add/ HTTP/1.1" 200 22901
[INFO] 2025-09-12 17:37:50 "GET /admin/jsi18n/ HTTP/1.1" 200 3342
[INFO] 2025-09-12 17:38:18 "POST /admin/pizza/companyinfo/add/ HTTP/1.1" 200 22994
[INFO] 2025-09-12 17:38:18 "GET /admin/jsi18n/ HTTP/1.1" 200 3342
[INFO] 2025-09-12 17:38:26 "GET /admin/ HTTP/1.1" 200 18172
[INFO] 2025-09-12 17:38:29 "GET /admin/pizza/employee/ HTTP/1.1" 200 15922
[INFO] 2025-09-12 17:38:29 "GET /admin/jsi18n/ HTTP/1.1" 200 3342
[INFO] 2025-09-12 17:38:30 "GET /admin/pizza/employee/add/ HTTP/1.1" 200 22138
[INFO] 2025-09-12 17:38:30 "GET /admin/jsi18n/ HTTP/1.1" 200 3342
[INFO] 2025-09-12 17:38:53 "POST /admin/pizza/employee/add/ HTTP/1.1" 200 22415
[INFO] 2025-09-12 17:38:53 "GET /admin/jsi18n/ HTTP/1.1" 200 3342
[INFO] 2025-09-12 17:39:01 "GET /static/admin/img/calendar-icons.svg HTTP/1.1" 200 2455
[INFO] 2025-09-12 17:39:10 "POST /admin/pizza/employee/add/ HTTP/1.1" 302 0
[INFO] 2025-09-12 17:39:10 "GET /admin/pizza/employee/ HTTP/1.1" 200 18146
[INFO] 2025-09-12 17:39:10 "GET /admin/jsi18n/ HTTP/1.1" 200 3342
[INFO] 2025-09-12 17:39:17 "POST /admin/pizza/companyinfo/add/ HTTP/1.1" 200 23032
[INFO] 2025-09-12 17:39:17 "GET /admin/jsi18n/ HTTP/1.1" 200 3342
[INFO] 2025-09-12 17:39:20 "GET /admin/pizza/employee/add/ HTTP/1.1" 200 22138
[INFO] 2025-09-12 17:39:25 "POST /admin/pizza/companyinfo/add/ HTTP/1.1" 302 0
[INFO] 2025-09-12 17:39:25 "GET /admin/pizza/companyinfo/ HTTP/1.1" 200 17357
[INFO] 2025-09-12 17:39:25 "GET /admin/jsi18n/ HTTP/1.1" 200 3342
[INFO] 2025-09-12 17:39:27 "GET /admin/pizza/employee/ HTTP/1.1" 200 17944
[INFO] 2025-09-12 17:39:27 "GET /admin/ HTTP/1.1" 200 18892
[INFO] 2025-09-12 17:39:29 "GET /about/ HTTP/1.1" 200 6045
[WARNING] 2025-09-12 17:39:29 "GET /static/img/sample-pizza.jpg HTTP/1.1" 404 1874
[WARNING] 2025-09-12 17:39:29 "GET /static/css/style.css HTTP/1.1" 404 1853
[WARNING] 2025-09-12 17:39:29 "GET /static/js/form-validation.js HTTP/1.1" 404 1877
[WARNING] 2025-09-12 17:39:29 "GET /static/js/main.js HTTP/1.1" 404 1844
[INFO] 2025-09-12 17:39:37 "GET /admin/pizza/companyinfo/1/change/ HTTP/1.1" 200 23084
[INFO] 2025-09-12 17:39:37 "GET /admin/jsi18n/ HTTP/1.1" 200 3342
[INFO] 2025-09-12 17:39:45 "POST /admin/pizza/companyinfo/1/change/ HTTP/1.1" 302 0
[INFO] 2025-09-12 17:39:45 "GET /admin/pizza/companyinfo/ HTTP/1.1" 200 17359
[INFO] 2025-09-12 17:39:45 "GET /admin/jsi18n/ HTTP/1.1" 200 3342
[INFO] 2025-09-12 17:39:47 "GET /about/ HTTP/1.1" 200 6158
[WARNING] 2025-09-12 17:39:47 "GET /static/css/style.css HTTP/1.1" 404 1853
[INFO] 2025-09-12 17:39:47 "GET /media/company/logo_ukLt0LM.jpg HTTP/1.1" 200 90727
[WARNING] 2025-09-12 17:39:47 "GET /static/js/main.js HTTP/1.1" 404 1844
[WARNING] 2025-09-12 17:39:47 "GET /static/img/sample-pizza.jpg HTTP/1.1" 404 1874
[WARNING] 2025-09-12 17:39:47 "GET /static/js/form-validation.js HTTP/1.1" 404 1877
[INFO] 2025-09-12 17:40:23 "GET /promotions/ HTTP/1.1" 200 7247
[WARNING] 2025-09-12 17:40:23 "GET /static/css/style.css HTTP/1.1" 404 1853
[WARNING] 2025-09-12 17:40:23 "GET /static/img/sample-pizza.jpg HTTP/1.1" 404 1874
[WARNING] 2025-09-12 17:40:23 "GET /static/js/form-validation.js HTTP/1.1" 404 1877
[WARNING] 2025-09-12 17:40:23 "GET /static/js/main.js HTTP/1.1" 404 1844
[INFO] 2025-09-12 17:40:55 "GET /order/new/ HTTP/1.1" 200 36260
[WARNING] 2025-09-12 17:40:55 "GET /static/img/sample-pizza.jpg HTTP/1.1" 404 1874
[WARNING] 2025-09-12 17:40:55 "GET /static/css/style.css HTTP/1.1" 404 1853
[WARNING] 2025-09-12 17:40:55 "GET /static/js/main.js HTTP/1.1" 404 1844
[WARNING] 2025-09-12 17:40:55 "GET /static/js/form-validation.js HTTP/1.1" 404 1877
[DEBUG] 2025-09-12 17:41:06 Starting order creation process for user alexander
[INFO] 2025-09-12 17:41:07 Order created: 2 by user alexander
[INFO] 2025-09-12 17:41:07 Order 2 completed with total price: 500.00
[INFO] 2025-09-12 17:41:07 "POST /order/new/ HTTP/1.1" 302 0
[INFO] 2025-09-12 17:41:07 "GET /order/complete/ HTTP/1.1" 200 5733
[WARNING] 2025-09-12 17:41:07 "GET /static/js/main.js HTTP/1.1" 404 1844
[WARNING] 2025-09-12 17:41:07 "GET /static/css/style.css HTTP/1.1" 404 1853
[WARNING] 2025-09-12 17:41:07 "GET /static/img/sample-pizza.jpg HTTP/1.1" 404 1874
[WARNING] 2025-09-12 17:41:07 "GET /static/js/form-validation.js HTTP/1.1" 404 1877
[INFO] 2025-09-12 17:41:12 "GET /my-orders/ HTTP/1.1" 200 6649
[WARNING] 2025-09-12 17:41:12 "GET /static/img/sample-pizza.jpg HTTP/1.1" 404 1874
[WARNING] 2025-09-12 17:41:12 "GET /static/js/main.js HTTP/1.1" 404 1844
[WARNING] 2025-09-12 17:41:12 "GET /static/css/style.css HTTP/1.1" 404 1853
[WARNING] 2025-09-12 17:41:12 "GET /static/js/form-validation.js HTTP/1.1" 404 1877
[INFO] 2025-09-12 17:41:13 "GET /my-orders/ HTTP/1.1" 200 6649
[WARNING] 2025-09-12 17:41:13 "GET /static/img/sample-pizza.jpg HTTP/1.1" 404 1874
[WARNING] 2025-09-12 17:41:13 "GET /static/css/style.css HTTP/1.1" 404 1853
[WARNING] 2025-09-12 17:41:13 "GET /static/js/main.js HTTP/1.1" 404 1844
[WARNING] 2025-09-12 17:41:13 "GET /static/js/form-validation.js HTTP/1.1" 404 1877
[INFO] 2025-09-12 17:41:25 "GET /cart/ HTTP/1.1" 200 5447
[WARNING] 2025-09-12 17:41:25 "GET /static/css/style.css HTTP/1.1" 404 1853
[WARNING] 2025-09-12 17:41:25 "GET /static/img/sample-pizza.jpg HTTP/1.1" 404 1874
[WARNING] 2025-09-12 17:41:25 "GET /static/js/main.js HTTP/1.1" 404 1844
[WARNING] 2025-09-12 17:41:25 "GET /static/js/form-validation.js HTTP/1.1" 404 1877
[INFO] 2025-09-12 17:49:24 Watching for file changes with StatReloader
[INFO] 2025-09-12 17:50:51 D:\353504_SVIDINSKY_19\STRWEB\STRWEB_LR1\pizza\migrations\0004_merge_20250904_2110.py changed, reloading.
[INFO] 2025-09-12 17:50:52 Watching for file changes with StatReloader
[INFO] 2025-09-12 17:52:09 Watching for file changes with StatReloader
[INFO] 2025-09-12 17:52:25 "GET / HTTP/1.1" 200 12409
[INFO] 2025-09-12 17:52:25 "GET /media/company/logo_ukLt0LM.jpg HTTP/1.1" 304 0
[WARNING] 2025-09-12 17:52:25 "GET /static/img/sample-pizza.jpg HTTP/1.1" 404 1874
[WARNING] 2025-09-12 17:52:25 "GET /static/css/style.css HTTP/1.1" 404 1853
[WARNING] 2025-09-12 17:52:25 "GET /static/js/main.js HTTP/1.1" 404 1844
[WARNING] 2025-09-12 17:52:25 "GET /static/js/form-validation.js HTTP/1.1" 404 1877
[WARNING] 2025-09-12 17:52:25 "GET /static/media/pizza-song.mp3 HTTP/1.1" 404 1874
[WARNING] 2025-09-12 17:52:25 "GET /static/media/pizza-video.mp4 HTTP/1.1" 404 1877
[WARNING] 2025-09-12 17:53:42 Forbidden (CSRF token missing.): /
[WARNING] 2025-09-12 17:53:42 "POST / HTTP/1.1" 403 2491
[INFO] 2025-09-12 17:53:58 "GET /news/ HTTP/1.1" 200 8704
[WARNING] 2025-09-12 17:53:58 "GET /static/css/style.css HTTP/1.1" 404 1853
[WARNING] 2025-09-12 17:53:58 "GET /static/img/sample-pizza.jpg HTTP/1.1" 404 1874
[INFO] 2025-09-12 17:53:58 "GET /media/articles/4cheese.jfif HTTP/1.1" 304 0
[WARNING] 2025-09-12 17:53:58 "GET /static/js/main.js HTTP/1.1" 404 1844
[WARNING] 2025-09-12 17:53:58 "GET /static/js/form-validation.js HTTP/1.1" 404 1877
[WARNING] 2025-09-12 17:53:58 "GET /static/media/pizza-song.mp3 HTTP/1.1" 404 1874
[WARNING] 2025-09-12 17:53:58 "GET /static/media/pizza-video.mp4 HTTP/1.1" 404 1877
[INFO] 2025-09-12 17:54:21 "GET /cart/ HTTP/1.1" 200 8005
[WARNING] 2025-09-12 17:54:21 "GET /static/img/sample-pizza.jpg HTTP/1.1" 404 1874
[WARNING] 2025-09-12 17:54:21 "GET /static/css/style.css HTTP/1.1" 404 1853
[WARNING] 2025-09-12 17:54:21 "GET /static/js/main.js HTTP/1.1" 404 1844
[WARNING] 2025-09-12 17:54:21 "GET /static/js/form-validation.js HTTP/1.1" 404 1877
[WARNING] 2025-09-12 17:54:21 "GET /static/media/pizza-song.mp3 HTTP/1.1" 404 1874
[WARNING] 2025-09-12 17:54:21 "GET /static/media/pizza-video.mp4 HTTP/1.1" 404 1877
[INFO] 2025-09-12 17:54:26 "GET /reviews/new/ HTTP/1.1" 200 9962
[WARNING] 2025-09-12 17:54:26 "GET /static/css/style.css HTTP/1.1" 404 1853
[WARNING] 2025-09-12 17:54:26 "GET /static/img/sample-pizza.jpg HTTP/1.1" 404 1874
[WARNING] 2025-09-12 17:54:26 "GET /static/js/form-validation.js HTTP/1.1" 404 1877
[WARNING] 2025-09-12 17:54:26 "GET /static/js/main.js HTTP/1.1" 404 1844
[WARNING] 2025-09-12 17:54:26 "GET /static/media/pizza-song.mp3 HTTP/1.1" 404 1874
[WARNING] 2025-09-12 17:54:26 "GET /static/media/pizza-video.mp4 HTTP/1.1" 404 1877
[INFO] 2025-09-12 17:54:27 "GET /my-orders/ HTTP/1.1" 200 9207
[WARNING] 2025-09-12 17:54:27 "GET /static/css/style.css HTTP/1.1" 404 1853
[WARNING] 2025-09-12 17:54:27 "GET /static/img/sample-pizza.jpg HTTP/1.1" 404 1874
[WARNING] 2025-09-12 17:54:27 "GET /static/js/main.js HTTP/1.1" 404 1844
[WARNING] 2025-09-12 17:54:27 "GET /static/js/form-validation.js HTTP/1.1" 404 1877
[WARNING] 2025-09-12 17:54:27 "GET /static/media/pizza-video.mp4 HTTP/1.1" 404 1877
[WARNING] 2025-09-12 17:54:27 "GET /static/media/pizza-song.mp3 HTTP/1.1" 404 1874
[INFO] 2025-09-12 17:54:28 "GET /order/new/ HTTP/1.1" 200 38818
[WARNING] 2025-09-12 17:54:28 "GET /static/css/style.css HTTP/1.1" 404 1853
[WARNING] 2025-09-12 17:54:28 "GET /static/img/sample-pizza.jpg HTTP/1.1" 404 1874
[WARNING] 2025-09-12 17:54:28 "GET /static/js/form-validation.js HTTP/1.1" 404 1877
[WARNING] 2025-09-12 17:54:28 "GET /static/js/main.js HTTP/1.1" 404 1844
[WARNING] 2025-09-12 17:54:28 "GET /static/media/pizza-video.mp4 HTTP/1.1" 404 1877
[WARNING] 2025-09-12 17:54:28 "GET /static/media/pizza-song.mp3 HTTP/1.1" 404 1874
[INFO] 2025-09-12 17:54:35 "GET /cart/ HTTP/1.1" 200 8005
[WARNING] 2025-09-12 17:54:35 "GET /static/css/style.css HTTP/1.1" 404 1853
[WARNING] 2025-09-12 17:54:35 "GET /static/img/sample-pizza.jpg HTTP/1.1" 404 1874
[WARNING] 2025-09-12 17:54:35 "GET /static/js/form-validation.js HTTP/1.1" 404 1877
[WARNING] 2025-09-12 17:54:35 "GET /static/js/main.js HTTP/1.1" 404 1844
[WARNING] 2025-09-12 17:54:35 "GET /static/media/pizza-song.mp3 HTTP/1.1" 404 1874
[WARNING] 2025-09-12 17:54:35 "GET /static/media/pizza-video.mp4 HTTP/1.1" 404 1877
[INFO] 2025-09-12 17:54:38 "GET / HTTP/1.1" 200 12409
[WARNING] 2025-09-12 17:54:38 "GET /static/css/style.css HTTP/1.1" 404 1853
[WARNING] 2025-09-12 17:54:38 "GET /static/img/sample-pizza.jpg HTTP/1.1" 404 1874
[INFO] 2025-09-12 17:54:38 "GET /media/company/logo_ukLt0LM.jpg HTTP/1.1" 304 0
[WARNING] 2025-09-12 17:54:38 "GET /static/media/pizza-song.mp3 HTTP/1.1" 404 1874
[WARNING] 2025-09-12 17:54:38 "GET /static/js/form-validation.js HTTP/1.1" 404 1877
[WARNING] 2025-09-12 17:54:38 "GET /static/js/main.js HTTP/1.1" 404 1844
[WARNING] 2025-09-12 17:54:38 "GET /static/media/pizza-video.mp4 HTTP/1.1" 404 1877
[INFO] 2025-09-12 17:54:41 "GET /product/5/ HTTP/1.1" 200 8285
[WARNING] 2025-09-12 17:54:41 "GET /static/css/style.css HTTP/1.1" 404 1853
[WARNING] 2025-09-12 17:54:41 "GET /static/img/sample-pizza.jpg HTTP/1.1" 404 1874
[WARNING] 2025-09-12 17:54:41 "GET /static/js/main.js HTTP/1.1" 404 1844
[WARNING] 2025-09-12 17:54:41 "GET /static/js/form-validation.js HTTP/1.1" 404 1877
[WARNING] 2025-09-12 17:54:41 "GET /static/media/pizza-song.mp3 HTTP/1.1" 404 1874
[WARNING] 2025-09-12 17:54:41 "GET /static/media/pizza-video.mp4 HTTP/1.1" 404 1877
[INFO] 2025-09-12 17:54:45 "POST /cart/add/5/ HTTP/1.1" 302 0
[INFO] 2025-09-12 17:54:45 "GET /cart/ HTTP/1.1" 200 9275
[WARNING] 2025-09-12 17:54:45 "GET /static/css/style.css HTTP/1.1" 404 1853
[WARNING] 2025-09-12 17:54:45 "GET /static/js/main.js HTTP/1.1" 404 1844
[WARNING] 2025-09-12 17:54:45 "GET /static/img/sample-pizza.jpg HTTP/1.1" 404 1874
[WARNING] 2025-09-12 17:54:45 "GET /static/js/form-validation.js HTTP/1.1" 404 1877
[WARNING] 2025-09-12 17:54:45 "GET /static/media/pizza-song.mp3 HTTP/1.1" 404 1874
[WARNING] 2025-09-12 17:54:45 "GET /static/media/pizza-video.mp4 HTTP/1.1" 404 1877
[INFO] 2025-09-12 17:54:48 "GET /cart/ HTTP/1.1" 200 9275
[WARNING] 2025-09-12 17:54:48 "GET /static/css/style.css HTTP/1.1" 404 1853
[WARNING] 2025-09-12 17:54:48 "GET /static/js/main.js HTTP/1.1" 404 1844
[WARNING] 2025-09-12 17:54:48 "GET /static/img/sample-pizza.jpg HTTP/1.1" 404 1874
[WARNING] 2025-09-12 17:54:48 "GET /static/js/form-validation.js HTTP/1.1" 404 1877
[WARNING] 2025-09-12 17:54:48 "GET /static/media/pizza-video.mp4 HTTP/1.1" 404 1877
[WARNING] 2025-09-12 17:54:48 "GET /static/media/pizza-song.mp3 HTTP/1.1" 404 1874
